error_id,timestamp,session_id,parent_session_id,request_key,agent,role,model,gauntlet_objective_id,layer,http_status,error_type,sanitized_message,retry_number,harness_turn_outcome,source_reference
b279859b7d75d00a2ad4,2026-08-14T01:22:21.946Z,019ffddb-9859-7833-b05f-476bad51ba1d,019ffdda-1b40-7b90-91ae-cc7f3ad623b0,,builder-qwen,builder,qwen3.6,BOOTSTRAP-01,tool/harness,,tool_failure,search_replace outcome=error,,,~/.grok/sessions/<encoded-cwd>/019ffddb-9859-7833-b05f-476bad51ba1d/events.jsonl
214e7e5435388f460c94,2026-08-14T01:22:56.970Z,019ffddb-9859-7833-b05f-476bad51ba1d,019ffdda-1b40-7b90-91ae-cc7f3ad623b0,,builder-qwen,builder,qwen3.6,BOOTSTRAP-01,tool/harness,,tool_failure,run_terminal_command outcome=error,,,~/.grok/sessions/<encoded-cwd>/019ffddb-9859-7833-b05f-476bad51ba1d/events.jsonl
3cce3ca6cdf6e0d1f57c,2026-08-14T01:23:07.459Z,019ffddb-9859-7833-b05f-476bad51ba1d,019ffdda-1b40-7b90-91ae-cc7f3ad623b0,,builder-qwen,builder,qwen3.6,BOOTSTRAP-01,tool/harness,,tool_failure,run_terminal_command outcome=error,,,~/.grok/sessions/<encoded-cwd>/019ffddb-9859-7833-b05f-476bad51ba1d/events.jsonl
36c4ab11ef273b019722,2026-08-14T01:23:16.815Z,019ffddb-9859-7833-b05f-476bad51ba1d,019ffdda-1b40-7b90-91ae-cc7f3ad623b0,,builder-qwen,builder,qwen3.6,BOOTSTRAP-01,tool/harness,,tool_failure,run_terminal_command outcome=error,,,~/.grok/sessions/<encoded-cwd>/019ffddb-9859-7833-b05f-476bad51ba1d/events.jsonl
ae33634f62db2fe1e5c2,2026-08-14T01:23:34.916Z,019ffddb-9859-7833-b05f-476bad51ba1d,019ffdda-1b40-7b90-91ae-cc7f3ad623b0,,builder-qwen,builder,qwen3.6,BOOTSTRAP-01,tool/harness,,tool_failure,run_terminal_command outcome=error,,,~/.grok/sessions/<encoded-cwd>/019ffddb-9859-7833-b05f-476bad51ba1d/events.jsonl
f82dfb14992212f02829,2026-08-14T01:23:42.164Z,019ffddb-9859-7833-b05f-476bad51ba1d,019ffdda-1b40-7b90-91ae-cc7f3ad623b0,,builder-qwen,builder,qwen3.6,BOOTSTRAP-01,tool/harness,,tool_failure,run_terminal_command outcome=error,,,~/.grok/sessions/<encoded-cwd>/019ffddb-9859-7833-b05f-476bad51ba1d/events.jsonl
1614215278d535725b38,2026-08-14T01:25:31.777Z,019ffddb-9859-7833-b05f-476bad51ba1d,019ffdda-1b40-7b90-91ae-cc7f3ad623b0,,builder-qwen,builder,qwen3.6,BOOTSTRAP-01,tool/harness,,tool_failure,search_replace outcome=error,,,~/.grok/sessions/<encoded-cwd>/019ffddb-9859-7833-b05f-476bad51ba1d/events.jsonl
d6c07fd40218ae35ef39,2026-08-14T01:35:43.251Z,019ffdda-1b40-7b90-91ae-cc7f3ad623b0,,,grok-build-plan,parent/orchestrator,deepseek-v4-flash-0731,BOOTSTRAP-01,tool/harness,,tool_failure,read_file outcome=error,,,~/.grok/sessions/<encoded-cwd>/019ffdda-1b40-7b90-91ae-cc7f3ad623b0/events.jsonl
a8e8289f363c174c61d2,2026-08-14T01:36:02.047Z,019ffdda-1b40-7b90-91ae-cc7f3ad623b0,,,grok-build-plan,parent/orchestrator,deepseek-v4-flash-0731,BOOTSTRAP-01,tool/harness,,tool_failure,list_dir outcome=error,,,~/.grok/sessions/<encoded-cwd>/019ffdda-1b40-7b90-91ae-cc7f3ad623b0/events.jsonl
3122de91fec5729b2960,2026-08-14T01:42:22.274Z,019ffdeb-0707-73d3-be0e-33d1db61449f,019ffdda-1b40-7b90-91ae-cc7f3ad623b0,,builder-qwen,builder,qwen3.6,BOOTSTRAP-02,tool/harness,,tool_failure,run_terminal_command outcome=error,,,~/.grok/sessions/<encoded-cwd>/019ffdeb-0707-73d3-be0e-33d1db61449f/events.jsonl
428f3f254b3dbbd29d31,2026-08-14T01:43:32.691Z,019ffdeb-0707-73d3-be0e-33d1db61449f,019ffdda-1b40-7b90-91ae-cc7f3ad623b0,,builder-qwen,builder,qwen3.6,BOOTSTRAP-02,tool/harness,,tool_failure,run_terminal_command outcome=error,,,~/.grok/sessions/<encoded-cwd>/019ffdeb-0707-73d3-be0e-33d1db61449f/events.jsonl
438a489c92e28b5ab470,2026-08-14T01:43:36.677Z,019ffdeb-0707-73d3-be0e-33d1db61449f,019ffdda-1b40-7b90-91ae-cc7f3ad623b0,,builder-qwen,builder,qwen3.6,BOOTSTRAP-02,tool/harness,,tool_failure,search_replace outcome=error,,,~/.grok/sessions/<encoded-cwd>/019ffdeb-0707-73d3-be0e-33d1db61449f/events.jsonl
55338599fa201445d1d3,2026-08-14T01:44:43.369Z,019ffdeb-0707-73d3-be0e-33d1db61449f,019ffdda-1b40-7b90-91ae-cc7f3ad623b0,,builder-qwen,builder,qwen3.6,BOOTSTRAP-02,tool/harness,,tool_failure,run_terminal_command outcome=error,,,~/.grok/sessions/<encoded-cwd>/019ffdeb-0707-73d3-be0e-33d1db61449f/events.jsonl
0a0a5146780048367260,2026-08-14T01:56:38.987Z,019ffdf9-1466-7002-bd59-16d0711ad0a2,019ffdda-1b40-7b90-91ae-cc7f3ad623b0,,builder-qwen,builder,qwen3.6,BOOTSTRAP-03,tool/harness,,tool_failure,run_terminal_command outcome=error,,,~/.grok/sessions/<encoded-cwd>/019ffdf9-1466-7002-bd59-16d0711ad0a2/events.jsonl
e6694f6bb719986549b1,2026-08-14T01:56:53.573Z,019ffdf9-1466-7002-bd59-16d0711ad0a2,019ffdda-1b40-7b90-91ae-cc7f3ad623b0,,builder-qwen,builder,qwen3.6,BOOTSTRAP-03,tool/harness,,tool_failure,search_replace outcome=error,,,~/.grok/sessions/<encoded-cwd>/019ffdf9-1466-7002-bd59-16d0711ad0a2/events.jsonl
79e30d96ed1fb1966648,2026-08-14T01:57:46.711Z,019ffdf9-1466-7002-bd59-16d0711ad0a2,019ffdda-1b40-7b90-91ae-cc7f3ad623b0,,builder-qwen,builder,qwen3.6,BOOTSTRAP-03,tool/harness,,tool_failure,run_terminal_command outcome=error,,,~/.grok/sessions/<encoded-cwd>/019ffdf9-1466-7002-bd59-16d0711ad0a2/events.jsonl
2b2961a7c23c072ba54f,2026-08-14T01:59:39.978Z,019ffdf9-1466-7002-bd59-16d0711ad0a2,019ffdda-1b40-7b90-91ae-cc7f3ad623b0,,builder-qwen,builder,qwen3.6,BOOTSTRAP-03,tool/harness,,tool_failure,run_terminal_command outcome=error,,,~/.grok/sessions/<encoded-cwd>/019ffdf9-1466-7002-bd59-16d0711ad0a2/events.jsonl
0760b7d50905b182b2cb,2026-08-14T02:00:49.573Z,019ffdf9-1466-7002-bd59-16d0711ad0a2,019ffdda-1b40-7b90-91ae-cc7f3ad623b0,,builder-qwen,builder,qwen3.6,BOOTSTRAP-03,tool/harness,,tool_failure,run_terminal_command outcome=error,,,~/.grok/sessions/<encoded-cwd>/019ffdf9-1466-7002-bd59-16d0711ad0a2/events.jsonl
bf5dea8625ba9882d54a,2026-08-14T02:00:55.474Z,019ffdf9-1466-7002-bd59-16d0711ad0a2,019ffdda-1b40-7b90-91ae-cc7f3ad623b0,,builder-qwen,builder,qwen3.6,BOOTSTRAP-03,tool/harness,,tool_failure,run_terminal_command outcome=error,,,~/.grok/sessions/<encoded-cwd>/019ffdf9-1466-7002-bd59-16d0711ad0a2/events.jsonl
8069273dc7a78c67ee16,2026-08-14T02:01:09.992Z,019ffdf9-1466-7002-bd59-16d0711ad0a2,019ffdda-1b40-7b90-91ae-cc7f3ad623b0,,builder-qwen,builder,qwen3.6,BOOTSTRAP-03,tool/harness,,tool_failure,run_terminal_command outcome=error,,,~/.grok/sessions/<encoded-cwd>/019ffdf9-1466-7002-bd59-16d0711ad0a2/events.jsonl
2a7e15344b840f775a73,2026-08-14T02:02:03.767Z,019ffdf9-1466-7002-bd59-16d0711ad0a2,019ffdda-1b40-7b90-91ae-cc7f3ad623b0,,builder-qwen,builder,qwen3.6,BOOTSTRAP-03,tool/harness,,tool_failure,run_terminal_command outcome=error,,,~/.grok/sessions/<encoded-cwd>/019ffdf9-1466-7002-bd59-16d0711ad0a2/events.jsonl
92f8e8c1f8567877ba89,2026-08-14T02:08:40.278Z,019ffe05-3d40-7380-9d24-31691ad1ad91,019ffdda-1b40-7b90-91ae-cc7f3ad623b0,,critic,critic,deepseek-v4-flash-0731,BOOTSTRAP-03,tool/harness,,tool_failure,run_terminal_command outcome=error,,,~/.grok/sessions/<encoded-cwd>/019ffe05-3d40-7380-9d24-31691ad1ad91/events.jsonl
efb55c43c733de963768,2026-08-14T02:10:31.398Z,019ffe05-3d40-7380-9d24-31691ad1ad91,019ffdda-1b40-7b90-91ae-cc7f3ad623b0,,critic,critic,deepseek-v4-flash-0731,BOOTSTRAP-03,tool/harness,,tool_failure,run_terminal_command outcome=error,,,~/.grok/sessions/<encoded-cwd>/019ffe05-3d40-7380-9d24-31691ad1ad91/events.jsonl
b0a110aba4880e68b495,2026-08-14T02:25:07.417Z,019ffe15-97c0-7840-8261-e4300c041b96,019ffdda-1b40-7b90-91ae-cc7f3ad623b0,,critic,critic,deepseek-v4-flash-0731,BOOTSTRAP-03,tool/harness,,tool_failure,run_terminal_command outcome=error,,,~/.grok/sessions/<encoded-cwd>/019ffe15-97c0-7840-8261-e4300c041b96/events.jsonl
b4cbfa65f5295e37853f,2026-08-14T02:25:19.898Z,019ffe15-97c0-7840-8261-e4300c041b96,019ffdda-1b40-7b90-91ae-cc7f3ad623b0,,critic,critic,deepseek-v4-flash-0731,BOOTSTRAP-03,tool/harness,,tool_failure,run_terminal_command outcome=error,,,~/.grok/sessions/<encoded-cwd>/019ffe15-97c0-7840-8261-e4300c041b96/events.jsonl
397479b1d7b6a931a1c5,2026-08-14T02:34:47.555Z,019ffe1b-f6a5-74f3-8193-d0762cb94924,019ffdda-1b40-7b90-91ae-cc7f3ad623b0,,builder-qwen,builder,qwen3.6,BOOTSTRAP-04,tool/harness,,tool_failure,run_terminal_command outcome=error,,,~/.grok/sessions/<encoded-cwd>/019ffe1b-f6a5-74f3-8193-d0762cb94924/events.jsonl
4be8223e4337b1464677,2026-08-14T02:35:51.078Z,019ffe1b-f6a5-74f3-8193-d0762cb94924,019ffdda-1b40-7b90-91ae-cc7f3ad623b0,,builder-qwen,builder,qwen3.6,BOOTSTRAP-04,tool/harness,,tool_failure,run_terminal_command outcome=error,,,~/.grok/sessions/<encoded-cwd>/019ffe1b-f6a5-74f3-8193-d0762cb94924/events.jsonl
19a4af8e563f0722d680,2026-08-14T02:36:36.480Z,019ffe1b-f6a5-74f3-8193-d0762cb94924,019ffdda-1b40-7b90-91ae-cc7f3ad623b0,,builder-qwen,builder,qwen3.6,BOOTSTRAP-04,tool/harness,,tool_failure,run_terminal_command outcome=error,,,~/.grok/sessions/<encoded-cwd>/019ffe1b-f6a5-74f3-8193-d0762cb94924/events.jsonl
17d32133466133bb772c,2026-08-14T02:37:08.360Z,019ffe1b-f6a5-74f3-8193-d0762cb94924,019ffdda-1b40-7b90-91ae-cc7f3ad623b0,,builder-qwen,builder,qwen3.6,BOOTSTRAP-04,tool/harness,,tool_failure,run_terminal_command outcome=error,,,~/.grok/sessions/<encoded-cwd>/019ffe1b-f6a5-74f3-8193-d0762cb94924/events.jsonl
4616f4cd68cb02274208,2026-08-14T02:43:53.570Z,019ffe24-9e47-78b0-9082-4bca583ab923,019ffdda-1b40-7b90-91ae-cc7f3ad623b0,,integration-reviewer,integration reviewer,deepseek-v4-flash-0731,BOOTSTRAP-04,tool/harness,,tool_failure,run_terminal_command outcome=error,,,~/.grok/sessions/<encoded-cwd>/019ffe24-9e47-78b0-9082-4bca583ab923/events.jsonl
b7955f9cb461f47dfb57,2026-08-14T02:46:39.231Z,019ffe29-dfbe-7693-a07f-113b35cb5ca4,019ffdda-1b40-7b90-91ae-cc7f3ad623b0,,builder-qwen,builder,qwen3.6,BOOTSTRAP-05,tool/harness,,tool_failure,read_file outcome=error,,,~/.grok/sessions/<encoded-cwd>/019ffe29-dfbe-7693-a07f-113b35cb5ca4/events.jsonl
65c362ae41f7de0cf342,2026-08-14T02:46:56.219Z,019ffe29-dfbe-7693-a07f-113b35cb5ca4,019ffdda-1b40-7b90-91ae-cc7f3ad623b0,,builder-qwen,builder,qwen3.6,BOOTSTRAP-05,tool/harness,,tool_failure,read_file outcome=error,,,~/.grok/sessions/<encoded-cwd>/019ffe29-dfbe-7693-a07f-113b35cb5ca4/events.jsonl
51ac69b417dd3659248c,2026-08-14T02:50:37.180Z,019ffe29-dfbe-7693-a07f-113b35cb5ca4,019ffdda-1b40-7b90-91ae-cc7f3ad623b0,,builder-qwen,builder,qwen3.6,BOOTSTRAP-05,tool/harness,,tool_failure,run_terminal_command outcome=error,,,~/.grok/sessions/<encoded-cwd>/019ffe29-dfbe-7693-a07f-113b35cb5ca4/events.jsonl
8cdf08e11c683cad2435,2026-08-14T02:51:31.080Z,019ffe29-dfbe-7693-a07f-113b35cb5ca4,019ffdda-1b40-7b90-91ae-cc7f3ad623b0,,builder-qwen,builder,qwen3.6,BOOTSTRAP-05,tool/harness,,tool_failure,run_terminal_command outcome=error,,,~/.grok/sessions/<encoded-cwd>/019ffe29-dfbe-7693-a07f-113b35cb5ca4/events.jsonl
c3b2aa5c04d448498c59,2026-08-14T02:51:37.955Z,019ffe29-dfbe-7693-a07f-113b35cb5ca4,019ffdda-1b40-7b90-91ae-cc7f3ad623b0,,builder-qwen,builder,qwen3.6,BOOTSTRAP-05,tool/harness,,tool_failure,search_replace outcome=error,,,~/.grok/sessions/<encoded-cwd>/019ffe29-dfbe-7693-a07f-113b35cb5ca4/events.jsonl
01227ebd569fa224ab37,2026-08-14T02:51:58.737Z,019ffe29-dfbe-7693-a07f-113b35cb5ca4,019ffdda-1b40-7b90-91ae-cc7f3ad623b0,,builder-qwen,builder,qwen3.6,BOOTSTRAP-05,tool/harness,,tool_failure,search_replace outcome=error,,,~/.grok/sessions/<encoded-cwd>/019ffe29-dfbe-7693-a07f-113b35cb5ca4/events.jsonl
68983f8479b1ac3c7356,2026-08-14T03:04:31.690Z,019ffe37-bfbf-7240-bef6-632d325157d4,019ffdda-1b40-7b90-91ae-cc7f3ad623b0,,builder-qwen,builder,qwen3.6,BOOTSTRAP-06,tool/harness,,tool_failure,run_terminal_command outcome=error,,,~/.grok/sessions/<encoded-cwd>/019ffe37-bfbf-7240-bef6-632d325157d4/events.jsonl
cf5ec44e783af45e3d2e,2026-08-14T03:08:32.409Z,019ffe37-bfbf-7240-bef6-632d325157d4,019ffdda-1b40-7b90-91ae-cc7f3ad623b0,,builder-qwen,builder,qwen3.6,BOOTSTRAP-06,tool/harness,,tool_failure,run_terminal_command outcome=error,,,~/.grok/sessions/<encoded-cwd>/019ffe37-bfbf-7240-bef6-632d325157d4/events.jsonl
28227441c0f832ee8693,2026-08-14T03:17:47.580Z,019ffe44-c790-7850-8e99-3c2c0aab3e9d,019ffdda-1b40-7b90-91ae-cc7f3ad623b0,,builder-qwen,builder,qwen3.6,BOOTSTRAP-06,tool/harness,,tool_failure,search_replace outcome=error,,,~/.grok/sessions/<encoded-cwd>/019ffe44-c790-7850-8e99-3c2c0aab3e9d/events.jsonl
f5f766076f81ec1cceda,2026-08-14T03:18:10.178Z,019ffe44-c790-7850-8e99-3c2c0aab3e9d,019ffdda-1b40-7b90-91ae-cc7f3ad623b0,,builder-qwen,builder,qwen3.6,BOOTSTRAP-06,tool/harness,,tool_failure,run_terminal_command outcome=error,,,~/.grok/sessions/<encoded-cwd>/019ffe44-c790-7850-8e99-3c2c0aab3e9d/events.jsonl
eea571a97d479992021e,2026-08-14T03:21:33.297Z,019ffe44-c790-7850-8e99-3c2c0aab3e9d,019ffdda-1b40-7b90-91ae-cc7f3ad623b0,,builder-qwen,builder,qwen3.6,BOOTSTRAP-06,tool/harness,,tool_failure,run_terminal_command outcome=error,,,~/.grok/sessions/<encoded-cwd>/019ffe44-c790-7850-8e99-3c2c0aab3e9d/events.jsonl
64353d6ffb33b24ed1e7,2026-08-14T03:22:25.042Z,019ffe44-c790-7850-8e99-3c2c0aab3e9d,019ffdda-1b40-7b90-91ae-cc7f3ad623b0,,builder-qwen,builder,qwen3.6,BOOTSTRAP-06,tool/harness,,tool_failure,search_replace outcome=error,,,~/.grok/sessions/<encoded-cwd>/019ffe44-c790-7850-8e99-3c2c0aab3e9d/events.jsonl
872f87327e880130f1a4,2026-08-14T03:23:09.494Z,019ffe44-c790-7850-8e99-3c2c0aab3e9d,019ffdda-1b40-7b90-91ae-cc7f3ad623b0,,builder-qwen,builder,qwen3.6,BOOTSTRAP-06,tool/harness,,tool_failure,run_terminal_command outcome=error,,,~/.grok/sessions/<encoded-cwd>/019ffe44-c790-7850-8e99-3c2c0aab3e9d/events.jsonl
143ab31e5f7e28adcf71,2026-08-14T03:23:44.480Z,019ffe44-c790-7850-8e99-3c2c0aab3e9d,019ffdda-1b40-7b90-91ae-cc7f3ad623b0,,builder-qwen,builder,qwen3.6,BOOTSTRAP-06,tool/harness,,tool_failure,run_terminal_command outcome=error,,,~/.grok/sessions/<encoded-cwd>/019ffe44-c790-7850-8e99-3c2c0aab3e9d/events.jsonl
73a37654f740978ec58c,2026-08-14T03:24:08.883Z,019ffe44-c790-7850-8e99-3c2c0aab3e9d,019ffdda-1b40-7b90-91ae-cc7f3ad623b0,,builder-qwen,builder,qwen3.6,BOOTSTRAP-06,tool/harness,,tool_failure,run_terminal_command outcome=error,,,~/.grok/sessions/<encoded-cwd>/019ffe44-c790-7850-8e99-3c2c0aab3e9d/events.jsonl
ec66fcffb5258c80b814,2026-08-14T03:25:07.665Z,019ffe44-c790-7850-8e99-3c2c0aab3e9d,019ffdda-1b40-7b90-91ae-cc7f3ad623b0,,builder-qwen,builder,qwen3.6,BOOTSTRAP-06,tool/harness,,tool_failure,run_terminal_command outcome=error,,,~/.grok/sessions/<encoded-cwd>/019ffe44-c790-7850-8e99-3c2c0aab3e9d/events.jsonl
1184bdeb76d6c27fd612,2026-08-14T03:25:42.005Z,019ffe44-c790-7850-8e99-3c2c0aab3e9d,019ffdda-1b40-7b90-91ae-cc7f3ad623b0,,builder-qwen,builder,qwen3.6,BOOTSTRAP-06,tool/harness,,tool_failure,run_terminal_command outcome=error,,,~/.grok/sessions/<encoded-cwd>/019ffe44-c790-7850-8e99-3c2c0aab3e9d/events.jsonl
d854596bfd90632742f9,2026-08-14T03:31:55.172Z,019ffe51-35bb-7ff3-b9e3-3f0b46bc616a,019ffdda-1b40-7b90-91ae-cc7f3ad623b0,,critic,critic,deepseek-v4-flash-0731,BOOTSTRAP-06,tool/harness,,tool_failure,run_terminal_command outcome=error,,,~/.grok/sessions/<encoded-cwd>/019ffe51-35bb-7ff3-b9e3-3f0b46bc616a/events.jsonl
332a86757fcc6b0f46b1,2026-08-14T03:34:27.013Z,019ffe51-35bb-7ff3-b9e3-3f0b46bc616a,019ffdda-1b40-7b90-91ae-cc7f3ad623b0,,critic,critic,deepseek-v4-flash-0731,BOOTSTRAP-06,tool/harness,,tool_failure,run_terminal_command outcome=error,,,~/.grok/sessions/<encoded-cwd>/019ffe51-35bb-7ff3-b9e3-3f0b46bc616a/events.jsonl
25ab0fc957069d11307f,2026-08-14T03:36:33.827Z,019ffe56-4a24-7602-9b75-1c34717b3dce,019ffdda-1b40-7b90-91ae-cc7f3ad623b0,,builder-qwen,builder,qwen3.6,BOOTSTRAP-06,tool/harness,,tool_failure,search_replace outcome=error,,,~/.grok/sessions/<encoded-cwd>/019ffe56-4a24-7602-9b75-1c34717b3dce/events.jsonl
fd96f2b28453b2396612,2026-08-14T03:38:18.581Z,019ffe56-4a24-7602-9b75-1c34717b3dce,019ffdda-1b40-7b90-91ae-cc7f3ad623b0,,builder-qwen,builder,qwen3.6,BOOTSTRAP-06,tool/harness,,tool_failure,run_terminal_command outcome=error,,,~/.grok/sessions/<encoded-cwd>/019ffe56-4a24-7602-9b75-1c34717b3dce/events.jsonl
aa0c18154f0098d0465e,2026-08-14T03:39:42.727Z,019ffe56-4a24-7602-9b75-1c34717b3dce,019ffdda-1b40-7b90-91ae-cc7f3ad623b0,,builder-qwen,builder,qwen3.6,BOOTSTRAP-06,tool/harness,,tool_failure,run_terminal_command outcome=error,,,~/.grok/sessions/<encoded-cwd>/019ffe56-4a24-7602-9b75-1c34717b3dce/events.jsonl
9733759ad9ccb5eb60f5,2026-08-14T03:39:56.673Z,019ffe56-4a24-7602-9b75-1c34717b3dce,019ffdda-1b40-7b90-91ae-cc7f3ad623b0,,builder-qwen,builder,qwen3.6,BOOTSTRAP-06,tool/harness,,tool_failure,run_terminal_command outcome=error,,,~/.grok/sessions/<encoded-cwd>/019ffe56-4a24-7602-9b75-1c34717b3dce/events.jsonl
8b5274bfd75d601bf198,2026-08-14T03:40:08.566Z,019ffe56-4a24-7602-9b75-1c34717b3dce,019ffdda-1b40-7b90-91ae-cc7f3ad623b0,,builder-qwen,builder,qwen3.6,BOOTSTRAP-06,tool/harness,,tool_failure,run_terminal_command outcome=error,,,~/.grok/sessions/<encoded-cwd>/019ffe56-4a24-7602-9b75-1c34717b3dce/events.jsonl
f4cd232b892e2395a882,2026-08-14T03:42:02.674Z,019ffe56-4a24-7602-9b75-1c34717b3dce,019ffdda-1b40-7b90-91ae-cc7f3ad623b0,,builder-qwen,builder,qwen3.6,BOOTSTRAP-06,tool/harness,,tool_failure,search_replace outcome=error,,,~/.grok/sessions/<encoded-cwd>/019ffe56-4a24-7602-9b75-1c34717b3dce/events.jsonl
2f25a20e653717d22a2c,2026-08-14T03:43:08.900Z,019ffe56-4a24-7602-9b75-1c34717b3dce,019ffdda-1b40-7b90-91ae-cc7f3ad623b0,,builder-qwen,builder,qwen3.6,BOOTSTRAP-06,tool/harness,,tool_failure,search_replace outcome=error,,,~/.grok/sessions/<encoded-cwd>/019ffe56-4a24-7602-9b75-1c34717b3dce/events.jsonl
d0d54c1baaf214c37fb8,2026-08-14T03:43:36.787Z,019ffe56-4a24-7602-9b75-1c34717b3dce,019ffdda-1b40-7b90-91ae-cc7f3ad623b0,,builder-qwen,builder,qwen3.6,BOOTSTRAP-06,tool/harness,,tool_failure,run_terminal_command outcome=error,,,~/.grok/sessions/<encoded-cwd>/019ffe56-4a24-7602-9b75-1c34717b3dce/events.jsonl
fda8b4cb128243c677fb,2026-08-14T03:56:32.886Z,019ffe65-c725-7502-9c9c-753264f43766,019ffdda-1b40-7b90-91ae-cc7f3ad623b0,,integration-reviewer,integration reviewer,deepseek-v4-flash-0731,BOOTSTRAP-06,tool/harness,,tool_failure,run_terminal_command outcome=error,,,~/.grok/sessions/<encoded-cwd>/019ffe65-c725-7502-9c9c-753264f43766/events.jsonl
27ff576cb21869dff350,2026-08-14T03:58:26.643Z,019ffe6b-a967-7373-9e7d-1c7722387e85,019ffdda-1b40-7b90-91ae-cc7f3ad623b0,,builder-mimo,builder,mimo-v2.5,BOOTSTRAP-07,tool/harness,,tool_failure,read_file outcome=error,,,~/.grok/sessions/<encoded-cwd>/019ffe6b-a967-7373-9e7d-1c7722387e85/events.jsonl
19301a1cb06334990ff5,2026-08-14T04:04:56.275Z,019ffe6b-a967-7373-9e7d-1c7722387e85,019ffdda-1b40-7b90-91ae-cc7f3ad623b0,,builder-mimo,builder,mimo-v2.5,BOOTSTRAP-07,tool/harness,,tool_failure,run_terminal_command outcome=error,,,~/.grok/sessions/<encoded-cwd>/019ffe6b-a967-7373-9e7d-1c7722387e85/events.jsonl
395d60d308c0f54c3c99,2026-08-14T04:06:26.324Z,019ffe6b-a967-7373-9e7d-1c7722387e85,019ffdda-1b40-7b90-91ae-cc7f3ad623b0,,builder-mimo,builder,mimo-v2.5,BOOTSTRAP-07,tool/harness,,tool_failure,run_terminal_command outcome=error,,,~/.grok/sessions/<encoded-cwd>/019ffe6b-a967-7373-9e7d-1c7722387e85/events.jsonl
52b2f1e027e1221d6e4f,2026-08-14T04:15:33.681Z,019ffe7b-551a-7491-af25-2446603a9ced,019ffdda-1b40-7b90-91ae-cc7f3ad623b0,,builder-mimo,builder,mimo-v2.5,BOOTSTRAP-08,tool/harness,,tool_failure,list_dir outcome=error,,,~/.grok/sessions/<encoded-cwd>/019ffe7b-551a-7491-af25-2446603a9ced/events.jsonl
575de9157e8ac9ad0cee,2026-08-14T04:15:48.468Z,019ffe7b-551a-7491-af25-2446603a9ced,019ffdda-1b40-7b90-91ae-cc7f3ad623b0,,builder-mimo,builder,mimo-v2.5,BOOTSTRAP-08,tool/harness,,tool_failure,read_file outcome=error,,,~/.grok/sessions/<encoded-cwd>/019ffe7b-551a-7491-af25-2446603a9ced/events.jsonl
7de709e7f3fcbcc73773,2026-08-14T04:20:56.081Z,019ffe7b-551a-7491-af25-2446603a9ced,019ffdda-1b40-7b90-91ae-cc7f3ad623b0,,builder-mimo,builder,mimo-v2.5,BOOTSTRAP-08,tool/harness,,tool_failure,run_terminal_command outcome=error,,,~/.grok/sessions/<encoded-cwd>/019ffe7b-551a-7491-af25-2446603a9ced/events.jsonl
155255bdf48883b50fe3,2026-08-14T04:21:38.203Z,019ffe7b-551a-7491-af25-2446603a9ced,019ffdda-1b40-7b90-91ae-cc7f3ad623b0,,builder-mimo,builder,mimo-v2.5,BOOTSTRAP-08,tool/harness,,tool_failure,run_terminal_command outcome=error,,,~/.grok/sessions/<encoded-cwd>/019ffe7b-551a-7491-af25-2446603a9ced/events.jsonl
63ec47ceefd9b581dd22,2026-08-14T04:23:43.533Z,019ffe7b-551a-7491-af25-2446603a9ced,019ffdda-1b40-7b90-91ae-cc7f3ad623b0,,builder-mimo,builder,mimo-v2.5,BOOTSTRAP-08,tool/harness,,tool_failure,run_terminal_command outcome=error,,,~/.grok/sessions/<encoded-cwd>/019ffe7b-551a-7491-af25-2446603a9ced/events.jsonl
97881745e92ccedf08c7,2026-08-14T04:24:59.883Z,019ffe7b-551a-7491-af25-2446603a9ced,019ffdda-1b40-7b90-91ae-cc7f3ad623b0,,builder-mimo,builder,mimo-v2.5,BOOTSTRAP-08,tool/harness,,tool_failure,search_replace outcome=error,,,~/.grok/sessions/<encoded-cwd>/019ffe7b-551a-7491-af25-2446603a9ced/events.jsonl
667a171b11f76a37c683,2026-08-14T04:40:49.868Z,019ffe8e-9cee-70f3-8b5a-8e67bcf790c0,019ffdda-1b40-7b90-91ae-cc7f3ad623b0,,builder-qwen,builder,qwen3.6,BOOTSTRAP-09,tool/harness,,tool_failure,run_terminal_command outcome=error,,,~/.grok/sessions/<encoded-cwd>/019ffe8e-9cee-70f3-8b5a-8e67bcf790c0/events.jsonl
bf512b1bb17e2161e603,2026-08-14T04:41:10.588Z,019ffe8e-9cee-70f3-8b5a-8e67bcf790c0,019ffdda-1b40-7b90-91ae-cc7f3ad623b0,,builder-qwen,builder,qwen3.6,BOOTSTRAP-09,tool/harness,,tool_failure,run_terminal_command outcome=error,,,~/.grok/sessions/<encoded-cwd>/019ffe8e-9cee-70f3-8b5a-8e67bcf790c0/events.jsonl
0b5106a0ab8ab3e579dd,2026-08-14T04:42:00.407Z,019ffe8e-9cee-70f3-8b5a-8e67bcf790c0,019ffdda-1b40-7b90-91ae-cc7f3ad623b0,,builder-qwen,builder,qwen3.6,BOOTSTRAP-09,tool/harness,,tool_failure,run_terminal_command outcome=error,,,~/.grok/sessions/<encoded-cwd>/019ffe8e-9cee-70f3-8b5a-8e67bcf790c0/events.jsonl
310a0d163d259d612aae,2026-08-14T04:50:16.973Z,019ffe9a-5cba-7901-8366-6265f6a41ad6,019ffdda-1b40-7b90-91ae-cc7f3ad623b0,,builder-qwen,builder,qwen3.6,BOOTSTRAP-09,tool/harness,,tool_failure,search_replace outcome=error,,,~/.grok/sessions/<encoded-cwd>/019ffe9a-5cba-7901-8366-6265f6a41ad6/events.jsonl
a2fba50eef85437a6043,2026-08-14T04:54:44.113Z,019ffe9a-5cba-7901-8366-6265f6a41ad6,019ffdda-1b40-7b90-91ae-cc7f3ad623b0,,builder-qwen,builder,qwen3.6,BOOTSTRAP-09,tool/harness,,tool_failure,run_terminal_command outcome=error,,,~/.grok/sessions/<encoded-cwd>/019ffe9a-5cba-7901-8366-6265f6a41ad6/events.jsonl
a1e130945e0d9c6f3e88,2026-08-14T04:55:09.668Z,019ffe9a-5cba-7901-8366-6265f6a41ad6,019ffdda-1b40-7b90-91ae-cc7f3ad623b0,,builder-qwen,builder,qwen3.6,BOOTSTRAP-09,tool/harness,,tool_failure,run_terminal_command outcome=error,,,~/.grok/sessions/<encoded-cwd>/019ffe9a-5cba-7901-8366-6265f6a41ad6/events.jsonl
f43f8a70b0f9a7ed28ca,2026-08-14T05:14:40.835Z,019ffeaa-74a4-7ce3-b4b4-7d854e29dfb6,019ffdda-1b40-7b90-91ae-cc7f3ad623b0,,builder-qwen,builder,qwen3.6,BOOTSTRAP-10,tool/harness,,tool_failure,search_replace outcome=error,,,~/.grok/sessions/<encoded-cwd>/019ffeaa-74a4-7ce3-b4b4-7d854e29dfb6/events.jsonl
369caeccad83d5efeaea,2026-08-14T05:18:03.522Z,019ffeaa-74a4-7ce3-b4b4-7d854e29dfb6,019ffdda-1b40-7b90-91ae-cc7f3ad623b0,,builder-qwen,builder,qwen3.6,BOOTSTRAP-10,tool/harness,,tool_failure,run_terminal_command outcome=error,,,~/.grok/sessions/<encoded-cwd>/019ffeaa-74a4-7ce3-b4b4-7d854e29dfb6/events.jsonl
a6dcd287a6a674b4a9cb,2026-08-14T05:19:40.414Z,019ffeaa-74a4-7ce3-b4b4-7d854e29dfb6,019ffdda-1b40-7b90-91ae-cc7f3ad623b0,,builder-qwen,builder,qwen3.6,BOOTSTRAP-10,tool/harness,,tool_failure,run_terminal_command outcome=error,,,~/.grok/sessions/<encoded-cwd>/019ffeaa-74a4-7ce3-b4b4-7d854e29dfb6/events.jsonl
ad791d1951d6b8cf46d0,2026-08-14T05:20:41.425Z,019ffeaa-74a4-7ce3-b4b4-7d854e29dfb6,019ffdda-1b40-7b90-91ae-cc7f3ad623b0,,builder-qwen,builder,qwen3.6,BOOTSTRAP-10,tool/harness,,tool_failure,run_terminal_command outcome=error,,,~/.grok/sessions/<encoded-cwd>/019ffeaa-74a4-7ce3-b4b4-7d854e29dfb6/events.jsonl
f92c55c366de19471bf8,2026-08-14T05:21:42.032Z,019ffeaa-74a4-7ce3-b4b4-7d854e29dfb6,019ffdda-1b40-7b90-91ae-cc7f3ad623b0,,builder-qwen,builder,qwen3.6,BOOTSTRAP-10,tool/harness,,tool_failure,run_terminal_command outcome=error,,,~/.grok/sessions/<encoded-cwd>/019ffeaa-74a4-7ce3-b4b4-7d854e29dfb6/events.jsonl
d0b6170268e5578d8443,2026-08-14T05:25:06.689Z,019ffeaa-74a4-7ce3-b4b4-7d854e29dfb6,019ffdda-1b40-7b90-91ae-cc7f3ad623b0,,builder-qwen,builder,qwen3.6,BOOTSTRAP-10,tool/harness,,tool_failure,run_terminal_command outcome=error,,,~/.grok/sessions/<encoded-cwd>/019ffeaa-74a4-7ce3-b4b4-7d854e29dfb6/events.jsonl
339d3be17fc360648be9,2026-08-14T05:25:24.016Z,019ffeaa-74a4-7ce3-b4b4-7d854e29dfb6,019ffdda-1b40-7b90-91ae-cc7f3ad623b0,,builder-qwen,builder,qwen3.6,BOOTSTRAP-10,tool/harness,,tool_failure,run_terminal_command outcome=error,,,~/.grok/sessions/<encoded-cwd>/019ffeaa-74a4-7ce3-b4b4-7d854e29dfb6/events.jsonl
08c111d77256d2d16ddf,2026-08-14T05:27:08.534Z,019ffeaa-74a4-7ce3-b4b4-7d854e29dfb6,019ffdda-1b40-7b90-91ae-cc7f3ad623b0,,builder-qwen,builder,qwen3.6,BOOTSTRAP-10,tool/harness,,tool_failure,run_terminal_command outcome=error,,,~/.grok/sessions/<encoded-cwd>/019ffeaa-74a4-7ce3-b4b4-7d854e29dfb6/events.jsonl
67d5f930065ac0dfc8de,2026-08-14T05:28:48.825Z,019ffeaa-74a4-7ce3-b4b4-7d854e29dfb6,019ffdda-1b40-7b90-91ae-cc7f3ad623b0,,builder-qwen,builder,qwen3.6,BOOTSTRAP-10,tool/harness,,tool_failure,search_replace outcome=error,,,~/.grok/sessions/<encoded-cwd>/019ffeaa-74a4-7ce3-b4b4-7d854e29dfb6/events.jsonl
b46990ef70cb78040c20,2026-08-14T05:29:03.899Z,019ffeaa-74a4-7ce3-b4b4-7d854e29dfb6,019ffdda-1b40-7b90-91ae-cc7f3ad623b0,,builder-qwen,builder,qwen3.6,BOOTSTRAP-10,tool/harness,,tool_failure,search_replace outcome=error,,,~/.grok/sessions/<encoded-cwd>/019ffeaa-74a4-7ce3-b4b4-7d854e29dfb6/events.jsonl
35fe95d46d096a17b57c,2026-08-14T05:31:14.690Z,019ffeaa-74a4-7ce3-b4b4-7d854e29dfb6,019ffdda-1b40-7b90-91ae-cc7f3ad623b0,,builder-qwen,builder,qwen3.6,BOOTSTRAP-10,tool/harness,,tool_failure,run_terminal_command outcome=error,,,~/.grok/sessions/<encoded-cwd>/019ffeaa-74a4-7ce3-b4b4-7d854e29dfb6/events.jsonl
7795dee2c948e64d62ce,2026-08-14T05:32:28.210Z,019ffeaa-74a4-7ce3-b4b4-7d854e29dfb6,019ffdda-1b40-7b90-91ae-cc7f3ad623b0,,builder-qwen,builder,qwen3.6,BOOTSTRAP-10,tool/harness,,tool_failure,run_terminal_command outcome=error,,,~/.grok/sessions/<encoded-cwd>/019ffeaa-74a4-7ce3-b4b4-7d854e29dfb6/events.jsonl
04a9e2dc8d143b8b56b3,2026-08-14T05:32:43.992Z,019ffeaa-74a4-7ce3-b4b4-7d854e29dfb6,019ffdda-1b40-7b90-91ae-cc7f3ad623b0,,builder-qwen,builder,qwen3.6,BOOTSTRAP-10,tool/harness,,tool_failure,search_replace outcome=error,,,~/.grok/sessions/<encoded-cwd>/019ffeaa-74a4-7ce3-b4b4-7d854e29dfb6/events.jsonl
0c568c1abb1f2a2fee0c,2026-08-14T05:33:02.187Z,019ffeaa-74a4-7ce3-b4b4-7d854e29dfb6,019ffdda-1b40-7b90-91ae-cc7f3ad623b0,,builder-qwen,builder,qwen3.6,BOOTSTRAP-10,tool/harness,,tool_failure,search_replace outcome=error,,,~/.grok/sessions/<encoded-cwd>/019ffeaa-74a4-7ce3-b4b4-7d854e29dfb6/events.jsonl
3aa6af4fd0feea64d0c7,2026-08-14T05:46:51.416Z,019ffeca-05f4-7102-8e9a-c9a4d3d0db42,019ffdda-1b40-7b90-91ae-cc7f3ad623b0,,builder-qwen,builder,qwen3.6,BOOTSTRAP-10,tool/harness,,tool_failure,run_terminal_command outcome=error,,,~/.grok/sessions/<encoded-cwd>/019ffeca-05f4-7102-8e9a-c9a4d3d0db42/events.jsonl
2eaa2ba08717694f6c07,2026-08-14T05:49:00.993Z,019ffeca-05f4-7102-8e9a-c9a4d3d0db42,019ffdda-1b40-7b90-91ae-cc7f3ad623b0,,builder-qwen,builder,qwen3.6,BOOTSTRAP-10,tool/harness,,tool_failure,run_terminal_command outcome=error,,,~/.grok/sessions/<encoded-cwd>/019ffeca-05f4-7102-8e9a-c9a4d3d0db42/events.jsonl
76ea64f995212373438b,2026-08-14T05:49:24.474Z,019ffeca-05f4-7102-8e9a-c9a4d3d0db42,019ffdda-1b40-7b90-91ae-cc7f3ad623b0,,builder-qwen,builder,qwen3.6,BOOTSTRAP-10,tool/harness,,tool_failure,run_terminal_command outcome=error,,,~/.grok/sessions/<encoded-cwd>/019ffeca-05f4-7102-8e9a-c9a4d3d0db42/events.jsonl
b1e762e37c1a4c788bda,2026-08-14T05:49:30.185Z,019ffeca-05f4-7102-8e9a-c9a4d3d0db42,019ffdda-1b40-7b90-91ae-cc7f3ad623b0,,builder-qwen,builder,qwen3.6,BOOTSTRAP-10,tool/harness,,tool_failure,search_replace outcome=error,,,~/.grok/sessions/<encoded-cwd>/019ffeca-05f4-7102-8e9a-c9a4d3d0db42/events.jsonl
1380b72e39be50b887ae,2026-08-14T05:50:53.981Z,019ffeca-05f4-7102-8e9a-c9a4d3d0db42,019ffdda-1b40-7b90-91ae-cc7f3ad623b0,,builder-qwen,builder,qwen3.6,BOOTSTRAP-10,tool/harness,,tool_failure,run_terminal_command outcome=error,,,~/.grok/sessions/<encoded-cwd>/019ffeca-05f4-7102-8e9a-c9a4d3d0db42/events.jsonl
ce254f2f58d342dec880,2026-08-14T05:51:38.688Z,019ffeca-05f4-7102-8e9a-c9a4d3d0db42,019ffdda-1b40-7b90-91ae-cc7f3ad623b0,,builder-qwen,builder,qwen3.6,BOOTSTRAP-10,tool/harness,,tool_failure,run_terminal_command outcome=error,,,~/.grok/sessions/<encoded-cwd>/019ffeca-05f4-7102-8e9a-c9a4d3d0db42/events.jsonl
2661c57e0640aa7cd4f3,2026-08-14T05:51:52.665Z,019ffeca-05f4-7102-8e9a-c9a4d3d0db42,019ffdda-1b40-7b90-91ae-cc7f3ad623b0,,builder-qwen,builder,qwen3.6,BOOTSTRAP-10,tool/harness,,tool_failure,search_replace outcome=error,,,~/.grok/sessions/<encoded-cwd>/019ffeca-05f4-7102-8e9a-c9a4d3d0db42/events.jsonl
51e0d973eb636a265c3b,2026-08-14T05:52:28.834Z,019ffeca-05f4-7102-8e9a-c9a4d3d0db42,019ffdda-1b40-7b90-91ae-cc7f3ad623b0,,builder-qwen,builder,qwen3.6,BOOTSTRAP-10,tool/harness,,tool_failure,search_replace outcome=error,,,~/.grok/sessions/<encoded-cwd>/019ffeca-05f4-7102-8e9a-c9a4d3d0db42/events.jsonl
95ee16506063d5bc2a89,2026-08-14T05:53:04.485Z,019ffeca-05f4-7102-8e9a-c9a4d3d0db42,019ffdda-1b40-7b90-91ae-cc7f3ad623b0,,builder-qwen,builder,qwen3.6,BOOTSTRAP-10,tool/harness,,tool_failure,run_terminal_command outcome=error,,,~/.grok/sessions/<encoded-cwd>/019ffeca-05f4-7102-8e9a-c9a4d3d0db42/events.jsonl
d9fb8170bf91d90ee9c9,2026-08-14T06:06:37.738Z,019ffedb-adb6-7581-9862-9ac872e7514d,019ffdda-1b40-7b90-91ae-cc7f3ad623b0,,builder-qwen,builder,qwen3.6,BOOTSTRAP-10,tool/harness,,tool_failure,run_terminal_command outcome=error,,,~/.grok/sessions/<encoded-cwd>/019ffedb-adb6-7581-9862-9ac872e7514d/events.jsonl
8bbae3a31de919eb3a75,2026-08-14T06:08:25.102Z,019ffedb-adb6-7581-9862-9ac872e7514d,019ffdda-1b40-7b90-91ae-cc7f3ad623b0,,builder-qwen,builder,qwen3.6,BOOTSTRAP-10,tool/harness,,tool_failure,run_terminal_command outcome=error,,,~/.grok/sessions/<encoded-cwd>/019ffedb-adb6-7581-9862-9ac872e7514d/events.jsonl
e3a1a3eb5846baa864b7,2026-08-14T06:08:56.791Z,019ffedb-adb6-7581-9862-9ac872e7514d,019ffdda-1b40-7b90-91ae-cc7f3ad623b0,,builder-qwen,builder,qwen3.6,BOOTSTRAP-10,tool/harness,,tool_failure,run_terminal_command outcome=error,,,~/.grok/sessions/<encoded-cwd>/019ffedb-adb6-7581-9862-9ac872e7514d/events.jsonl
310fd9da6e3ad35d9504,2026-08-14T06:11:45.078Z,019ffedb-adb6-7581-9862-9ac872e7514d,019ffdda-1b40-7b90-91ae-cc7f3ad623b0,,builder-qwen,builder,qwen3.6,BOOTSTRAP-10,tool/harness,,tool_failure,run_terminal_command outcome=error,,,~/.grok/sessions/<encoded-cwd>/019ffedb-adb6-7581-9862-9ac872e7514d/events.jsonl
a722cf76bfe7b6e0bc4b,2026-08-14T06:13:02.469Z,019ffedb-adb6-7581-9862-9ac872e7514d,019ffdda-1b40-7b90-91ae-cc7f3ad623b0,,builder-qwen,builder,qwen3.6,BOOTSTRAP-10,tool/harness,,tool_failure,run_terminal_command outcome=error,,,~/.grok/sessions/<encoded-cwd>/019ffedb-adb6-7581-9862-9ac872e7514d/events.jsonl
73077f43ad7b85c9e797,2026-08-14T06:18:35.278Z,019ffeeb-bdd4-7a60-8aec-00bd661945c8,019ffdda-1b40-7b90-91ae-cc7f3ad623b0,,builder-qwen,builder,qwen3.6,BOOTSTRAP-10,tool/harness,,tool_failure,read_file outcome=error,,,~/.grok/sessions/<encoded-cwd>/019ffeeb-bdd4-7a60-8aec-00bd661945c8/events.jsonl
256d51bfbf5f4f7bdd65,2026-08-14T06:21:29.307Z,019ffeeb-bdd4-7a60-8aec-00bd661945c8,019ffdda-1b40-7b90-91ae-cc7f3ad623b0,,builder-qwen,builder,qwen3.6,BOOTSTRAP-10,tool/harness,,tool_failure,run_terminal_command outcome=error,,,~/.grok/sessions/<encoded-cwd>/019ffeeb-bdd4-7a60-8aec-00bd661945c8/events.jsonl
b4ffe2688aea416be1ad,2026-08-14T06:22:32.120Z,019ffeeb-bdd4-7a60-8aec-00bd661945c8,019ffdda-1b40-7b90-91ae-cc7f3ad623b0,,builder-qwen,builder,qwen3.6,BOOTSTRAP-10,tool/harness,,tool_failure,run_terminal_command outcome=error,,,~/.grok/sessions/<encoded-cwd>/019ffeeb-bdd4-7a60-8aec-00bd661945c8/events.jsonl
3d4c54ca7734cacd6bff,2026-08-14T06:22:51.024Z,019ffeeb-bdd4-7a60-8aec-00bd661945c8,019ffdda-1b40-7b90-91ae-cc7f3ad623b0,,builder-qwen,builder,qwen3.6,BOOTSTRAP-10,tool/harness,,tool_failure,run_terminal_command outcome=error,,,~/.grok/sessions/<encoded-cwd>/019ffeeb-bdd4-7a60-8aec-00bd661945c8/events.jsonl
62c164afc1618ba6cae6,2026-08-14T06:23:40.749Z,019ffeeb-bdd4-7a60-8aec-00bd661945c8,019ffdda-1b40-7b90-91ae-cc7f3ad623b0,,builder-qwen,builder,qwen3.6,BOOTSTRAP-10,tool/harness,,tool_failure,run_terminal_command outcome=error,,,~/.grok/sessions/<encoded-cwd>/019ffeeb-bdd4-7a60-8aec-00bd661945c8/events.jsonl
2557795f1ff92d3eadc3,2026-08-14T06:24:02.203Z,019ffeeb-bdd4-7a60-8aec-00bd661945c8,019ffdda-1b40-7b90-91ae-cc7f3ad623b0,,builder-qwen,builder,qwen3.6,BOOTSTRAP-10,tool/harness,,tool_failure,run_terminal_command outcome=error,,,~/.grok/sessions/<encoded-cwd>/019ffeeb-bdd4-7a60-8aec-00bd661945c8/events.jsonl
ecf77e9b26da9b471ed3,2026-08-14T06:24:22.976Z,019ffeeb-bdd4-7a60-8aec-00bd661945c8,019ffdda-1b40-7b90-91ae-cc7f3ad623b0,,builder-qwen,builder,qwen3.6,BOOTSTRAP-10,tool/harness,,tool_failure,run_terminal_command outcome=error,,,~/.grok/sessions/<encoded-cwd>/019ffeeb-bdd4-7a60-8aec-00bd661945c8/events.jsonl
f48746b4ace1c31c5025,2026-08-14T06:25:06.389Z,019ffeeb-bdd4-7a60-8aec-00bd661945c8,019ffdda-1b40-7b90-91ae-cc7f3ad623b0,,builder-qwen,builder,qwen3.6,BOOTSTRAP-10,tool/harness,,tool_failure,search_replace outcome=error,,,~/.grok/sessions/<encoded-cwd>/019ffeeb-bdd4-7a60-8aec-00bd661945c8/events.jsonl
74a1d9e213f14089c09f,2026-08-14T06:25:31.081Z,019ffeeb-bdd4-7a60-8aec-00bd661945c8,019ffdda-1b40-7b90-91ae-cc7f3ad623b0,,builder-qwen,builder,qwen3.6,BOOTSTRAP-10,tool/harness,,tool_failure,run_terminal_command outcome=error,,,~/.grok/sessions/<encoded-cwd>/019ffeeb-bdd4-7a60-8aec-00bd661945c8/events.jsonl
6054032dda56a0d1e426,2026-08-14T06:25:47.210Z,019ffeeb-bdd4-7a60-8aec-00bd661945c8,019ffdda-1b40-7b90-91ae-cc7f3ad623b0,,builder-qwen,builder,qwen3.6,BOOTSTRAP-10,tool/harness,,tool_failure,run_terminal_command outcome=error,,,~/.grok/sessions/<encoded-cwd>/019ffeeb-bdd4-7a60-8aec-00bd661945c8/events.jsonl
45d37160c2682daa0dce,2026-08-14T06:46:43.718Z,019ffefe-1fe6-77c3-be8e-f12dd499651e,019ffdda-1b40-7b90-91ae-cc7f3ad623b0,,builder-mimo,builder,mimo-v2.5,BOOTSTRAP-11,tool/harness,,tool_failure,run_terminal_command outcome=error,,,~/.grok/sessions/<encoded-cwd>/019ffefe-1fe6-77c3-be8e-f12dd499651e/events.jsonl
3e5e2f75ceaf664c3f11,2026-08-14T06:48:34.407Z,019ffefe-1fe6-77c3-be8e-f12dd499651e,019ffdda-1b40-7b90-91ae-cc7f3ad623b0,,builder-mimo,builder,mimo-v2.5,BOOTSTRAP-11,tool/harness,,tool_failure,run_terminal_command outcome=error,,,~/.grok/sessions/<encoded-cwd>/019ffefe-1fe6-77c3-be8e-f12dd499651e/events.jsonl
ffc9f091374c019a0b06,2026-08-14T06:51:05.552Z,019ffefe-1fe6-77c3-be8e-f12dd499651e,019ffdda-1b40-7b90-91ae-cc7f3ad623b0,,builder-mimo,builder,mimo-v2.5,BOOTSTRAP-11,tool/harness,,tool_failure,run_terminal_command outcome=error,,,~/.grok/sessions/<encoded-cwd>/019ffefe-1fe6-77c3-be8e-f12dd499651e/events.jsonl
53ba6a5acc4d625327d5,2026-08-14T06:53:35.074Z,019ffefe-1fe6-77c3-be8e-f12dd499651e,019ffdda-1b40-7b90-91ae-cc7f3ad623b0,,builder-mimo,builder,mimo-v2.5,BOOTSTRAP-11,tool/harness,,tool_failure,run_terminal_command outcome=error,,,~/.grok/sessions/<encoded-cwd>/019ffefe-1fe6-77c3-be8e-f12dd499651e/events.jsonl
6c70c7e0d28a7fb260ea,2026-08-14T07:05:23.606Z,019fff13-c38c-7261-9bd4-cc90453c6822,019ffdda-1b40-7b90-91ae-cc7f3ad623b0,,builder-mimo,builder,mimo-v2.5,BOOTSTRAP-11,tool/harness,,tool_failure,run_terminal_command outcome=error,,,~/.grok/sessions/<encoded-cwd>/019fff13-c38c-7261-9bd4-cc90453c6822/events.jsonl
9011510b028c5bdac0ee,2026-08-14T07:12:24.794Z,019fff13-c38c-7261-9bd4-cc90453c6822,019ffdda-1b40-7b90-91ae-cc7f3ad623b0,,builder-mimo,builder,mimo-v2.5,BOOTSTRAP-11,tool/harness,,tool_failure,run_terminal_command outcome=error,,,~/.grok/sessions/<encoded-cwd>/019fff13-c38c-7261-9bd4-cc90453c6822/events.jsonl
96dd83fba11e25c15272,2026-08-14T07:14:38.499Z,019fff13-c38c-7261-9bd4-cc90453c6822,019ffdda-1b40-7b90-91ae-cc7f3ad623b0,,builder-mimo,builder,mimo-v2.5,BOOTSTRAP-11,tool/harness,,tool_failure,run_terminal_command outcome=error,,,~/.grok/sessions/<encoded-cwd>/019fff13-c38c-7261-9bd4-cc90453c6822/events.jsonl
fe88df0f33f508001915,2026-08-14T07:27:59.177Z,019fff28-9bd0-77c3-8ea2-de2d10411ec4,019ffdda-1b40-7b90-91ae-cc7f3ad623b0,,critic,critic,deepseek-v4-flash-0731,BOOTSTRAP-11,tool/harness,,tool_failure,run_terminal_command outcome=error,,,~/.grok/sessions/<encoded-cwd>/019fff28-9bd0-77c3-8ea2-de2d10411ec4/events.jsonl
65a67ea80961424a3707,2026-08-14T07:31:06.196Z,019fff2c-bdd3-7192-ba1e-57567c6f98c0,019ffdda-1b40-7b90-91ae-cc7f3ad623b0,,builder-mimo,builder,mimo-v2.5,BOOTSTRAP-11,tool/harness,,tool_failure,run_terminal_command outcome=error,,,~/.grok/sessions/<encoded-cwd>/019fff2c-bdd3-7192-ba1e-57567c6f98c0/events.jsonl
08ed8e3b49bf586d76d4,2026-08-14T07:46:17.811Z,019fff3c-0ad9-7f61-a477-06d3b0807dde,019ffdda-1b40-7b90-91ae-cc7f3ad623b0,,git-committer,bookkeeping/committer,grok-4.6,BOOTSTRAP-11,tool/harness,,tool_failure,run_terminal_command outcome=error,,,~/.grok/sessions/<encoded-cwd>/019fff3c-0ad9-7f61-a477-06d3b0807dde/events.jsonl
6b0bc757a09bb44656e9,2026-08-14T13:10:03.998Z,01a00061-df26-7273-945f-c22aad35fc1a,019ffdda-1b40-7b90-91ae-cc7f3ad623b0,,builder-qwen,builder,qwen3.6,BOOTSTRAP-12,tool/harness,,tool_failure,list_dir outcome=error,,,~/.grok/sessions/<encoded-cwd>/01a00061-df26-7273-945f-c22aad35fc1a/events.jsonl
333b7556fd1ee9524949,2026-08-14T13:10:16.643Z,01a00061-df26-7273-945f-c22aad35fc1a,019ffdda-1b40-7b90-91ae-cc7f3ad623b0,,builder-qwen,builder,qwen3.6,BOOTSTRAP-12,tool/harness,,tool_failure,run_terminal_command outcome=error,,,~/.grok/sessions/<encoded-cwd>/01a00061-df26-7273-945f-c22aad35fc1a/events.jsonl
7ac5351dc6e2a85ec93b,2026-08-14T13:10:22.480Z,01a00061-df26-7273-945f-c22aad35fc1a,019ffdda-1b40-7b90-91ae-cc7f3ad623b0,,builder-qwen,builder,qwen3.6,BOOTSTRAP-12,tool/harness,,tool_failure,run_terminal_command outcome=error,,,~/.grok/sessions/<encoded-cwd>/01a00061-df26-7273-945f-c22aad35fc1a/events.jsonl
7c0447f8c6d929f107dd,2026-08-14T13:31:58.667Z,01a00077-6ad6-72b1-b3ad-d40b917489ff,019ffdda-1b40-7b90-91ae-cc7f3ad623b0,,builder-qwen,builder,qwen3.6,BOOTSTRAP-12,tool/harness,,tool_failure,read_file outcome=error,,,~/.grok/sessions/<encoded-cwd>/01a00077-6ad6-72b1-b3ad-d40b917489ff/events.jsonl
819be78aac7ced08b7eb,2026-08-14T13:34:02.596Z,01a00077-6ad6-72b1-b3ad-d40b917489ff,019ffdda-1b40-7b90-91ae-cc7f3ad623b0,,builder-qwen,builder,qwen3.6,BOOTSTRAP-12,tool/harness,,tool_failure,run_terminal_command outcome=error,,,~/.grok/sessions/<encoded-cwd>/01a00077-6ad6-72b1-b3ad-d40b917489ff/events.jsonl
48f5892f3a957680e21e,2026-08-14T13:40:28.889Z,01a0007f-6fd1-7a22-842e-0c4ae8253fb7,019ffdda-1b40-7b90-91ae-cc7f3ad623b0,,critic,critic,deepseek-v4-flash-0731,BOOTSTRAP-12,tool/harness,,tool_failure,read_file outcome=error,,,~/.grok/sessions/<encoded-cwd>/01a0007f-6fd1-7a22-842e-0c4ae8253fb7/events.jsonl
629d3bf0b9dfd89cb378,2026-08-14T13:49:12.674Z,019ffdda-1b40-7b90-91ae-cc7f3ad623b0,,,grok-build-plan,parent/orchestrator,deepseek-v4-flash-0731,BOOTSTRAP-01,tool/harness,,tool_failure,read_file outcome=error,,,~/.grok/sessions/<encoded-cwd>/019ffdda-1b40-7b90-91ae-cc7f3ad623b0/events.jsonl
98a9820f94042f0696ed,2026-08-14T13:56:54.350960526Z,01a0008b-8eb8-7423-9eb7-bcdb45d416f2,019ffdda-1b40-7b90-91ae-cc7f3ad623b0,,builder-qwen,builder,qwen3.6,FOUNDATION-REGISTRIES,subagent/harness,499,subagent_failed,"Session error: Internal error: {
  ""message"": ""API error (status 499 <unknown status code>): Request failed (HTTP 499)."",
  ""http_status"": 499,
  ""promptUsage"": {
    ""inputTokens"": 703405,
    ""outputTokens"": 18293,
    ""totalTokens"": 721698,
    ""cachedReadTokens"": 473696,
    ""cacheCreationTokens"": 0,
    ""reasoningTokens"": 3551,
    ""modelCalls"": 11,
    ""apiDurationMs"": 204885,
    ""modelUsage"": {
      ""qwen3.6"": {
        ""inputTokens"": 703405,
        ""outputTokens"": 18293,
        ""tota",,failed,~/.grok/sessions/<encoded-cwd>/019ffdda-1b40-7b90-91ae-cc7f3ad623b0/subagents/01a0008b-8eb8-7423-9eb7-bcdb45d416f2/meta.json
ddf90d94767b749bc032,2026-08-14T13:59:56.778Z,01a00090-6805-76b3-94b9-e0dbe18d5047,019ffdda-1b40-7b90-91ae-cc7f3ad623b0,,builder-qwen,builder,qwen3.6,FOUNDATION-REGISTRIES,tool/harness,,tool_failure,search_replace outcome=error,,,~/.grok/sessions/<encoded-cwd>/01a00090-6805-76b3-94b9-e0dbe18d5047/events.jsonl
06ce2d450ef99c7e2683,2026-08-14T14:00:18.369Z,01a00090-6805-76b3-94b9-e0dbe18d5047,019ffdda-1b40-7b90-91ae-cc7f3ad623b0,,builder-qwen,builder,qwen3.6,FOUNDATION-REGISTRIES,tool/harness,,tool_failure,search_replace outcome=error,,,~/.grok/sessions/<encoded-cwd>/01a00090-6805-76b3-94b9-e0dbe18d5047/events.jsonl
6924ddc7b24954f03dd6,2026-08-14T14:00:38.332Z,01a00090-6805-76b3-94b9-e0dbe18d5047,019ffdda-1b40-7b90-91ae-cc7f3ad623b0,,builder-qwen,builder,qwen3.6,FOUNDATION-REGISTRIES,tool/harness,,tool_failure,search_replace outcome=error,,,~/.grok/sessions/<encoded-cwd>/01a00090-6805-76b3-94b9-e0dbe18d5047/events.jsonl
f97dca79a6cdff90c04d,2026-08-14T14:03:56.771Z,01a00090-6805-76b3-94b9-e0dbe18d5047,019ffdda-1b40-7b90-91ae-cc7f3ad623b0,,builder-qwen,builder,qwen3.6,FOUNDATION-REGISTRIES,tool/harness,,tool_failure,run_terminal_command outcome=error,,,~/.grok/sessions/<encoded-cwd>/01a00090-6805-76b3-94b9-e0dbe18d5047/events.jsonl
967b5391a0be1ef9696d,2026-08-14T14:04:45.882Z,01a00090-6805-76b3-94b9-e0dbe18d5047,019ffdda-1b40-7b90-91ae-cc7f3ad623b0,,builder-qwen,builder,qwen3.6,FOUNDATION-REGISTRIES,tool/harness,,tool_failure,run_terminal_command outcome=error,,,~/.grok/sessions/<encoded-cwd>/01a00090-6805-76b3-94b9-e0dbe18d5047/events.jsonl
d08eb591b30c131f7ec7,2026-08-14T14:05:06.882Z,01a00090-6805-76b3-94b9-e0dbe18d5047,019ffdda-1b40-7b90-91ae-cc7f3ad623b0,,builder-qwen,builder,qwen3.6,FOUNDATION-REGISTRIES,tool/harness,,tool_failure,search_replace outcome=error,,,~/.grok/sessions/<encoded-cwd>/01a00090-6805-76b3-94b9-e0dbe18d5047/events.jsonl
e500db45bc3ce858a0f1,2026-08-14T14:06:48.880Z,01a00090-6805-76b3-94b9-e0dbe18d5047,019ffdda-1b40-7b90-91ae-cc7f3ad623b0,,builder-qwen,builder,qwen3.6,FOUNDATION-REGISTRIES,tool/harness,,tool_failure,run_terminal_command outcome=error,,,~/.grok/sessions/<encoded-cwd>/01a00090-6805-76b3-94b9-e0dbe18d5047/events.jsonl
c0af565a92e52e06cd20,2026-08-14T14:09:54.403Z,01a00090-6805-76b3-94b9-e0dbe18d5047,019ffdda-1b40-7b90-91ae-cc7f3ad623b0,,builder-qwen,builder,qwen3.6,FOUNDATION-REGISTRIES,tool/harness,,tool_failure,search_replace outcome=error,,,~/.grok/sessions/<encoded-cwd>/01a00090-6805-76b3-94b9-e0dbe18d5047/events.jsonl
e779fa4c7728fbb77a88,2026-08-14T14:11:09.281Z,01a00090-6805-76b3-94b9-e0dbe18d5047,019ffdda-1b40-7b90-91ae-cc7f3ad623b0,,builder-qwen,builder,qwen3.6,FOUNDATION-REGISTRIES,tool/harness,,tool_failure,run_terminal_command outcome=error,,,~/.grok/sessions/<encoded-cwd>/01a00090-6805-76b3-94b9-e0dbe18d5047/events.jsonl
bf8cc07c92aca87c03ef,2026-08-14T14:12:23.214Z,01a00090-6805-76b3-94b9-e0dbe18d5047,019ffdda-1b40-7b90-91ae-cc7f3ad623b0,,builder-qwen,builder,qwen3.6,FOUNDATION-REGISTRIES,tool/harness,,tool_failure,run_terminal_command outcome=error,,,~/.grok/sessions/<encoded-cwd>/01a00090-6805-76b3-94b9-e0dbe18d5047/events.jsonl
770e94331fea0890fcb6,2026-08-14T14:13:13.820Z,01a00090-6805-76b3-94b9-e0dbe18d5047,019ffdda-1b40-7b90-91ae-cc7f3ad623b0,,builder-qwen,builder,qwen3.6,FOUNDATION-REGISTRIES,tool/harness,,tool_failure,search_replace outcome=error,,,~/.grok/sessions/<encoded-cwd>/01a00090-6805-76b3-94b9-e0dbe18d5047/events.jsonl
58587430ebfd8c215fd2,2026-08-14T14:15:47.656Z,01a00090-6805-76b3-94b9-e0dbe18d5047,019ffdda-1b40-7b90-91ae-cc7f3ad623b0,,builder-qwen,builder,qwen3.6,FOUNDATION-REGISTRIES,tool/harness,,tool_failure,search_replace outcome=error,,,~/.grok/sessions/<encoded-cwd>/01a00090-6805-76b3-94b9-e0dbe18d5047/events.jsonl
4eba03e75ead26a8ba17,2026-08-14T14:15:59.935Z,01a00090-6805-76b3-94b9-e0dbe18d5047,019ffdda-1b40-7b90-91ae-cc7f3ad623b0,,builder-qwen,builder,qwen3.6,FOUNDATION-REGISTRIES,tool/harness,,tool_failure,search_replace outcome=error,,,~/.grok/sessions/<encoded-cwd>/01a00090-6805-76b3-94b9-e0dbe18d5047/events.jsonl
eabbf5f7d9a8fa08c104,2026-08-14T14:16:17.423Z,01a00090-6805-76b3-94b9-e0dbe18d5047,019ffdda-1b40-7b90-91ae-cc7f3ad623b0,,builder-qwen,builder,qwen3.6,FOUNDATION-REGISTRIES,tool/harness,,tool_failure,search_replace outcome=error,,,~/.grok/sessions/<encoded-cwd>/01a00090-6805-76b3-94b9-e0dbe18d5047/events.jsonl
42a2ae178791f4e49ec3,2026-08-14T14:20:16.139Z,01a00090-6805-76b3-94b9-e0dbe18d5047,019ffdda-1b40-7b90-91ae-cc7f3ad623b0,,builder-qwen,builder,qwen3.6,FOUNDATION-REGISTRIES,tool/harness,,tool_failure,run_terminal_command outcome=error,,,~/.grok/sessions/<encoded-cwd>/01a00090-6805-76b3-94b9-e0dbe18d5047/events.jsonl
cbf974f434a9b9816344,2026-08-14T14:36:28.569Z,01a000af-f812-7112-b8b8-7e0aa50eb5c7,019ffdda-1b40-7b90-91ae-cc7f3ad623b0,,builder-qwen,builder,qwen3.6,FOUNDATION-ORACLES,tool/harness,,tool_failure,run_terminal_command outcome=error,,,~/.grok/sessions/<encoded-cwd>/01a000af-f812-7112-b8b8-7e0aa50eb5c7/events.jsonl
b36e5e20b3ce9f35c701,2026-08-14T14:38:28.814Z,01a000af-f812-7112-b8b8-7e0aa50eb5c7,019ffdda-1b40-7b90-91ae-cc7f3ad623b0,,builder-qwen,builder,qwen3.6,FOUNDATION-ORACLES,tool/harness,,tool_failure,run_terminal_command outcome=error,,,~/.grok/sessions/<encoded-cwd>/01a000af-f812-7112-b8b8-7e0aa50eb5c7/events.jsonl
5493edc8b615f3c43004,2026-08-14T14:38:47.475Z,01a000af-f812-7112-b8b8-7e0aa50eb5c7,019ffdda-1b40-7b90-91ae-cc7f3ad623b0,,builder-qwen,builder,qwen3.6,FOUNDATION-ORACLES,tool/harness,,tool_failure,search_replace outcome=error,,,~/.grok/sessions/<encoded-cwd>/01a000af-f812-7112-b8b8-7e0aa50eb5c7/events.jsonl
036552ea7eb61d8adb2c,2026-08-14T14:42:25.755Z,01a000af-f812-7112-b8b8-7e0aa50eb5c7,019ffdda-1b40-7b90-91ae-cc7f3ad623b0,,builder-qwen,builder,qwen3.6,FOUNDATION-ORACLES,tool/harness,,tool_failure,run_terminal_command outcome=error,,,~/.grok/sessions/<encoded-cwd>/01a000af-f812-7112-b8b8-7e0aa50eb5c7/events.jsonl
15b90602c47ca72dfa0d,2026-08-14T14:42:36.183Z,01a000af-f812-7112-b8b8-7e0aa50eb5c7,019ffdda-1b40-7b90-91ae-cc7f3ad623b0,,builder-qwen,builder,qwen3.6,FOUNDATION-ORACLES,tool/harness,,tool_failure,run_terminal_command outcome=error,,,~/.grok/sessions/<encoded-cwd>/01a000af-f812-7112-b8b8-7e0aa50eb5c7/events.jsonl
bb64cac060fe56ac71fd,2026-08-14T14:42:43.867Z,01a000af-f812-7112-b8b8-7e0aa50eb5c7,019ffdda-1b40-7b90-91ae-cc7f3ad623b0,,builder-qwen,builder,qwen3.6,FOUNDATION-ORACLES,tool/harness,,tool_failure,run_terminal_command outcome=error,,,~/.grok/sessions/<encoded-cwd>/01a000af-f812-7112-b8b8-7e0aa50eb5c7/events.jsonl
61c66d33b1e5de77b708,2026-08-14T14:42:55.029Z,01a000af-f812-7112-b8b8-7e0aa50eb5c7,019ffdda-1b40-7b90-91ae-cc7f3ad623b0,,builder-qwen,builder,qwen3.6,FOUNDATION-ORACLES,tool/harness,,tool_failure,run_terminal_command outcome=error,,,~/.grok/sessions/<encoded-cwd>/01a000af-f812-7112-b8b8-7e0aa50eb5c7/events.jsonl
16b1b281f5095057e9f8,2026-08-14T14:48:19.921Z,01a000af-f812-7112-b8b8-7e0aa50eb5c7,019ffdda-1b40-7b90-91ae-cc7f3ad623b0,,builder-qwen,builder,qwen3.6,FOUNDATION-ORACLES,tool/harness,,tool_failure,run_terminal_command outcome=error,,,~/.grok/sessions/<encoded-cwd>/01a000af-f812-7112-b8b8-7e0aa50eb5c7/events.jsonl
c6cbbed21b96e2fb22ab,2026-08-14T14:50:15.252Z,01a000af-f812-7112-b8b8-7e0aa50eb5c7,019ffdda-1b40-7b90-91ae-cc7f3ad623b0,,builder-qwen,builder,qwen3.6,FOUNDATION-ORACLES,tool/harness,,tool_failure,run_terminal_command outcome=error,,,~/.grok/sessions/<encoded-cwd>/01a000af-f812-7112-b8b8-7e0aa50eb5c7/events.jsonl
652b8f43fb93909a9a4e,2026-08-14T14:55:54.644Z,01a000c2-f7ba-79e3-8d3c-7ac299ffcf83,019ffdda-1b40-7b90-91ae-cc7f3ad623b0,,critic,critic,deepseek-v4-flash-0731,FOUNDATION-ORACLES,tool/harness,,tool_failure,run_terminal_command outcome=error,,,~/.grok/sessions/<encoded-cwd>/01a000c2-f7ba-79e3-8d3c-7ac299ffcf83/events.jsonl
1db7af5e25c46d76739a,2026-08-14T14:56:03.169Z,01a000c2-f7ba-79e3-8d3c-7ac299ffcf83,019ffdda-1b40-7b90-91ae-cc7f3ad623b0,,critic,critic,deepseek-v4-flash-0731,FOUNDATION-ORACLES,tool/harness,,tool_failure,run_terminal_command outcome=error,,,~/.grok/sessions/<encoded-cwd>/01a000c2-f7ba-79e3-8d3c-7ac299ffcf83/events.jsonl
cf93eda4084b4d443dd0,2026-08-14T14:56:10.206Z,01a000c2-f7ba-79e3-8d3c-7ac299ffcf83,019ffdda-1b40-7b90-91ae-cc7f3ad623b0,,critic,critic,deepseek-v4-flash-0731,FOUNDATION-ORACLES,tool/harness,,tool_failure,run_terminal_command outcome=error,,,~/.grok/sessions/<encoded-cwd>/01a000c2-f7ba-79e3-8d3c-7ac299ffcf83/events.jsonl
174f22024c6d4ba44fec,2026-08-14T14:59:54.706Z,01a000c7-3cb5-7443-8b54-03a75ce27569,019ffdda-1b40-7b90-91ae-cc7f3ad623b0,,builder-qwen,builder,qwen3.6,FOUNDATION-ORACLES,tool/harness,,tool_failure,search_replace outcome=error,,,~/.grok/sessions/<encoded-cwd>/01a000c7-3cb5-7443-8b54-03a75ce27569/events.jsonl
55453f87785ca5502523,2026-08-14T15:01:07.624Z,01a000c7-3cb5-7443-8b54-03a75ce27569,019ffdda-1b40-7b90-91ae-cc7f3ad623b0,,builder-qwen,builder,qwen3.6,FOUNDATION-ORACLES,tool/harness,,tool_failure,search_replace outcome=error,,,~/.grok/sessions/<encoded-cwd>/01a000c7-3cb5-7443-8b54-03a75ce27569/events.jsonl
14691ef9cbf5d7dfb3f4,2026-08-14T15:02:33.282Z,01a000c7-3cb5-7443-8b54-03a75ce27569,019ffdda-1b40-7b90-91ae-cc7f3ad623b0,,builder-qwen,builder,qwen3.6,FOUNDATION-ORACLES,tool/harness,,tool_failure,run_terminal_command outcome=error,,,~/.grok/sessions/<encoded-cwd>/01a000c7-3cb5-7443-8b54-03a75ce27569/events.jsonl
a6f8bcd2ea8deb3768e8,2026-08-14T15:03:30.980Z,01a000c7-3cb5-7443-8b54-03a75ce27569,019ffdda-1b40-7b90-91ae-cc7f3ad623b0,,builder-qwen,builder,qwen3.6,FOUNDATION-ORACLES,tool/harness,,tool_failure,run_terminal_command outcome=error,,,~/.grok/sessions/<encoded-cwd>/01a000c7-3cb5-7443-8b54-03a75ce27569/events.jsonl
248da8e2ed57ed6da174,2026-08-14T15:04:36.092Z,01a000c7-3cb5-7443-8b54-03a75ce27569,019ffdda-1b40-7b90-91ae-cc7f3ad623b0,,builder-qwen,builder,qwen3.6,FOUNDATION-ORACLES,tool/harness,,tool_failure,run_terminal_command outcome=error,,,~/.grok/sessions/<encoded-cwd>/01a000c7-3cb5-7443-8b54-03a75ce27569/events.jsonl
caec9e1660b4b3bb4c36,2026-08-14T15:06:22.629Z,01a000c7-3cb5-7443-8b54-03a75ce27569,019ffdda-1b40-7b90-91ae-cc7f3ad623b0,,builder-qwen,builder,qwen3.6,FOUNDATION-ORACLES,tool/harness,,tool_failure,run_terminal_command outcome=error,,,~/.grok/sessions/<encoded-cwd>/01a000c7-3cb5-7443-8b54-03a75ce27569/events.jsonl
af8bc429c8e0666aba17,2026-08-14T15:10:48.076Z,01a000d1-de02-7401-b39a-5786dde2dff8,019ffdda-1b40-7b90-91ae-cc7f3ad623b0,,critic,critic,deepseek-v4-flash-0731,FOUNDATION-ORACLES,tool/harness,,tool_failure,run_terminal_command outcome=error,,,~/.grok/sessions/<encoded-cwd>/01a000d1-de02-7401-b39a-5786dde2dff8/events.jsonl
583f57352e432312a030,2026-08-14T15:19:19.850Z,01a000d6-794c-7d62-b148-9f2fb1bbc94f,019ffdda-1b40-7b90-91ae-cc7f3ad623b0,,builder-qwen,builder,qwen3.6,FOUNDATION-ORACLES,tool/harness,,tool_failure,run_terminal_command outcome=error,,,~/.grok/sessions/<encoded-cwd>/01a000d6-794c-7d62-b148-9f2fb1bbc94f/events.jsonl
45a44e42aedc5eefc3bf,2026-08-14T15:21:29.942Z,01a000d6-794c-7d62-b148-9f2fb1bbc94f,019ffdda-1b40-7b90-91ae-cc7f3ad623b0,,builder-qwen,builder,qwen3.6,FOUNDATION-ORACLES,tool/harness,,tool_failure,run_terminal_command outcome=error,,,~/.grok/sessions/<encoded-cwd>/01a000d6-794c-7d62-b148-9f2fb1bbc94f/events.jsonl
56ae1c89b22ff64d478c,2026-08-14T15:22:19.117Z,01a000d6-794c-7d62-b148-9f2fb1bbc94f,019ffdda-1b40-7b90-91ae-cc7f3ad623b0,,builder-qwen,builder,qwen3.6,FOUNDATION-ORACLES,tool/harness,,tool_failure,run_terminal_command outcome=error,,,~/.grok/sessions/<encoded-cwd>/01a000d6-794c-7d62-b148-9f2fb1bbc94f/events.jsonl
cd65723ea5f5aed0574c,2026-08-14T15:27:32.766Z,01a000e0-2bbe-7462-aa51-0a7bca1dea5e,019ffdda-1b40-7b90-91ae-cc7f3ad623b0,,critic,critic,deepseek-v4-flash-0731,FOUNDATION-ORACLES,tool/harness,,tool_failure,run_terminal_command outcome=error,,,~/.grok/sessions/<encoded-cwd>/01a000e0-2bbe-7462-aa51-0a7bca1dea5e/events.jsonl
36dfde48dc33ab3a4f25,2026-08-14T15:37:46.843Z,01a000eb-736a-7350-a961-61beabaa191d,019ffdda-1b40-7b90-91ae-cc7f3ad623b0,,critic,critic,deepseek-v4-flash-0731,FOUNDATION-ORACLES,tool/harness,,tool_failure,read_file outcome=error,,,~/.grok/sessions/<encoded-cwd>/01a000eb-736a-7350-a961-61beabaa191d/events.jsonl
9ab9f363847a7ea93029,2026-08-14T15:44:28.962Z,01a000ef-f640-7f50-b633-7c7097acbe7d,019ffdda-1b40-7b90-91ae-cc7f3ad623b0,,builder-qwen,builder,qwen3.6,FOUNDATION-ORACLES,tool/harness,,tool_failure,run_terminal_command outcome=error,,,~/.grok/sessions/<encoded-cwd>/01a000ef-f640-7f50-b633-7c7097acbe7d/events.jsonl
8d625b987b14375589d0,2026-08-14T16:03:32.764Z,01a000fe-5f10-7b92-960a-5e24f695e835,019ffdda-1b40-7b90-91ae-cc7f3ad623b0,,builder-qwen,builder,qwen3.6,FOUNDATION-HARD,tool/harness,,tool_failure,run_terminal_command outcome=error,,,~/.grok/sessions/<encoded-cwd>/01a000fe-5f10-7b92-960a-5e24f695e835/events.jsonl
dab4d7fac6971ae16503,2026-08-14T16:05:29.392Z,01a000fe-5f10-7b92-960a-5e24f695e835,019ffdda-1b40-7b90-91ae-cc7f3ad623b0,,builder-qwen,builder,qwen3.6,FOUNDATION-HARD,tool/harness,,tool_failure,run_terminal_command outcome=error,,,~/.grok/sessions/<encoded-cwd>/01a000fe-5f10-7b92-960a-5e24f695e835/events.jsonl
a67da58997c6567e3eae,2026-08-14T16:08:03.407Z,01a000fe-5f10-7b92-960a-5e24f695e835,019ffdda-1b40-7b90-91ae-cc7f3ad623b0,,builder-qwen,builder,qwen3.6,FOUNDATION-HARD,tool/harness,,tool_failure,run_terminal_command outcome=error,,,~/.grok/sessions/<encoded-cwd>/01a000fe-5f10-7b92-960a-5e24f695e835/events.jsonl
8634f56e96997f2ef889,2026-08-14T16:09:20.802Z,01a000fe-5f10-7b92-960a-5e24f695e835,019ffdda-1b40-7b90-91ae-cc7f3ad623b0,,builder-qwen,builder,qwen3.6,FOUNDATION-HARD,tool/harness,,tool_failure,run_terminal_command outcome=error,,,~/.grok/sessions/<encoded-cwd>/01a000fe-5f10-7b92-960a-5e24f695e835/events.jsonl
636dac6cd82d0584d736,2026-08-14T16:09:54.469Z,01a000fe-5f10-7b92-960a-5e24f695e835,019ffdda-1b40-7b90-91ae-cc7f3ad623b0,,builder-qwen,builder,qwen3.6,FOUNDATION-HARD,tool/harness,,tool_failure,run_terminal_command outcome=error,,,~/.grok/sessions/<encoded-cwd>/01a000fe-5f10-7b92-960a-5e24f695e835/events.jsonl
15466416527da8bea958,2026-08-14T16:12:12.116Z,01a000fe-5f10-7b92-960a-5e24f695e835,019ffdda-1b40-7b90-91ae-cc7f3ad623b0,,builder-qwen,builder,qwen3.6,FOUNDATION-HARD,tool/harness,,tool_failure,run_terminal_command outcome=error,,,~/.grok/sessions/<encoded-cwd>/01a000fe-5f10-7b92-960a-5e24f695e835/events.jsonl
7954d90c28800b6507df,2026-08-14T16:19:53.814Z,01a00112-80ee-7b81-83df-5cce4e8a9e55,019ffdda-1b40-7b90-91ae-cc7f3ad623b0,,builder-qwen,builder,qwen3.6,FOUNDATION-HARD,tool/harness,,tool_failure,read_file outcome=error,,,~/.grok/sessions/<encoded-cwd>/01a00112-80ee-7b81-83df-5cce4e8a9e55/events.jsonl
a5bc518ed0324eb2878a,2026-08-14T16:29:02.440Z,01a00112-80ee-7b81-83df-5cce4e8a9e55,019ffdda-1b40-7b90-91ae-cc7f3ad623b0,,builder-qwen,builder,qwen3.6,FOUNDATION-HARD,tool/harness,,tool_failure,search_replace outcome=error,,,~/.grok/sessions/<encoded-cwd>/01a00112-80ee-7b81-83df-5cce4e8a9e55/events.jsonl
c8c5a4507919dfb076d0,2026-08-14T16:33:27.128Z,01a00112-80ee-7b81-83df-5cce4e8a9e55,019ffdda-1b40-7b90-91ae-cc7f3ad623b0,,builder-qwen,builder,qwen3.6,FOUNDATION-HARD,tool/harness,,tool_failure,run_terminal_command outcome=error,,,~/.grok/sessions/<encoded-cwd>/01a00112-80ee-7b81-83df-5cce4e8a9e55/events.jsonl
722a54123a68a1728014,2026-08-14T16:37:02.600Z,01a00121-2b23-74c2-95bb-7aa21969608f,019ffdda-1b40-7b90-91ae-cc7f3ad623b0,,critic,critic,deepseek-v4-flash-0731,FOUNDATION-HARD,tool/harness,,tool_failure,read_file outcome=error,,,~/.grok/sessions/<encoded-cwd>/01a00121-2b23-74c2-95bb-7aa21969608f/events.jsonl
2d969ae2f5329d60a39d,2026-08-14T16:43:51.812Z,01a00125-6eab-7930-ac98-c1a500495f8b,019ffdda-1b40-7b90-91ae-cc7f3ad623b0,,builder-qwen,builder,qwen3.6,FOUNDATION-HARD,tool/harness,,tool_failure,search_replace outcome=error,,,~/.grok/sessions/<encoded-cwd>/01a00125-6eab-7930-ac98-c1a500495f8b/events.jsonl
0b9d39366d3d7ddf186d,2026-08-14T16:48:21.300Z,01a00125-6eab-7930-ac98-c1a500495f8b,019ffdda-1b40-7b90-91ae-cc7f3ad623b0,,builder-qwen,builder,qwen3.6,FOUNDATION-HARD,tool/harness,,tool_failure,run_terminal_command outcome=error,,,~/.grok/sessions/<encoded-cwd>/01a00125-6eab-7930-ac98-c1a500495f8b/events.jsonl
f7221919ede05895f77d,2026-08-14T16:51:30.599Z,01a0012d-748f-7312-b35a-b6143dde70b7,019ffdda-1b40-7b90-91ae-cc7f3ad623b0,,critic,critic,deepseek-v4-flash-0731,FOUNDATION-HARD,tool/harness,,tool_failure,run_terminal_command outcome=error,,,~/.grok/sessions/<encoded-cwd>/01a0012d-748f-7312-b35a-b6143dde70b7/events.jsonl
d8893e37ed476d483850,2026-08-14T16:54:43.006Z,01a00131-9a28-7980-9709-432c1cf48800,019ffdda-1b40-7b90-91ae-cc7f3ad623b0,,builder-qwen,builder,qwen3.6,FOUNDATION-HARD,tool/harness,,tool_failure,search_replace outcome=error,,,~/.grok/sessions/<encoded-cwd>/01a00131-9a28-7980-9709-432c1cf48800/events.jsonl
d7566790a4bdb7235fe2,2026-08-14T16:55:07.726Z,01a00131-9a28-7980-9709-432c1cf48800,019ffdda-1b40-7b90-91ae-cc7f3ad623b0,,builder-qwen,builder,qwen3.6,FOUNDATION-HARD,tool/harness,,tool_failure,search_replace outcome=error,,,~/.grok/sessions/<encoded-cwd>/01a00131-9a28-7980-9709-432c1cf48800/events.jsonl
f725245c9e03345ee18f,2026-08-14T17:15:48.400Z,01a00141-de38-75f3-83b9-5f6263547618,019ffdda-1b40-7b90-91ae-cc7f3ad623b0,,builder-qwen,builder,qwen3.6,FOUNDATION-BROWSER,tool/harness,,tool_failure,run_terminal_command outcome=error,,,~/.grok/sessions/<encoded-cwd>/01a00141-de38-75f3-83b9-5f6263547618/events.jsonl
ac81057175314d78f7af,2026-08-14T17:27:39.649Z,01a00150-8165-7e12-bf61-82efba88efa3,019ffdda-1b40-7b90-91ae-cc7f3ad623b0,,builder-qwen,builder,qwen3.6,FOUNDATION-BROWSER,tool/harness,,tool_failure,list_dir outcome=error,,,~/.grok/sessions/<encoded-cwd>/01a00150-8165-7e12-bf61-82efba88efa3/events.jsonl
796e2e7d807c8ee80109,2026-08-14T17:27:40.084Z,01a00150-8165-7e12-bf61-82efba88efa3,019ffdda-1b40-7b90-91ae-cc7f3ad623b0,,builder-qwen,builder,qwen3.6,FOUNDATION-BROWSER,tool/harness,,tool_failure,read_file outcome=error,,,~/.grok/sessions/<encoded-cwd>/01a00150-8165-7e12-bf61-82efba88efa3/events.jsonl
7ff114965bb7da969287,2026-08-14T17:36:16.902Z,01a00150-8165-7e12-bf61-82efba88efa3,019ffdda-1b40-7b90-91ae-cc7f3ad623b0,,builder-qwen,builder,qwen3.6,FOUNDATION-BROWSER,tool/harness,,tool_failure,run_terminal_command outcome=error,,,~/.grok/sessions/<encoded-cwd>/01a00150-8165-7e12-bf61-82efba88efa3/events.jsonl
e844008220cefd258119,2026-08-14T17:37:19.030Z,01a00150-8165-7e12-bf61-82efba88efa3,019ffdda-1b40-7b90-91ae-cc7f3ad623b0,,builder-qwen,builder,qwen3.6,FOUNDATION-BROWSER,tool/harness,,tool_failure,run_terminal_command outcome=error,,,~/.grok/sessions/<encoded-cwd>/01a00150-8165-7e12-bf61-82efba88efa3/events.jsonl
ecf0d844da903ccc0c25,2026-08-14T17:53:01.071Z,01a00160-2922-7b50-a4f1-8a9dfefcd6b0,019ffdda-1b40-7b90-91ae-cc7f3ad623b0,,builder-qwen,builder,qwen3.6,FOUNDATION-BROWSER,tool/harness,,tool_failure,run_terminal_command outcome=error,,,~/.grok/sessions/<encoded-cwd>/01a00160-2922-7b50-a4f1-8a9dfefcd6b0/events.jsonl
8e420b9f7a51114d974e,2026-08-14T17:54:10.390Z,01a00160-2922-7b50-a4f1-8a9dfefcd6b0,019ffdda-1b40-7b90-91ae-cc7f3ad623b0,,builder-qwen,builder,qwen3.6,FOUNDATION-BROWSER,tool/harness,,tool_failure,run_terminal_command outcome=error,,,~/.grok/sessions/<encoded-cwd>/01a00160-2922-7b50-a4f1-8a9dfefcd6b0/events.jsonl
53651e9b55f6e2086757,2026-08-14T17:54:20.835Z,01a00160-2922-7b50-a4f1-8a9dfefcd6b0,019ffdda-1b40-7b90-91ae-cc7f3ad623b0,,builder-qwen,builder,qwen3.6,FOUNDATION-BROWSER,tool/harness,,tool_failure,run_terminal_command outcome=error,,,~/.grok/sessions/<encoded-cwd>/01a00160-2922-7b50-a4f1-8a9dfefcd6b0/events.jsonl
5b7ec8d360de465ee319,2026-08-14T17:54:41.201Z,01a00160-2922-7b50-a4f1-8a9dfefcd6b0,019ffdda-1b40-7b90-91ae-cc7f3ad623b0,,builder-qwen,builder,qwen3.6,FOUNDATION-BROWSER,tool/harness,,tool_failure,run_terminal_command outcome=error,,,~/.grok/sessions/<encoded-cwd>/01a00160-2922-7b50-a4f1-8a9dfefcd6b0/events.jsonl
e3874c7861663781fdf8,2026-08-14T17:54:56.573Z,01a00160-2922-7b50-a4f1-8a9dfefcd6b0,019ffdda-1b40-7b90-91ae-cc7f3ad623b0,,builder-qwen,builder,qwen3.6,FOUNDATION-BROWSER,tool/harness,,tool_failure,run_terminal_command outcome=error,,,~/.grok/sessions/<encoded-cwd>/01a00160-2922-7b50-a4f1-8a9dfefcd6b0/events.jsonl
e36e8f0f5a2535812940,2026-08-14T17:55:36.616Z,01a00160-2922-7b50-a4f1-8a9dfefcd6b0,019ffdda-1b40-7b90-91ae-cc7f3ad623b0,01a00160-2922-7b50-a4f1-8a9dfefcd6b0:00061,builder-qwen,builder,qwen3.6,FOUNDATION-BROWSER,provider,,provider_retry,provider retry marker,1,,~/.grok/sessions/<encoded-cwd>/01a00160-2922-7b50-a4f1-8a9dfefcd6b0/chat_history.jsonl
cdcc4cbc918021768ecc,2026-08-14T18:04:26.891Z,01a0016f-c1bb-7cc0-9ec2-628553cabb58,019ffdda-1b40-7b90-91ae-cc7f3ad623b0,,critic,critic,deepseek-v4-flash-0731,FOUNDATION-BROWSER,tool/harness,,tool_failure,run_terminal_command outcome=error,,,~/.grok/sessions/<encoded-cwd>/01a0016f-c1bb-7cc0-9ec2-628553cabb58/events.jsonl
16204219600acbbe79c7,2026-08-14T18:05:09.183Z,01a0016f-c1bb-7cc0-9ec2-628553cabb58,019ffdda-1b40-7b90-91ae-cc7f3ad623b0,,critic,critic,deepseek-v4-flash-0731,FOUNDATION-BROWSER,tool/harness,,tool_failure,run_terminal_command outcome=error,,,~/.grok/sessions/<encoded-cwd>/01a0016f-c1bb-7cc0-9ec2-628553cabb58/events.jsonl
3cc8805ea1d78bb265cc,2026-08-14T18:24:06.978Z,01a0017f-b635-7450-8e12-160a80f8425d,019ffdda-1b40-7b90-91ae-cc7f3ad623b0,,builder-qwen,builder,qwen3.6,FOUNDATION-DETERMINISTIC,tool/harness,,tool_failure,run_terminal_command outcome=error,,,~/.grok/sessions/<encoded-cwd>/01a0017f-b635-7450-8e12-160a80f8425d/events.jsonl
04a04d4d7b59878d98ad,2026-08-14T18:25:28.982Z,01a0017f-b635-7450-8e12-160a80f8425d,019ffdda-1b40-7b90-91ae-cc7f3ad623b0,,builder-qwen,builder,qwen3.6,FOUNDATION-DETERMINISTIC,tool/harness,,tool_failure,run_terminal_command outcome=error,,,~/.grok/sessions/<encoded-cwd>/01a0017f-b635-7450-8e12-160a80f8425d/events.jsonl
3a93ffe88851cd7a9741,2026-08-14T18:33:22.058Z,01a00189-637b-7563-96b0-4744d8164635,019ffdda-1b40-7b90-91ae-cc7f3ad623b0,,critic,critic,deepseek-v4-flash-0731,FOUNDATION-DETERMINISTIC,tool/harness,,tool_failure,run_terminal_command outcome=error,,,~/.grok/sessions/<encoded-cwd>/01a00189-637b-7563-96b0-4744d8164635/events.jsonl
2d6c63f7178c68b255a6,2026-08-14T18:33:28.465Z,01a00189-637b-7563-96b0-4744d8164635,019ffdda-1b40-7b90-91ae-cc7f3ad623b0,,critic,critic,deepseek-v4-flash-0731,FOUNDATION-DETERMINISTIC,tool/harness,,tool_failure,run_terminal_command outcome=error,,,~/.grok/sessions/<encoded-cwd>/01a00189-637b-7563-96b0-4744d8164635/events.jsonl
f8bce04fd5f6bd12c0fa,2026-08-14T18:43:07.276Z,01a00194-dc5d-74a3-99e8-ea03bd0ef23c,019ffdda-1b40-7b90-91ae-cc7f3ad623b0,,builder-qwen,builder,qwen3.6,FOUNDATION-MUTANT-REDUCTION,tool/harness,,tool_failure,read_file outcome=error,,,~/.grok/sessions/<encoded-cwd>/01a00194-dc5d-74a3-99e8-ea03bd0ef23c/events.jsonl
25b3566a6015e2957d3a,2026-08-14T18:45:13.847Z,01a00194-dc5d-74a3-99e8-ea03bd0ef23c,019ffdda-1b40-7b90-91ae-cc7f3ad623b0,,builder-qwen,builder,qwen3.6,FOUNDATION-MUTANT-REDUCTION,tool/harness,,tool_failure,search_replace outcome=error,,,~/.grok/sessions/<encoded-cwd>/01a00194-dc5d-74a3-99e8-ea03bd0ef23c/events.jsonl
924f1a9894f493aba1bd,2026-08-14T18:48:31.211Z,01a00194-dc5d-74a3-99e8-ea03bd0ef23c,019ffdda-1b40-7b90-91ae-cc7f3ad623b0,,builder-qwen,builder,qwen3.6,FOUNDATION-MUTANT-REDUCTION,tool/harness,,tool_failure,search_replace outcome=error,,,~/.grok/sessions/<encoded-cwd>/01a00194-dc5d-74a3-99e8-ea03bd0ef23c/events.jsonl
e78b7d5fda192cd434e4,2026-08-14T18:49:44.795Z,01a00194-dc5d-74a3-99e8-ea03bd0ef23c,019ffdda-1b40-7b90-91ae-cc7f3ad623b0,,builder-qwen,builder,qwen3.6,FOUNDATION-MUTANT-REDUCTION,tool/harness,,tool_failure,run_terminal_command outcome=error,,,~/.grok/sessions/<encoded-cwd>/01a00194-dc5d-74a3-99e8-ea03bd0ef23c/events.jsonl
d762d56e22efd4631dcc,2026-08-14T18:50:47.407Z,01a00194-dc5d-74a3-99e8-ea03bd0ef23c,019ffdda-1b40-7b90-91ae-cc7f3ad623b0,,builder-qwen,builder,qwen3.6,FOUNDATION-MUTANT-REDUCTION,tool/harness,,tool_failure,run_terminal_command outcome=error,,,~/.grok/sessions/<encoded-cwd>/01a00194-dc5d-74a3-99e8-ea03bd0ef23c/events.jsonl
ea34f7296db4635cadf9,2026-08-14T18:52:10.609Z,01a00194-dc5d-74a3-99e8-ea03bd0ef23c,019ffdda-1b40-7b90-91ae-cc7f3ad623b0,,builder-qwen,builder,qwen3.6,FOUNDATION-MUTANT-REDUCTION,tool/harness,,tool_failure,run_terminal_command outcome=error,,,~/.grok/sessions/<encoded-cwd>/01a00194-dc5d-74a3-99e8-ea03bd0ef23c/events.jsonl
bd0c9c488434f22c55ca,2026-08-14T18:55:37.378Z,01a00194-dc5d-74a3-99e8-ea03bd0ef23c,019ffdda-1b40-7b90-91ae-cc7f3ad623b0,,builder-qwen,builder,qwen3.6,FOUNDATION-MUTANT-REDUCTION,tool/harness,,tool_failure,run_terminal_command outcome=error,,,~/.grok/sessions/<encoded-cwd>/01a00194-dc5d-74a3-99e8-ea03bd0ef23c/events.jsonl
37aaa82c8c408042f041,2026-08-14T18:55:43.380Z,01a00194-dc5d-74a3-99e8-ea03bd0ef23c,019ffdda-1b40-7b90-91ae-cc7f3ad623b0,,builder-qwen,builder,qwen3.6,FOUNDATION-MUTANT-REDUCTION,tool/harness,,tool_failure,run_terminal_command outcome=error,,,~/.grok/sessions/<encoded-cwd>/01a00194-dc5d-74a3-99e8-ea03bd0ef23c/events.jsonl
21698fe605ffa01d0779,2026-08-14T18:56:32.871Z,01a00194-dc5d-74a3-99e8-ea03bd0ef23c,019ffdda-1b40-7b90-91ae-cc7f3ad623b0,,builder-qwen,builder,qwen3.6,FOUNDATION-MUTANT-REDUCTION,tool/harness,,tool_failure,run_terminal_command outcome=error,,,~/.grok/sessions/<encoded-cwd>/01a00194-dc5d-74a3-99e8-ea03bd0ef23c/events.jsonl
0caee46fbdf2abdf0009,2026-08-14T19:14:47.096Z,01a001b1-ffdb-79d3-bf16-d84540eee5eb,019ffdda-1b40-7b90-91ae-cc7f3ad623b0,,critic,critic,deepseek-v4-flash-0731,FOUNDATION-MUTANT-REDUCTION,tool/harness,,tool_failure,run_terminal_command outcome=error,,,~/.grok/sessions/<encoded-cwd>/01a001b1-ffdb-79d3-bf16-d84540eee5eb/events.jsonl
888bcb4e1eed82db13cc,2026-08-14T19:16:53.398Z,01a001b1-ffdb-79d3-bf16-d84540eee5eb,019ffdda-1b40-7b90-91ae-cc7f3ad623b0,,critic,critic,deepseek-v4-flash-0731,FOUNDATION-MUTANT-REDUCTION,tool/harness,,tool_failure,run_terminal_command outcome=error,,,~/.grok/sessions/<encoded-cwd>/01a001b1-ffdb-79d3-bf16-d84540eee5eb/events.jsonl
ddbfc65b7a2f764dd9d3,2026-08-14T19:28:14.576Z,01a001bb-8642-70d2-9766-c8e0e881ebfc,019ffdda-1b40-7b90-91ae-cc7f3ad623b0,,builder-qwen,builder,qwen3.6,FOUNDATION-PROMOTION,tool/harness,,tool_failure,run_terminal_command outcome=error,,,~/.grok/sessions/<encoded-cwd>/01a001bb-8642-70d2-9766-c8e0e881ebfc/events.jsonl
d91227780360a779a8a9,2026-08-14T19:29:31.453Z,01a001bb-8642-70d2-9766-c8e0e881ebfc,019ffdda-1b40-7b90-91ae-cc7f3ad623b0,,builder-qwen,builder,qwen3.6,FOUNDATION-PROMOTION,tool/harness,,tool_failure,run_terminal_command outcome=error,,,~/.grok/sessions/<encoded-cwd>/01a001bb-8642-70d2-9766-c8e0e881ebfc/events.jsonl
5ea9728cf1ab509fae36,2026-08-14T19:31:05.313Z,01a001bb-8642-70d2-9766-c8e0e881ebfc,019ffdda-1b40-7b90-91ae-cc7f3ad623b0,,builder-qwen,builder,qwen3.6,FOUNDATION-PROMOTION,tool/harness,,tool_failure,run_terminal_command outcome=error,,,~/.grok/sessions/<encoded-cwd>/01a001bb-8642-70d2-9766-c8e0e881ebfc/events.jsonl
00b9859148b9f68b4b08,2026-08-14T19:32:27.316Z,01a001bb-8642-70d2-9766-c8e0e881ebfc,019ffdda-1b40-7b90-91ae-cc7f3ad623b0,,builder-qwen,builder,qwen3.6,FOUNDATION-PROMOTION,tool/harness,,tool_failure,run_terminal_command outcome=error,,,~/.grok/sessions/<encoded-cwd>/01a001bb-8642-70d2-9766-c8e0e881ebfc/events.jsonl
1fc1e9ffffd2ed06191f,2026-08-14T19:33:48.803Z,01a001bb-8642-70d2-9766-c8e0e881ebfc,019ffdda-1b40-7b90-91ae-cc7f3ad623b0,,builder-qwen,builder,qwen3.6,FOUNDATION-PROMOTION,tool/harness,,tool_failure,run_terminal_command outcome=error,,,~/.grok/sessions/<encoded-cwd>/01a001bb-8642-70d2-9766-c8e0e881ebfc/events.jsonl
f00f0a0bf566743b5b4b,2026-08-14T19:34:03.796Z,01a001bb-8642-70d2-9766-c8e0e881ebfc,019ffdda-1b40-7b90-91ae-cc7f3ad623b0,,builder-qwen,builder,qwen3.6,FOUNDATION-PROMOTION,tool/harness,,tool_failure,run_terminal_command outcome=error,,,~/.grok/sessions/<encoded-cwd>/01a001bb-8642-70d2-9766-c8e0e881ebfc/events.jsonl
64ebd6561008a417b300,2026-08-14T20:01:18.084Z,01a001d8-73cb-7b42-bcfe-5281df373807,019ffdda-1b40-7b90-91ae-cc7f3ad623b0,,builder-qwen,builder,qwen3.6,CAPABILITY-DESIGN-PROFILE,tool/harness,,tool_failure,run_terminal_command outcome=error,,,~/.grok/sessions/<encoded-cwd>/01a001d8-73cb-7b42-bcfe-5281df373807/events.jsonl
2231756122f74183d996,2026-08-14T20:07:33.613Z,01a001df-d2ea-7623-a86f-1016d95fb143,019ffdda-1b40-7b90-91ae-cc7f3ad623b0,,critic,critic,deepseek-v4-flash-0731,CAPABILITY-DESIGN-PROFILE,tool/harness,,tool_failure,run_terminal_command outcome=error,,,~/.grok/sessions/<encoded-cwd>/01a001df-d2ea-7623-a86f-1016d95fb143/events.jsonl
afa7f4705d2cccb6bcce,2026-08-14T20:23:56.999Z,01a001ea-abbf-7843-bf17-6316587e598b,019ffdda-1b40-7b90-91ae-cc7f3ad623b0,,builder-mimo,builder,mimo-v2.5,PLAYABLE-FIRST-TOUCH,tool/harness,,tool_failure,run_terminal_command outcome=error,,,~/.grok/sessions/<encoded-cwd>/01a001ea-abbf-7843-bf17-6316587e598b/events.jsonl
0f3643024223223be1d4,2026-08-14T20:28:37.664Z,01a001ea-abbf-7843-bf17-6316587e598b,019ffdda-1b40-7b90-91ae-cc7f3ad623b0,,builder-mimo,builder,mimo-v2.5,PLAYABLE-FIRST-TOUCH,tool/harness,,tool_failure,run_terminal_command outcome=error,,,~/.grok/sessions/<encoded-cwd>/01a001ea-abbf-7843-bf17-6316587e598b/events.jsonl
a16f8719ec0a04e5634f,2026-08-14T20:42:44.441Z,019ffdda-1b40-7b90-91ae-cc7f3ad623b0,,,grok-build-plan,parent/orchestrator,deepseek-v4-flash-0731,BOOTSTRAP-01,tool/harness,,tool_failure,get_command_or_subagent_output outcome=error,,,~/.grok/sessions/<encoded-cwd>/019ffdda-1b40-7b90-91ae-cc7f3ad623b0/events.jsonl
0dd0121aa14739c904ed,2026-08-14T20:54:00.589Z,01a0020b-093e-78b0-a4fd-1a61185a78d6,019ffdda-1b40-7b90-91ae-cc7f3ad623b0,,critic,critic,deepseek-v4-flash-0731,PLAYABLE-BASIC-PASS,tool/harness,,tool_failure,run_terminal_command outcome=error,,,~/.grok/sessions/<encoded-cwd>/01a0020b-093e-78b0-a4fd-1a61185a78d6/events.jsonl
6b9f86b52c794a3fdad3,2026-08-14T20:56:06.066Z,01a0020f-5f99-7ef3-85f0-6a559e2a604f,019ffdda-1b40-7b90-91ae-cc7f3ad623b0,,builder-mimo,builder,mimo-v2.5,PLAYABLE-BASIC-PASS,tool/harness,,tool_failure,read_file outcome=error,,,~/.grok/sessions/<encoded-cwd>/01a0020f-5f99-7ef3-85f0-6a559e2a604f/events.jsonl
46e8a994a59bf68cc4a9,2026-08-14T21:11:33.941Z,019ffdda-1b40-7b90-91ae-cc7f3ad623b0,,,grok-build-plan,parent/orchestrator,deepseek-v4-flash-0731,BOOTSTRAP-01,tool/harness,,tool_failure,get_command_or_subagent_output outcome=error,,,~/.grok/sessions/<encoded-cwd>/019ffdda-1b40-7b90-91ae-cc7f3ad623b0/events.jsonl
24a662a4158ce8aa505c,2026-08-14T21:11:55.866Z,01a0021d-a6a6-7923-bba9-8e2fd45aa909,019ffdda-1b40-7b90-91ae-cc7f3ad623b0,,builder-mimo,builder,mimo-v2.5,PLAYABLE-BASIC-SHOT,tool/harness,,tool_failure,list_dir outcome=error,,,~/.grok/sessions/<encoded-cwd>/01a0021d-a6a6-7923-bba9-8e2fd45aa909/events.jsonl
c3c094915a29607507f1,2026-08-14T21:19:14.986Z,01a0021d-a6a6-7923-bba9-8e2fd45aa909,019ffdda-1b40-7b90-91ae-cc7f3ad623b0,,builder-mimo,builder,mimo-v2.5,PLAYABLE-BASIC-SHOT,tool/harness,,tool_failure,run_terminal_command outcome=error,,,~/.grok/sessions/<encoded-cwd>/01a0021d-a6a6-7923-bba9-8e2fd45aa909/events.jsonl
1d4e1285cee00be345b8,2026-08-14T21:34:54.138Z,019ffdda-1b40-7b90-91ae-cc7f3ad623b0,,,grok-build-plan,parent/orchestrator,deepseek-v4-flash-0731,BOOTSTRAP-01,tool/harness,,tool_failure,get_command_or_subagent_output outcome=error,,,~/.grok/sessions/<encoded-cwd>/019ffdda-1b40-7b90-91ae-cc7f3ad623b0/events.jsonl
89467aab64a885c998d4,2026-08-14T21:41:00.812Z,01a00233-082a-7200-bdf2-c4c397e24cdb,019ffdda-1b40-7b90-91ae-cc7f3ad623b0,,builder-qwen,builder,qwen3.6,PLAYABLE-SECOND-SLOT,tool/harness,,tool_failure,run_terminal_command outcome=error,,,~/.grok/sessions/<encoded-cwd>/01a00233-082a-7200-bdf2-c4c397e24cdb/events.jsonl
57b00b65e4ee6eb69f8f,2026-08-14T21:43:41.261Z,01a00233-082a-7200-bdf2-c4c397e24cdb,019ffdda-1b40-7b90-91ae-cc7f3ad623b0,,builder-qwen,builder,qwen3.6,PLAYABLE-SECOND-SLOT,tool/harness,,tool_failure,run_terminal_command outcome=error,,,~/.grok/sessions/<encoded-cwd>/01a00233-082a-7200-bdf2-c4c397e24cdb/events.jsonl
fe84d8d86b9c34eb4bb1,2026-08-14T21:45:10.086Z,01a00233-082a-7200-bdf2-c4c397e24cdb,019ffdda-1b40-7b90-91ae-cc7f3ad623b0,,builder-qwen,builder,qwen3.6,PLAYABLE-SECOND-SLOT,tool/harness,,tool_failure,run_terminal_command outcome=error,,,~/.grok/sessions/<encoded-cwd>/01a00233-082a-7200-bdf2-c4c397e24cdb/events.jsonl
e3c7dcbe9f734b89fd08,2026-08-14T21:47:26.737Z,01a00233-082a-7200-bdf2-c4c397e24cdb,019ffdda-1b40-7b90-91ae-cc7f3ad623b0,,builder-qwen,builder,qwen3.6,PLAYABLE-SECOND-SLOT,tool/harness,,tool_failure,search_replace outcome=error,,,~/.grok/sessions/<encoded-cwd>/01a00233-082a-7200-bdf2-c4c397e24cdb/events.jsonl
c1f0b5fa7f1b29699992,2026-08-14T21:50:19.132Z,01a00233-082a-7200-bdf2-c4c397e24cdb,019ffdda-1b40-7b90-91ae-cc7f3ad623b0,,builder-qwen,builder,qwen3.6,PLAYABLE-SECOND-SLOT,tool/harness,,tool_failure,search_replace outcome=error,,,~/.grok/sessions/<encoded-cwd>/01a00233-082a-7200-bdf2-c4c397e24cdb/events.jsonl
86c02a54263e4e045c36,2026-08-14T21:51:03.622Z,01a00233-082a-7200-bdf2-c4c397e24cdb,019ffdda-1b40-7b90-91ae-cc7f3ad623b0,,builder-qwen,builder,qwen3.6,PLAYABLE-SECOND-SLOT,tool/harness,,tool_failure,run_terminal_command outcome=error,,,~/.grok/sessions/<encoded-cwd>/01a00233-082a-7200-bdf2-c4c397e24cdb/events.jsonl
c2b12aaae4f2e981bf95,2026-08-14T21:57:02.293Z,019ffdda-1b40-7b90-91ae-cc7f3ad623b0,,,grok-build-plan,parent/orchestrator,deepseek-v4-flash-0731,BOOTSTRAP-01,tool/harness,,tool_failure,get_command_or_subagent_output outcome=error,,,~/.grok/sessions/<encoded-cwd>/019ffdda-1b40-7b90-91ae-cc7f3ad623b0/events.jsonl
a75fe9af8321924e6969,2026-08-14T22:09:32.069Z,01a00252-7e8d-7b13-8128-e20dbc3b2a3c,019ffdda-1b40-7b90-91ae-cc7f3ad623b0,,critic,critic,deepseek-v4-flash-0731,PLAYABLE-SECOND-SLOT,tool/harness,,tool_failure,read_file outcome=error,,,~/.grok/sessions/<encoded-cwd>/01a00252-7e8d-7b13-8128-e20dbc3b2a3c/events.jsonl
d6959265bd63f50b8764,2026-08-14T22:13:18.155Z,01a00252-7e8d-7b13-8128-e20dbc3b2a3c,019ffdda-1b40-7b90-91ae-cc7f3ad623b0,01a00252-7e8d-7b13-8128-e20dbc3b2a3c:00013,critic,critic,deepseek-v4-flash-0731,PLAYABLE-SECOND-SLOT,provider,,provider_retry,provider retry marker,1,,~/.grok/sessions/<encoded-cwd>/01a00252-7e8d-7b13-8128-e20dbc3b2a3c/chat_history.jsonl
b9b8064234b43f1978e5,2026-08-14T22:18:18.758Z,019ffdda-1b40-7b90-91ae-cc7f3ad623b0,,,grok-build-plan,parent/orchestrator,deepseek-v4-flash-0731,BOOTSTRAP-01,tool/harness,,tool_failure,read_file outcome=error,,,~/.grok/sessions/<encoded-cwd>/019ffdda-1b40-7b90-91ae-cc7f3ad623b0/events.jsonl
fc614b1c02db8617e580,2026-08-14T22:29:31.398Z,01a0025d-78a4-7182-a57f-590fe249bb4a,019ffdda-1b40-7b90-91ae-cc7f3ad623b0,,builder-mimo,builder,mimo-v2.5,PLAYABLE-CLOSE-CONTROL,tool/harness,,tool_failure,run_terminal_command outcome=error,,,~/.grok/sessions/<encoded-cwd>/01a0025d-78a4-7182-a57f-590fe249bb4a/events.jsonl
d9d0a89ace676f6ee2d8,2026-08-14T22:36:18.762Z,01a00268-02af-7e12-9846-3fd816211287,019ffdda-1b40-7b90-91ae-cc7f3ad623b0,,critic,critic,deepseek-v4-flash-0731,PLAYABLE-CLOSE-CONTROL,tool/harness,,tool_failure,run_terminal_command outcome=error,,,~/.grok/sessions/<encoded-cwd>/01a00268-02af-7e12-9846-3fd816211287/events.jsonl
e078c28c1c77093082cf,2026-08-14T22:43:43.011Z,01a0026b-df6e-7fb0-bcf6-948c977aa85c,019ffdda-1b40-7b90-91ae-cc7f3ad623b0,,builder-mimo,builder,mimo-v2.5,PLAYABLE-CLOSE-CONTROL,tool/harness,,tool_failure,run_terminal_command outcome=error,,,~/.grok/sessions/<encoded-cwd>/01a0026b-df6e-7fb0-bcf6-948c977aa85c/events.jsonl
4e12feff7da5a6d6ca41,2026-08-14T22:47:02.540Z,01a0026b-df6e-7fb0-bcf6-948c977aa85c,019ffdda-1b40-7b90-91ae-cc7f3ad623b0,,builder-mimo,builder,mimo-v2.5,PLAYABLE-CLOSE-CONTROL,tool/harness,,tool_failure,read_file outcome=error,,,~/.grok/sessions/<encoded-cwd>/01a0026b-df6e-7fb0-bcf6-948c977aa85c/events.jsonl
e66b6546fd052a28de67,2026-08-14T22:47:43.300Z,01a0026b-df6e-7fb0-bcf6-948c977aa85c,019ffdda-1b40-7b90-91ae-cc7f3ad623b0,,builder-mimo,builder,mimo-v2.5,PLAYABLE-CLOSE-CONTROL,tool/harness,,tool_failure,read_file outcome=error,,,~/.grok/sessions/<encoded-cwd>/01a0026b-df6e-7fb0-bcf6-948c977aa85c/events.jsonl
7ba1ca7d8a3371467dc6,2026-08-14T22:48:47.935Z,01a0026b-df6e-7fb0-bcf6-948c977aa85c,019ffdda-1b40-7b90-91ae-cc7f3ad623b0,,builder-mimo,builder,mimo-v2.5,PLAYABLE-CLOSE-CONTROL,tool/harness,,tool_failure,read_file outcome=error,,,~/.grok/sessions/<encoded-cwd>/01a0026b-df6e-7fb0-bcf6-948c977aa85c/events.jsonl
0a4bf82ef80450d9c9e8,2026-08-14T23:02:35.112Z,019ffdda-1b40-7b90-91ae-cc7f3ad623b0,,,grok-build-plan,parent/orchestrator,deepseek-v4-flash-0731,BOOTSTRAP-01,tool/harness,,tool_failure,search_replace outcome=error,,,~/.grok/sessions/<encoded-cwd>/019ffdda-1b40-7b90-91ae-cc7f3ad623b0/events.jsonl
191b20958fe991f3bb2d,2026-08-14T23:05:00.344Z,01a00283-d9cf-7931-9be3-c6871847cb71,019ffdda-1b40-7b90-91ae-cc7f3ad623b0,,builder-mimo,builder,mimo-v2.5,PLAYABLE-PLAYER-DUEL,tool/harness,,tool_failure,search_replace outcome=error,,,~/.grok/sessions/<encoded-cwd>/01a00283-d9cf-7931-9be3-c6871847cb71/events.jsonl
a6844d4f1ec36a12bb87,2026-08-14T23:10:23.774Z,01a00283-d9cf-7931-9be3-c6871847cb71,019ffdda-1b40-7b90-91ae-cc7f3ad623b0,,builder-mimo,builder,mimo-v2.5,PLAYABLE-PLAYER-DUEL,tool/harness,,tool_failure,run_terminal_command outcome=error,,,~/.grok/sessions/<encoded-cwd>/01a00283-d9cf-7931-9be3-c6871847cb71/events.jsonl
73bcb6167b3b193e88ab,2026-08-14T23:14:10.942Z,01a00283-d9cf-7931-9be3-c6871847cb71,019ffdda-1b40-7b90-91ae-cc7f3ad623b0,,builder-mimo,builder,mimo-v2.5,PLAYABLE-PLAYER-DUEL,tool/harness,,tool_failure,run_terminal_command outcome=error,,,~/.grok/sessions/<encoded-cwd>/01a00283-d9cf-7931-9be3-c6871847cb71/events.jsonl
cfbb331b59ed1a485fca,2026-08-14T23:17:31.358Z,019ffdda-1b40-7b90-91ae-cc7f3ad623b0,,,grok-build-plan,parent/orchestrator,deepseek-v4-flash-0731,BOOTSTRAP-01,tool/harness,,tool_failure,grep outcome=error,,,~/.grok/sessions/<encoded-cwd>/019ffdda-1b40-7b90-91ae-cc7f3ad623b0/events.jsonl
1eb761bb1edfa9079be1,2026-08-14T23:23:19.576Z,01a00296-3773-7633-bbe9-047ea569ae65,019ffdda-1b40-7b90-91ae-cc7f3ad623b0,,builder-mimo,builder,mimo-v2.5,PLAYABLE-PLAYER-DUEL,tool/harness,,tool_failure,read_file outcome=error,,,~/.grok/sessions/<encoded-cwd>/01a00296-3773-7633-bbe9-047ea569ae65/events.jsonl
b903170f7a5265fb2e82,2026-08-14T23:45:56.385Z,01a002a3-7a01-7ee0-8576-e8a42efd8610,019ffdda-1b40-7b90-91ae-cc7f3ad623b0,,builder-qwen,builder,qwen3.6,PLAYABLE-ENGINE-DESIGN-RUNNER,tool/harness,,tool_failure,run_terminal_command outcome=error,,,~/.grok/sessions/<encoded-cwd>/01a002a3-7a01-7ee0-8576-e8a42efd8610/events.jsonl
5ff0b037560193a6ecfc,2026-08-14T23:47:39.686Z,01a002a3-7a01-7ee0-8576-e8a42efd8610,019ffdda-1b40-7b90-91ae-cc7f3ad623b0,,builder-qwen,builder,qwen3.6,PLAYABLE-ENGINE-DESIGN-RUNNER,tool/harness,,tool_failure,run_terminal_command outcome=error,,,~/.grok/sessions/<encoded-cwd>/01a002a3-7a01-7ee0-8576-e8a42efd8610/events.jsonl
8d39f3f8559fb86a2411,2026-08-14T23:50:26.802Z,01a002a3-7a01-7ee0-8576-e8a42efd8610,019ffdda-1b40-7b90-91ae-cc7f3ad623b0,,builder-qwen,builder,qwen3.6,PLAYABLE-ENGINE-DESIGN-RUNNER,tool/harness,,tool_failure,run_terminal_command outcome=error,,,~/.grok/sessions/<encoded-cwd>/01a002a3-7a01-7ee0-8576-e8a42efd8610/events.jsonl
f3d8a228ca55b4ee58bf,2026-08-14T23:50:53.502Z,01a002a3-7a01-7ee0-8576-e8a42efd8610,019ffdda-1b40-7b90-91ae-cc7f3ad623b0,,builder-qwen,builder,qwen3.6,PLAYABLE-ENGINE-DESIGN-RUNNER,tool/harness,,tool_failure,run_terminal_command outcome=error,,,~/.grok/sessions/<encoded-cwd>/01a002a3-7a01-7ee0-8576-e8a42efd8610/events.jsonl
51a0c2e815e8ba479524,2026-08-14T23:52:14.786Z,01a002a3-7a01-7ee0-8576-e8a42efd8610,019ffdda-1b40-7b90-91ae-cc7f3ad623b0,,builder-qwen,builder,qwen3.6,PLAYABLE-ENGINE-DESIGN-RUNNER,tool/harness,,tool_failure,run_terminal_command outcome=error,,,~/.grok/sessions/<encoded-cwd>/01a002a3-7a01-7ee0-8576-e8a42efd8610/events.jsonl
aea388c2574bacebf1ac,2026-08-14T23:52:28.305Z,01a002a3-7a01-7ee0-8576-e8a42efd8610,019ffdda-1b40-7b90-91ae-cc7f3ad623b0,,builder-qwen,builder,qwen3.6,PLAYABLE-ENGINE-DESIGN-RUNNER,tool/harness,,tool_failure,run_terminal_command outcome=error,,,~/.grok/sessions/<encoded-cwd>/01a002a3-7a01-7ee0-8576-e8a42efd8610/events.jsonl
aaac8ceef977047d83ee,2026-08-14T23:54:01.419Z,01a002a3-7a01-7ee0-8576-e8a42efd8610,019ffdda-1b40-7b90-91ae-cc7f3ad623b0,,builder-qwen,builder,qwen3.6,PLAYABLE-ENGINE-DESIGN-RUNNER,tool/harness,,tool_failure,run_terminal_command outcome=error,,,~/.grok/sessions/<encoded-cwd>/01a002a3-7a01-7ee0-8576-e8a42efd8610/events.jsonl
3228973bf3ffa79a30cb,2026-08-14T23:56:10.838Z,01a002a3-7a01-7ee0-8576-e8a42efd8610,019ffdda-1b40-7b90-91ae-cc7f3ad623b0,,builder-qwen,builder,qwen3.6,PLAYABLE-ENGINE-DESIGN-RUNNER,tool/harness,,tool_failure,run_terminal_command outcome=error,,,~/.grok/sessions/<encoded-cwd>/01a002a3-7a01-7ee0-8576-e8a42efd8610/events.jsonl
c1a255ae259463511730,2026-08-14T23:56:25.141Z,01a002a3-7a01-7ee0-8576-e8a42efd8610,019ffdda-1b40-7b90-91ae-cc7f3ad623b0,,builder-qwen,builder,qwen3.6,PLAYABLE-ENGINE-DESIGN-RUNNER,tool/harness,,tool_failure,search_replace outcome=error,,,~/.grok/sessions/<encoded-cwd>/01a002a3-7a01-7ee0-8576-e8a42efd8610/events.jsonl
137c63859ff3ab0bbedb,2026-08-14T23:57:11.419Z,01a002a3-7a01-7ee0-8576-e8a42efd8610,019ffdda-1b40-7b90-91ae-cc7f3ad623b0,,builder-qwen,builder,qwen3.6,PLAYABLE-ENGINE-DESIGN-RUNNER,tool/harness,,tool_failure,run_terminal_command outcome=error,,,~/.grok/sessions/<encoded-cwd>/01a002a3-7a01-7ee0-8576-e8a42efd8610/events.jsonl
ea21e86fc9344000411d,2026-08-14T23:59:28.023Z,01a002a3-7a01-7ee0-8576-e8a42efd8610,019ffdda-1b40-7b90-91ae-cc7f3ad623b0,,builder-qwen,builder,qwen3.6,PLAYABLE-ENGINE-DESIGN-RUNNER,tool/harness,,tool_failure,run_terminal_command outcome=error,,,~/.grok/sessions/<encoded-cwd>/01a002a3-7a01-7ee0-8576-e8a42efd8610/events.jsonl
42cf79bc17ac941844f8,2026-08-15T00:10:28.330Z,01a002bc-f12a-7221-85b1-b9cd62b59484,019ffdda-1b40-7b90-91ae-cc7f3ad623b0,,integration-reviewer,integration reviewer,deepseek-v4-flash-0731,PLAYABLE-ENGINE-DESIGN-RUNNER,tool/harness,,tool_failure,run_terminal_command outcome=error,,,~/.grok/sessions/<encoded-cwd>/01a002bc-f12a-7221-85b1-b9cd62b59484/events.jsonl
796bcf7cae6ca1e99ea7,2026-08-15T00:18:32.646Z,01a002c4-1596-7b40-9dc8-6937e0443d6d,019ffdda-1b40-7b90-91ae-cc7f3ad623b0,,builder-qwen,builder,qwen3.6,PLAYABLE-FICTIONAL-ARCHETYPES,tool/harness,,tool_failure,run_terminal_command outcome=error,,,~/.grok/sessions/<encoded-cwd>/01a002c4-1596-7b40-9dc8-6937e0443d6d/events.jsonl
db4e7ccfd453debea99d,2026-08-15T00:23:01.032Z,01a002c4-1596-7b40-9dc8-6937e0443d6d,019ffdda-1b40-7b90-91ae-cc7f3ad623b0,,builder-qwen,builder,qwen3.6,PLAYABLE-FICTIONAL-ARCHETYPES,tool/harness,,tool_failure,search_replace outcome=error,,,~/.grok/sessions/<encoded-cwd>/01a002c4-1596-7b40-9dc8-6937e0443d6d/events.jsonl
1955fea8445d72a25247,2026-08-15T00:25:28.707Z,01a002c4-1596-7b40-9dc8-6937e0443d6d,019ffdda-1b40-7b90-91ae-cc7f3ad623b0,,builder-qwen,builder,qwen3.6,PLAYABLE-FICTIONAL-ARCHETYPES,tool/harness,,tool_failure,search_replace outcome=error,,,~/.grok/sessions/<encoded-cwd>/01a002c4-1596-7b40-9dc8-6937e0443d6d/events.jsonl
8dc617b2e4a89e80e359,2026-08-15T00:34:45.790Z,01a002c4-1596-7b40-9dc8-6937e0443d6d,019ffdda-1b40-7b90-91ae-cc7f3ad623b0,,builder-qwen,builder,qwen3.6,PLAYABLE-FICTIONAL-ARCHETYPES,tool/harness,,tool_failure,run_terminal_command outcome=error,,,~/.grok/sessions/<encoded-cwd>/01a002c4-1596-7b40-9dc8-6937e0443d6d/events.jsonl
c55db85b1b9bcf4bb0fb,2026-08-15T00:37:46.195Z,01a002c4-1596-7b40-9dc8-6937e0443d6d,019ffdda-1b40-7b90-91ae-cc7f3ad623b0,,builder-qwen,builder,qwen3.6,PLAYABLE-FICTIONAL-ARCHETYPES,tool/harness,,tool_failure,run_terminal_command outcome=error,,,~/.grok/sessions/<encoded-cwd>/01a002c4-1596-7b40-9dc8-6937e0443d6d/events.jsonl
b96d596b493abed201ad,2026-08-15T00:37:55.973Z,01a002c4-1596-7b40-9dc8-6937e0443d6d,019ffdda-1b40-7b90-91ae-cc7f3ad623b0,,builder-qwen,builder,qwen3.6,PLAYABLE-FICTIONAL-ARCHETYPES,tool/harness,,tool_failure,run_terminal_command outcome=error,,,~/.grok/sessions/<encoded-cwd>/01a002c4-1596-7b40-9dc8-6937e0443d6d/events.jsonl
71e25f33ddcb9872d0ff,2026-08-15T00:45:04.160Z,01a002de-431e-7830-8c72-6db7f827d7dc,019ffdda-1b40-7b90-91ae-cc7f3ad623b0,,critic,critic,deepseek-v4-flash-0731,PLAYABLE-FICTIONAL-ARCHETYPES,tool/harness,,tool_failure,run_terminal_command outcome=error,,,~/.grok/sessions/<encoded-cwd>/01a002de-431e-7830-8c72-6db7f827d7dc/events.jsonl
e99cdbb05118cac29bc4,2026-08-15T00:57:36.298Z,01a002ea-6e46-7370-beb3-b6f4e69f25fc,019ffdda-1b40-7b90-91ae-cc7f3ad623b0,,builder-qwen,builder,qwen3.6,PLAYABLE-BROWSER-1V1,tool/harness,,tool_failure,run_terminal_command outcome=error,,,~/.grok/sessions/<encoded-cwd>/01a002ea-6e46-7370-beb3-b6f4e69f25fc/events.jsonl
ed64e8b6d22954c03e53,2026-08-15T00:58:04.786Z,01a002ea-6e46-7370-beb3-b6f4e69f25fc,019ffdda-1b40-7b90-91ae-cc7f3ad623b0,,builder-qwen,builder,qwen3.6,PLAYABLE-BROWSER-1V1,tool/harness,,tool_failure,run_terminal_command outcome=error,,,~/.grok/sessions/<encoded-cwd>/01a002ea-6e46-7370-beb3-b6f4e69f25fc/events.jsonl
d992ad1a691beb22496e,2026-08-15T01:00:25.996Z,01a002ea-6e46-7370-beb3-b6f4e69f25fc,019ffdda-1b40-7b90-91ae-cc7f3ad623b0,,builder-qwen,builder,qwen3.6,PLAYABLE-BROWSER-1V1,tool/harness,,tool_failure,run_terminal_command outcome=error,,,~/.grok/sessions/<encoded-cwd>/01a002ea-6e46-7370-beb3-b6f4e69f25fc/events.jsonl
64b2fc65d7e33574c571,2026-08-15T01:08:39.805Z,01a002f6-50f7-73e1-8671-36ec54308984,019ffdda-1b40-7b90-91ae-cc7f3ad623b0,,integration-reviewer,integration reviewer,deepseek-v4-flash-0731,PLAYABLE-BROWSER-1V1,tool/harness,,tool_failure,run_terminal_command outcome=error,,,~/.grok/sessions/<encoded-cwd>/01a002f6-50f7-73e1-8671-36ec54308984/events.jsonl
30bcec890f4ef8b90e29,2026-08-15T01:16:51.856Z,019ffdda-1b40-7b90-91ae-cc7f3ad623b0,,019ffdda-1b40-7b90-91ae-cc7f3ad623b0:00673,orchestrator,parent/orchestrator,grok-4.6,,provider,,provider_retry,provider retry marker,6,,~/.grok/sessions/<encoded-cwd>/019ffdda-1b40-7b90-91ae-cc7f3ad623b0/chat_history.jsonl
98d95398b935c71353ac,2026-08-15T01:20:31.704Z,01a002fb-c562-7e51-9871-1389bb04136e,019ffdda-1b40-7b90-91ae-cc7f3ad623b0,,builder-qwen,builder,qwen3.6,PLAYABLE-1V1-PROFILE,tool/harness,,tool_failure,run_terminal_command outcome=error,,,~/.grok/sessions/<encoded-cwd>/01a002fb-c562-7e51-9871-1389bb04136e/events.jsonl
a993e08f2a88726189da,2026-08-15T01:29:44.015Z,01a00309-831b-7ab3-9150-71bd1b27b3f9,019ffdda-1b40-7b90-91ae-cc7f3ad623b0,,integration-reviewer,integration reviewer,deepseek-v4-flash-0731,PLAYABLE-1V1-PROFILE,tool/harness,,tool_failure,run_terminal_command outcome=error,,,~/.grok/sessions/<encoded-cwd>/01a00309-831b-7ab3-9150-71bd1b27b3f9/events.jsonl
58d47fdd727d955adde8,2026-08-15T01:32:23.845Z,01a00309-831b-7ab3-9150-71bd1b27b3f9,019ffdda-1b40-7b90-91ae-cc7f3ad623b0,,integration-reviewer,integration reviewer,deepseek-v4-flash-0731,PLAYABLE-1V1-PROFILE,tool/harness,,tool_failure,run_terminal_command outcome=error,,,~/.grok/sessions/<encoded-cwd>/01a00309-831b-7ab3-9150-71bd1b27b3f9/events.jsonl
d4648aa2041bcddbe45c,2026-08-15T01:38:08.811Z,019ffdda-1b40-7b90-91ae-cc7f3ad623b0,,019ffdda-1b40-7b90-91ae-cc7f3ad623b0:00688,orchestrator,parent/orchestrator,grok-4.6,,provider,,provider_retry,provider retry marker,4,,~/.grok/sessions/<encoded-cwd>/019ffdda-1b40-7b90-91ae-cc7f3ad623b0/chat_history.jsonl
239739f68163ea5aea47,2026-08-15T01:41:56.356Z,01a00310-7ae8-7220-8c46-89b2e6c6200b,019ffdda-1b40-7b90-91ae-cc7f3ad623b0,,builder-qwen,builder,qwen3.6,PLAYABLE-TOUCH-ACTIONS-SUITE,tool/harness,,tool_failure,run_terminal_command outcome=error,,,~/.grok/sessions/<encoded-cwd>/01a00310-7ae8-7220-8c46-89b2e6c6200b/events.jsonl
5a7fbd5ac3d096836b28,2026-08-15T01:44:04.494Z,01a00310-7ae8-7220-8c46-89b2e6c6200b,019ffdda-1b40-7b90-91ae-cc7f3ad623b0,,builder-qwen,builder,qwen3.6,PLAYABLE-TOUCH-ACTIONS-SUITE,tool/harness,,tool_failure,search_replace outcome=error,,,~/.grok/sessions/<encoded-cwd>/01a00310-7ae8-7220-8c46-89b2e6c6200b/events.jsonl
5f1176f4ff70ed0d80e3,2026-08-15T01:44:25.854Z,01a00310-7ae8-7220-8c46-89b2e6c6200b,019ffdda-1b40-7b90-91ae-cc7f3ad623b0,,builder-qwen,builder,qwen3.6,PLAYABLE-TOUCH-ACTIONS-SUITE,tool/harness,,tool_failure,search_replace outcome=error,,,~/.grok/sessions/<encoded-cwd>/01a00310-7ae8-7220-8c46-89b2e6c6200b/events.jsonl
ead8fe58f794fc36c4c8,2026-08-15T01:46:32.589Z,01a00310-7ae8-7220-8c46-89b2e6c6200b,019ffdda-1b40-7b90-91ae-cc7f3ad623b0,,builder-qwen,builder,qwen3.6,PLAYABLE-TOUCH-ACTIONS-SUITE,tool/harness,,tool_failure,run_terminal_command outcome=error,,,~/.grok/sessions/<encoded-cwd>/01a00310-7ae8-7220-8c46-89b2e6c6200b/events.jsonl
ae8ba99f58f340bbb31c,2026-08-15T01:59:29.713Z,01a00320-e1fd-7ba0-bf30-98f4731e8d5b,019ffdda-1b40-7b90-91ae-cc7f3ad623b0,,builder-qwen,builder,qwen3.6,PLAYABLE-TOUCH-ACTIONS-SUITE,tool/harness,,tool_failure,search_replace outcome=error,,,~/.grok/sessions/<encoded-cwd>/01a00320-e1fd-7ba0-bf30-98f4731e8d5b/events.jsonl
7625bfb701107d6dc5e5,2026-08-15T02:01:46.326Z,01a00320-e1fd-7ba0-bf30-98f4731e8d5b,019ffdda-1b40-7b90-91ae-cc7f3ad623b0,,builder-qwen,builder,qwen3.6,PLAYABLE-TOUCH-ACTIONS-SUITE,tool/harness,,tool_failure,run_terminal_command outcome=error,,,~/.grok/sessions/<encoded-cwd>/01a00320-e1fd-7ba0-bf30-98f4731e8d5b/events.jsonl
4fcfe512fc731cc5c4a7,2026-08-15T02:02:43.493Z,01a00320-e1fd-7ba0-bf30-98f4731e8d5b,019ffdda-1b40-7b90-91ae-cc7f3ad623b0,,builder-qwen,builder,qwen3.6,PLAYABLE-TOUCH-ACTIONS-SUITE,tool/harness,,tool_failure,search_replace outcome=error,,,~/.grok/sessions/<encoded-cwd>/01a00320-e1fd-7ba0-bf30-98f4731e8d5b/events.jsonl
0482ac2731aca5249039,2026-08-15T02:07:33.151Z,019ffdda-1b40-7b90-91ae-cc7f3ad623b0,,,grok-build-plan,parent/orchestrator,deepseek-v4-flash-0731,BOOTSTRAP-01,tool/harness,,tool_failure,read_file outcome=error,,,~/.grok/sessions/<encoded-cwd>/019ffdda-1b40-7b90-91ae-cc7f3ad623b0/events.jsonl
59d27767c6b9c8f26e55,2026-08-15T02:44:48.393Z,019ffdda-1b40-7b90-91ae-cc7f3ad623b0,,,grok-build-plan,parent/orchestrator,deepseek-v4-flash-0731,BOOTSTRAP-01,tool/harness,,tool_failure,list_dir outcome=error,,,~/.grok/sessions/<encoded-cwd>/019ffdda-1b40-7b90-91ae-cc7f3ad623b0/events.jsonl
ab95e556c38f0273c794,2026-08-15T03:08:12.622Z,01a0035f-dca5-7b83-9fe2-cf14558f6672,019ffdda-1b40-7b90-91ae-cc7f3ad623b0,,builder-qwen,builder,qwen3.6,PLAYABLE-TOUCH-ACTIONS-SUITE,tool/harness,,tool_failure,run_terminal_command outcome=error,,,~/.grok/sessions/<encoded-cwd>/01a0035f-dca5-7b83-9fe2-cf14558f6672/events.jsonl
99ac6e5a260909be8f8c,2026-08-15T03:15:39.986Z,01a00367-b460-7821-b852-d40b5a40ab15,019ffdda-1b40-7b90-91ae-cc7f3ad623b0,,critic,critic,deepseek-v4-flash-0731,PLAYABLE-TOUCH-ACTIONS-SUITE,tool/harness,,tool_failure,run_terminal_command outcome=error,,,~/.grok/sessions/<encoded-cwd>/01a00367-b460-7821-b852-d40b5a40ab15/events.jsonl
15a1b60e72a320cdd91c,2026-08-15T03:30:48.593Z,019ffdda-1b40-7b90-91ae-cc7f3ad623b0,,,grok-build-plan,parent/orchestrator,deepseek-v4-flash-0731,BOOTSTRAP-01,tool/harness,,tool_failure,search_replace outcome=error,,,~/.grok/sessions/<encoded-cwd>/019ffdda-1b40-7b90-91ae-cc7f3ad623b0/events.jsonl
afb9d0cef22389058ad1,2026-08-15T03:34:34.095Z,01a00379-81b8-7c61-9f5d-0c590f9a16e9,019ffdda-1b40-7b90-91ae-cc7f3ad623b0,01a00379-81b8-7c61-9f5d-0c590f9a16e9:00000,git-committer,bookkeeping/committer,gemma4,BOOTSTRAP-01,provider,,provider_retry,provider retry marker,1,,~/.grok/sessions/<encoded-cwd>/01a00379-81b8-7c61-9f5d-0c590f9a16e9/chat_history.jsonl
9beb13499cb5cb7d6775,2026-08-15T03:35:26.245Z,019ffdda-1b40-7b90-91ae-cc7f3ad623b0,,,grok-build-plan,parent/orchestrator,deepseek-v4-flash-0731,BOOTSTRAP-01,tool/harness,,tool_failure,read_file outcome=error,,,~/.grok/sessions/<encoded-cwd>/019ffdda-1b40-7b90-91ae-cc7f3ad623b0/events.jsonl
7ab01e1143f9fd13cbaa,2026-08-15T03:42:10.975Z,01a0037d-9d0f-7960-987c-20658ce541fd,019ffdda-1b40-7b90-91ae-cc7f3ad623b0,,builder-qwen,builder,qwen3.6,PLAYABLE-DUELS-SUITE,tool/harness,,tool_failure,run_terminal_command outcome=error,,,~/.grok/sessions/<encoded-cwd>/01a0037d-9d0f-7960-987c-20658ce541fd/events.jsonl
5388e40649a52ed1a86d,2026-08-15T03:44:37.477Z,01a0037d-9d0f-7960-987c-20658ce541fd,019ffdda-1b40-7b90-91ae-cc7f3ad623b0,,builder-qwen,builder,qwen3.6,PLAYABLE-DUELS-SUITE,tool/harness,,tool_failure,run_terminal_command outcome=error,,,~/.grok/sessions/<encoded-cwd>/01a0037d-9d0f-7960-987c-20658ce541fd/events.jsonl
db3fcbb14c4c1cd778cf,2026-08-15T03:46:34.641Z,01a0037d-9d0f-7960-987c-20658ce541fd,019ffdda-1b40-7b90-91ae-cc7f3ad623b0,,builder-qwen,builder,qwen3.6,PLAYABLE-DUELS-SUITE,tool/harness,,tool_failure,run_terminal_command outcome=error,,,~/.grok/sessions/<encoded-cwd>/01a0037d-9d0f-7960-987c-20658ce541fd/events.jsonl
7367059b0e06f083fd5e,2026-08-15T03:47:40.204Z,01a0037d-9d0f-7960-987c-20658ce541fd,019ffdda-1b40-7b90-91ae-cc7f3ad623b0,,builder-qwen,builder,qwen3.6,PLAYABLE-DUELS-SUITE,tool/harness,,tool_failure,run_terminal_command outcome=error,,,~/.grok/sessions/<encoded-cwd>/01a0037d-9d0f-7960-987c-20658ce541fd/events.jsonl
e8a8e777ef48e5324545,2026-08-15T03:50:37.222Z,01a0037d-9d0f-7960-987c-20658ce541fd,019ffdda-1b40-7b90-91ae-cc7f3ad623b0,,builder-qwen,builder,qwen3.6,PLAYABLE-DUELS-SUITE,tool/harness,,tool_failure,run_terminal_command outcome=error,,,~/.grok/sessions/<encoded-cwd>/01a0037d-9d0f-7960-987c-20658ce541fd/events.jsonl
77852a18e95be560e0ec,2026-08-15T04:00:12.746Z,01a0038f-fb81-7292-9981-eb77eb288fba,019ffdda-1b40-7b90-91ae-cc7f3ad623b0,01a0038f-fb81-7292-9981-eb77eb288fba:00010,critic,critic,deepseek-v4-flash-0731,PLAYABLE-DUELS-SUITE,provider,,provider_retry,provider retry marker,5,,~/.grok/sessions/<encoded-cwd>/01a0038f-fb81-7292-9981-eb77eb288fba/chat_history.jsonl
03f158725a26d3462e02,2026-08-15T04:16:19.115Z,01a003a2-7973-7a61-aa71-e824b266fa57,019ffdda-1b40-7b90-91ae-cc7f3ad623b0,,builder-qwen,builder,qwen3.6,PLAYABLE-DUELS-SUITE,tool/harness,,tool_failure,read_file outcome=error,,,~/.grok/sessions/<encoded-cwd>/01a003a2-7973-7a61-aa71-e824b266fa57/events.jsonl
21f5498497c398751895,2026-08-15T04:20:56.277Z,01a003a2-7973-7a61-aa71-e824b266fa57,019ffdda-1b40-7b90-91ae-cc7f3ad623b0,,builder-qwen,builder,qwen3.6,PLAYABLE-DUELS-SUITE,tool/harness,,tool_failure,run_terminal_command outcome=error,,,~/.grok/sessions/<encoded-cwd>/01a003a2-7973-7a61-aa71-e824b266fa57/events.jsonl
84e28e575cba572a8e25,2026-08-15T04:26:05.851Z,01a003a2-7973-7a61-aa71-e824b266fa57,019ffdda-1b40-7b90-91ae-cc7f3ad623b0,,builder-qwen,builder,qwen3.6,PLAYABLE-DUELS-SUITE,tool/harness,,tool_failure,run_terminal_command outcome=error,,,~/.grok/sessions/<encoded-cwd>/01a003a2-7973-7a61-aa71-e824b266fa57/events.jsonl
846fe3443860693b72ab,2026-08-15T04:33:59.018Z,01a003ae-bfa0-74b1-bb05-20e3b63d44f6,019ffdda-1b40-7b90-91ae-cc7f3ad623b0,,critic,critic,deepseek-v4-flash-0731,PLAYABLE-DUELS-SUITE,tool/harness,,tool_failure,run_terminal_command outcome=error,,,~/.grok/sessions/<encoded-cwd>/01a003ae-bfa0-74b1-bb05-20e3b63d44f6/events.jsonl
322ac360cd9d51a99708,2026-08-15T04:40:37.548Z,01a003b7-b847-7153-ad0f-24c4e54833eb,019ffdda-1b40-7b90-91ae-cc7f3ad623b0,,builder-qwen,builder,qwen3.6,PLAYABLE-DUELS-SUITE,tool/harness,,tool_failure,search_replace outcome=error,,,~/.grok/sessions/<encoded-cwd>/01a003b7-b847-7153-ad0f-24c4e54833eb/events.jsonl
da336386012ab4ff9771,2026-08-15T04:43:18.435Z,01a003b7-b847-7153-ad0f-24c4e54833eb,019ffdda-1b40-7b90-91ae-cc7f3ad623b0,,builder-qwen,builder,qwen3.6,PLAYABLE-DUELS-SUITE,tool/harness,,tool_failure,run_terminal_command outcome=error,,,~/.grok/sessions/<encoded-cwd>/01a003b7-b847-7153-ad0f-24c4e54833eb/events.jsonl
e683f5c1b6c557755d8f,2026-08-15T04:53:54.113Z,01a003be-719a-76d3-acf7-c08dfa2c69eb,019ffdda-1b40-7b90-91ae-cc7f3ad623b0,,critic,critic,deepseek-v4-flash-0731,PLAYABLE-DUELS-SUITE,tool/harness,,tool_failure,run_terminal_command outcome=error,,,~/.grok/sessions/<encoded-cwd>/01a003be-719a-76d3-acf7-c08dfa2c69eb/events.jsonl
4b76647d80f5bc234233,2026-08-15T05:09:25.400Z,01a003cf-6774-7a11-b11b-b174cd6f7b3a,019ffdda-1b40-7b90-91ae-cc7f3ad623b0,,critic,critic,deepseek-v4-flash-0731,PLAYABLE-DUELS-SUITE,tool/harness,,tool_failure,run_terminal_command outcome=error,,,~/.grok/sessions/<encoded-cwd>/01a003cf-6774-7a11-b11b-b174cd6f7b3a/events.jsonl
20301580725791cee922,2026-08-15T05:09:45.291Z,01a003cf-6774-7a11-b11b-b174cd6f7b3a,019ffdda-1b40-7b90-91ae-cc7f3ad623b0,,critic,critic,deepseek-v4-flash-0731,PLAYABLE-DUELS-SUITE,tool/harness,,tool_failure,run_terminal_command outcome=error,,,~/.grok/sessions/<encoded-cwd>/01a003cf-6774-7a11-b11b-b174cd6f7b3a/events.jsonl
5779af2d9b6e5b6d34d8,2026-08-15T05:14:45.225Z,019ffdda-1b40-7b90-91ae-cc7f3ad623b0,,,grok-build-plan,parent/orchestrator,deepseek-v4-flash-0731,BOOTSTRAP-01,tool/harness,,tool_failure,search_replace outcome=error,,,~/.grok/sessions/<encoded-cwd>/019ffdda-1b40-7b90-91ae-cc7f3ad623b0/events.jsonl
d10a45e36d0bee21fba4,2026-08-15T05:48:49.932Z,01a003f7-2dd2-7463-b296-98452275fe29,01a003f4-87c6-7272-9862-ec96e12c4df2,01a003f7-2dd2-7463-b296-98452275fe29:00000,builder-qwen,builder,qwen3.6,PLAYABLE-MUTANT-1V1,provider,,provider_retry,provider retry marker,1,,~/.grok/sessions/<encoded-cwd>/01a003f7-2dd2-7463-b296-98452275fe29/chat_history.jsonl
f8b0021d262e465dcb5b,2026-08-15T05:48:49.974257953Z,01a003f7-2dd2-7463-b296-98452275fe29,01a003f4-87c6-7272-9862-ec96e12c4df2,,builder-qwen,builder,qwen3.6,PLAYABLE-MUTANT-1V1,subagent/harness,429,subagent_failed,"Session error: Rate limited: ""API error (status 429 Too Many Requests): None: qwen3.6 concurrency limit: max 5 simultaneous requests.""",,failed,~/.grok/sessions/<encoded-cwd>/01a003f4-87c6-7272-9862-ec96e12c4df2/subagents/01a003f7-2dd2-7463-b296-98452275fe29/meta.json
16a1aff50132e5bd4caa,2026-08-15T05:54:01.870Z,01a003f7-de11-7d31-b3a4-882fca0381ee,01a003f4-87c6-7272-9862-ec96e12c4df2,,builder-qwen,builder,qwen3.6,PLAYABLE-MUTANT-1V1,tool/harness,,tool_failure,run_terminal_command outcome=error,,,~/.grok/sessions/<encoded-cwd>/01a003f7-de11-7d31-b3a4-882fca0381ee/events.jsonl
f6f80092402f0d26af54,2026-08-15T05:54:33.016Z,01a003f7-de11-7d31-b3a4-882fca0381ee,01a003f4-87c6-7272-9862-ec96e12c4df2,,builder-qwen,builder,qwen3.6,PLAYABLE-MUTANT-1V1,tool/harness,,tool_failure,run_terminal_command outcome=error,,,~/.grok/sessions/<encoded-cwd>/01a003f7-de11-7d31-b3a4-882fca0381ee/events.jsonl
a65f4a3c9e126863d3ea,2026-08-15T05:54:51.602Z,01a003f7-de11-7d31-b3a4-882fca0381ee,01a003f4-87c6-7272-9862-ec96e12c4df2,,builder-qwen,builder,qwen3.6,PLAYABLE-MUTANT-1V1,tool/harness,,tool_failure,run_terminal_command outcome=error,,,~/.grok/sessions/<encoded-cwd>/01a003f7-de11-7d31-b3a4-882fca0381ee/events.jsonl
a82c130772da39941db2,2026-08-15T06:10:51.143Z,01a0040a-1d65-78e1-b158-09c3221b6fea,01a003f4-87c6-7272-9862-ec96e12c4df2,,integration-reviewer,integration reviewer,deepseek-v4-flash-0731,PLAYABLE-MUTANT-1V1,tool/harness,,tool_failure,run_terminal_command outcome=error,,,~/.grok/sessions/<encoded-cwd>/01a0040a-1d65-78e1-b158-09c3221b6fea/events.jsonl
94070e237ef4d46c937d,2026-08-15T06:11:06.590Z,01a0040a-1d65-78e1-b158-09c3221b6fea,01a003f4-87c6-7272-9862-ec96e12c4df2,,integration-reviewer,integration reviewer,deepseek-v4-flash-0731,PLAYABLE-MUTANT-1V1,tool/harness,,tool_failure,run_terminal_command outcome=error,,,~/.grok/sessions/<encoded-cwd>/01a0040a-1d65-78e1-b158-09c3221b6fea/events.jsonl
bd7346ec266f00822c9d,2026-08-15T06:20:39.834Z,01a003f4-87c6-7272-9862-ec96e12c4df2,,,grok-build-plan,parent/orchestrator,deepseek-v4-flash-0731,BOOTSTRAP-01,tool/harness,,tool_failure,run_terminal_command outcome=error,,,~/.grok/sessions/<encoded-cwd>/01a003f4-87c6-7272-9862-ec96e12c4df2/events.jsonl
76dc0628823be1d917b5,2026-08-15T06:25:13.477Z,01a00418-1d32-7e72-b00a-f10812a39fcc,01a003f4-87c6-7272-9862-ec96e12c4df2,,builder-qwen,builder,qwen3.6,CAPABILITY-PHYSICAL-CONTACT,tool/harness,,tool_failure,read_file outcome=error,,,~/.grok/sessions/<encoded-cwd>/01a00418-1d32-7e72-b00a-f10812a39fcc/events.jsonl
2f6189e64f032d457509,2026-08-15T06:25:53.731Z,01a00418-1d32-7e72-b00a-f10812a39fcc,01a003f4-87c6-7272-9862-ec96e12c4df2,,builder-qwen,builder,qwen3.6,CAPABILITY-PHYSICAL-CONTACT,tool/harness,,tool_failure,search_replace outcome=error,,,~/.grok/sessions/<encoded-cwd>/01a00418-1d32-7e72-b00a-f10812a39fcc/events.jsonl
ad7e166486eea5270bf2,2026-08-15T06:36:58.626Z,01a00418-1d32-7e72-b00a-f10812a39fcc,01a003f4-87c6-7272-9862-ec96e12c4df2,,builder-qwen,builder,qwen3.6,CAPABILITY-PHYSICAL-CONTACT,tool/harness,,tool_failure,run_terminal_command outcome=error,,,~/.grok/sessions/<encoded-cwd>/01a00418-1d32-7e72-b00a-f10812a39fcc/events.jsonl
5b67fd49a2c24132d948,2026-08-15T06:38:32.743Z,01a00418-1d32-7e72-b00a-f10812a39fcc,01a003f4-87c6-7272-9862-ec96e12c4df2,,builder-qwen,builder,qwen3.6,CAPABILITY-PHYSICAL-CONTACT,tool/harness,,tool_failure,search_replace outcome=error,,,~/.grok/sessions/<encoded-cwd>/01a00418-1d32-7e72-b00a-f10812a39fcc/events.jsonl
cccc82ce6aa7b7db8e1a,2026-08-15T06:59:44.162Z,01a00437-148f-7153-bbaa-efe3be312a4d,01a003f4-87c6-7272-9862-ec96e12c4df2,,integration-reviewer,integration reviewer,deepseek-v4-flash-0731,CAPABILITY-PHYSICAL-CONTACT,tool/harness,,tool_failure,run_terminal_command outcome=error,,,~/.grok/sessions/<encoded-cwd>/01a00437-148f-7153-bbaa-efe3be312a4d/events.jsonl
cfd5e953f56a514c9c91,2026-08-15T07:06:49.862Z,01a00437-148f-7153-bbaa-efe3be312a4d,01a003f4-87c6-7272-9862-ec96e12c4df2,,integration-reviewer,integration reviewer,deepseek-v4-flash-0731,CAPABILITY-PHYSICAL-CONTACT,tool/harness,,tool_failure,run_terminal_command outcome=error,,,~/.grok/sessions/<encoded-cwd>/01a00437-148f-7153-bbaa-efe3be312a4d/events.jsonl
9cf4ee58556cf743b6d9,2026-08-15T07:08:11.643Z,01a003f4-87c6-7272-9862-ec96e12c4df2,,,grok-build-plan,parent/orchestrator,deepseek-v4-flash-0731,BOOTSTRAP-01,tool/harness,,tool_failure,run_terminal_command outcome=error,,,~/.grok/sessions/<encoded-cwd>/01a003f4-87c6-7272-9862-ec96e12c4df2/events.jsonl
70ddfbec492942d83751,2026-08-15T07:15:27.473Z,01a00443-af06-7e43-8031-174a9cf41107,01a003f4-87c6-7272-9862-ec96e12c4df2,,builder-qwen,builder,qwen3.6,CAPABILITY-PHYSICAL-CONTACT,tool/harness,,tool_failure,run_terminal_command outcome=error,,,~/.grok/sessions/<encoded-cwd>/01a00443-af06-7e43-8031-174a9cf41107/events.jsonl
63b2ab3d9705c7ba9311,2026-08-15T07:20:52.269Z,01a00443-af06-7e43-8031-174a9cf41107,01a003f4-87c6-7272-9862-ec96e12c4df2,,builder-qwen,builder,qwen3.6,CAPABILITY-PHYSICAL-CONTACT,tool/harness,,tool_failure,search_replace outcome=error,,,~/.grok/sessions/<encoded-cwd>/01a00443-af06-7e43-8031-174a9cf41107/events.jsonl
dd1db1addc1ce36cfb54,2026-08-15T07:21:20.392Z,01a00443-af06-7e43-8031-174a9cf41107,01a003f4-87c6-7272-9862-ec96e12c4df2,,builder-qwen,builder,qwen3.6,CAPABILITY-PHYSICAL-CONTACT,tool/harness,,tool_failure,search_replace outcome=error,,,~/.grok/sessions/<encoded-cwd>/01a00443-af06-7e43-8031-174a9cf41107/events.jsonl
1b7fd89134c70be9be62,2026-08-15T07:25:46.268Z,01a00443-af06-7e43-8031-174a9cf41107,01a003f4-87c6-7272-9862-ec96e12c4df2,,builder-qwen,builder,qwen3.6,CAPABILITY-PHYSICAL-CONTACT,tool/harness,,tool_failure,search_replace outcome=error,,,~/.grok/sessions/<encoded-cwd>/01a00443-af06-7e43-8031-174a9cf41107/events.jsonl
23b07182f040e3fbfa73,2026-08-15T07:26:24.732Z,01a00443-af06-7e43-8031-174a9cf41107,01a003f4-87c6-7272-9862-ec96e12c4df2,,builder-qwen,builder,qwen3.6,CAPABILITY-PHYSICAL-CONTACT,tool/harness,,tool_failure,search_replace outcome=error,,,~/.grok/sessions/<encoded-cwd>/01a00443-af06-7e43-8031-174a9cf41107/events.jsonl
9a587b4c5a09e30c6be2,2026-08-15T07:31:13.382Z,01a00443-af06-7e43-8031-174a9cf41107,01a003f4-87c6-7272-9862-ec96e12c4df2,,builder-qwen,builder,qwen3.6,CAPABILITY-PHYSICAL-CONTACT,tool/harness,,tool_failure,run_terminal_command outcome=error,,,~/.grok/sessions/<encoded-cwd>/01a00443-af06-7e43-8031-174a9cf41107/events.jsonl
301afbc6da8f9d0d1a27,2026-08-15T07:32:08.635Z,01a00443-af06-7e43-8031-174a9cf41107,01a003f4-87c6-7272-9862-ec96e12c4df2,,builder-qwen,builder,qwen3.6,CAPABILITY-PHYSICAL-CONTACT,tool/harness,,tool_failure,run_terminal_command outcome=error,,,~/.grok/sessions/<encoded-cwd>/01a00443-af06-7e43-8031-174a9cf41107/events.jsonl
ac0864954ee554f1a9ed,2026-08-15T07:39:15.212Z,01a00443-af06-7e43-8031-174a9cf41107,01a003f4-87c6-7272-9862-ec96e12c4df2,,builder-qwen,builder,qwen3.6,CAPABILITY-PHYSICAL-CONTACT,tool/harness,,tool_failure,search_replace outcome=error,,,~/.grok/sessions/<encoded-cwd>/01a00443-af06-7e43-8031-174a9cf41107/events.jsonl
3bf8b208d76ccdf1c1d0,2026-08-15T08:01:42.370Z,01a0046a-36a9-7733-aa3a-de7ceb6f2231,01a003f4-87c6-7272-9862-ec96e12c4df2,,critic,critic,deepseek-v4-flash-0731,CAPABILITY-SHOOTING-POWER,tool/harness,,tool_failure,run_terminal_command outcome=error,,,~/.grok/sessions/<encoded-cwd>/01a0046a-36a9-7733-aa3a-de7ceb6f2231/events.jsonl
ebe05530cea89b358063,2026-08-15T08:05:07.948Z,01a00472-83d8-7251-8dce-9e096af73b23,01a003f4-87c6-7272-9862-ec96e12c4df2,,builder-qwen,builder,qwen3.6,CAPABILITY-SHOOTING-POWER,tool/harness,,tool_failure,run_terminal_command outcome=error,,,~/.grok/sessions/<encoded-cwd>/01a00472-83d8-7251-8dce-9e096af73b23/events.jsonl
87e78c126d7a2a0639e3,2026-08-15T08:10:39.734Z,01a00472-83d8-7251-8dce-9e096af73b23,01a003f4-87c6-7272-9862-ec96e12c4df2,,builder-qwen,builder,qwen3.6,CAPABILITY-SHOOTING-POWER,tool/harness,,tool_failure,run_terminal_command outcome=error,,,~/.grok/sessions/<encoded-cwd>/01a00472-83d8-7251-8dce-9e096af73b23/events.jsonl
a19f9b61b51e584174f4,2026-08-15T08:31:44.955Z,01a00489-cf14-7083-a3a1-ed443bcbd482,01a003f4-87c6-7272-9862-ec96e12c4df2,,builder-qwen,builder,qwen3.6,CAPABILITY-SHOOTING-POWER,tool/harness,,tool_failure,run_terminal_command outcome=error,,,~/.grok/sessions/<encoded-cwd>/01a00489-cf14-7083-a3a1-ed443bcbd482/events.jsonl
4c23bfd04a4fefefe297,2026-08-15T08:33:20.243Z,01a00489-cf14-7083-a3a1-ed443bcbd482,01a003f4-87c6-7272-9862-ec96e12c4df2,,builder-qwen,builder,qwen3.6,CAPABILITY-SHOOTING-POWER,tool/harness,,tool_failure,run_terminal_command outcome=error,,,~/.grok/sessions/<encoded-cwd>/01a00489-cf14-7083-a3a1-ed443bcbd482/events.jsonl
2da4e3a5817e8b216c95,2026-08-15T08:33:51.466Z,01a00489-cf14-7083-a3a1-ed443bcbd482,01a003f4-87c6-7272-9862-ec96e12c4df2,,builder-qwen,builder,qwen3.6,CAPABILITY-SHOOTING-POWER,tool/harness,,tool_failure,run_terminal_command outcome=error,,,~/.grok/sessions/<encoded-cwd>/01a00489-cf14-7083-a3a1-ed443bcbd482/events.jsonl
0caee272fbf338c4bd65,2026-08-15T08:38:04.523Z,01a00489-cf14-7083-a3a1-ed443bcbd482,01a003f4-87c6-7272-9862-ec96e12c4df2,,builder-qwen,builder,qwen3.6,CAPABILITY-SHOOTING-POWER,tool/harness,,tool_failure,run_terminal_command outcome=error,,,~/.grok/sessions/<encoded-cwd>/01a00489-cf14-7083-a3a1-ed443bcbd482/events.jsonl
6480e63fded90baad761,2026-08-15T08:39:06.832Z,01a00489-cf14-7083-a3a1-ed443bcbd482,01a003f4-87c6-7272-9862-ec96e12c4df2,,builder-qwen,builder,qwen3.6,CAPABILITY-SHOOTING-POWER,tool/harness,,tool_failure,run_terminal_command outcome=error,,,~/.grok/sessions/<encoded-cwd>/01a00489-cf14-7083-a3a1-ed443bcbd482/events.jsonl
1e5824ab22431ef2b271,2026-08-15T08:39:14.473Z,01a00489-cf14-7083-a3a1-ed443bcbd482,01a003f4-87c6-7272-9862-ec96e12c4df2,,builder-qwen,builder,qwen3.6,CAPABILITY-SHOOTING-POWER,tool/harness,,tool_failure,run_terminal_command outcome=error,,,~/.grok/sessions/<encoded-cwd>/01a00489-cf14-7083-a3a1-ed443bcbd482/events.jsonl
80dfc671c5000f24b188,2026-08-15T08:39:23.527Z,01a00489-cf14-7083-a3a1-ed443bcbd482,01a003f4-87c6-7272-9862-ec96e12c4df2,,builder-qwen,builder,qwen3.6,CAPABILITY-SHOOTING-POWER,tool/harness,,tool_failure,run_terminal_command outcome=error,,,~/.grok/sessions/<encoded-cwd>/01a00489-cf14-7083-a3a1-ed443bcbd482/events.jsonl
d164629c78a6c06927dc,2026-08-15T08:40:08.381Z,01a00489-cf14-7083-a3a1-ed443bcbd482,01a003f4-87c6-7272-9862-ec96e12c4df2,,builder-qwen,builder,qwen3.6,CAPABILITY-SHOOTING-POWER,tool/harness,,tool_failure,search_replace outcome=error,,,~/.grok/sessions/<encoded-cwd>/01a00489-cf14-7083-a3a1-ed443bcbd482/events.jsonl
65a4781e8a9f1585d552,2026-08-15T08:41:10.937Z,01a00489-cf14-7083-a3a1-ed443bcbd482,01a003f4-87c6-7272-9862-ec96e12c4df2,,builder-qwen,builder,qwen3.6,CAPABILITY-SHOOTING-POWER,tool/harness,,tool_failure,run_terminal_command outcome=error,,,~/.grok/sessions/<encoded-cwd>/01a00489-cf14-7083-a3a1-ed443bcbd482/events.jsonl
4609e7e1905e46e54741,2026-08-15T08:47:45.640Z,01a00489-cf14-7083-a3a1-ed443bcbd482,01a003f4-87c6-7272-9862-ec96e12c4df2,,builder-qwen,builder,qwen3.6,CAPABILITY-SHOOTING-POWER,tool/harness,,tool_failure,search_replace outcome=error,,,~/.grok/sessions/<encoded-cwd>/01a00489-cf14-7083-a3a1-ed443bcbd482/events.jsonl
3b91ef077b7ab8b8da6b,2026-08-15T08:47:52.986Z,01a00489-cf14-7083-a3a1-ed443bcbd482,01a003f4-87c6-7272-9862-ec96e12c4df2,,builder-qwen,builder,qwen3.6,CAPABILITY-SHOOTING-POWER,tool/harness,,tool_failure,search_replace outcome=error,,,~/.grok/sessions/<encoded-cwd>/01a00489-cf14-7083-a3a1-ed443bcbd482/events.jsonl
3a64d9e5e65024a65bc6,2026-08-15T08:55:48.862Z,01a003f4-87c6-7272-9862-ec96e12c4df2,,,grok-build-plan,parent/orchestrator,deepseek-v4-flash-0731,BOOTSTRAP-01,tool/harness,,tool_failure,kill_command_or_subagent outcome=error,,,~/.grok/sessions/<encoded-cwd>/01a003f4-87c6-7272-9862-ec96e12c4df2/events.jsonl
a19b46df916a0e9b91f2,2026-08-15T09:07:54.248Z,01a004ac-6b8d-7d23-8e96-94d46830b7ac,01a003f4-87c6-7272-9862-ec96e12c4df2,,builder-qwen,builder,qwen3.6,CAPABILITY-BODY-CONTROL,tool/harness,,tool_failure,run_terminal_command outcome=error,,,~/.grok/sessions/<encoded-cwd>/01a004ac-6b8d-7d23-8e96-94d46830b7ac/events.jsonl
d13dc64c212617290b3b,2026-08-15T09:08:18.642Z,01a004ac-6b8d-7d23-8e96-94d46830b7ac,01a003f4-87c6-7272-9862-ec96e12c4df2,,builder-qwen,builder,qwen3.6,CAPABILITY-BODY-CONTROL,tool/harness,,tool_failure,run_terminal_command outcome=error,,,~/.grok/sessions/<encoded-cwd>/01a004ac-6b8d-7d23-8e96-94d46830b7ac/events.jsonl
d18489fdcf1147a24476,2026-08-15T09:13:25.720Z,01a004ac-6b8d-7d23-8e96-94d46830b7ac,01a003f4-87c6-7272-9862-ec96e12c4df2,,builder-qwen,builder,qwen3.6,CAPABILITY-BODY-CONTROL,tool/harness,,tool_failure,run_terminal_command outcome=error,,,~/.grok/sessions/<encoded-cwd>/01a004ac-6b8d-7d23-8e96-94d46830b7ac/events.jsonl
5163725ec096ffa9b55e,2026-08-15T09:20:35.364Z,01a004ac-6b8d-7d23-8e96-94d46830b7ac,01a003f4-87c6-7272-9862-ec96e12c4df2,,builder-qwen,builder,qwen3.6,CAPABILITY-BODY-CONTROL,tool/harness,,tool_failure,run_terminal_command outcome=error,,,~/.grok/sessions/<encoded-cwd>/01a004ac-6b8d-7d23-8e96-94d46830b7ac/events.jsonl
c8ada414bfac37add957,2026-08-15T09:21:23.549Z,01a004ac-6b8d-7d23-8e96-94d46830b7ac,01a003f4-87c6-7272-9862-ec96e12c4df2,,builder-qwen,builder,qwen3.6,CAPABILITY-BODY-CONTROL,tool/harness,,tool_failure,run_terminal_command outcome=error,,,~/.grok/sessions/<encoded-cwd>/01a004ac-6b8d-7d23-8e96-94d46830b7ac/events.jsonl
72d830d51f5eb52eb776,2026-08-15T09:22:09.646Z,01a004ac-6b8d-7d23-8e96-94d46830b7ac,01a003f4-87c6-7272-9862-ec96e12c4df2,,builder-qwen,builder,qwen3.6,CAPABILITY-BODY-CONTROL,tool/harness,,tool_failure,run_terminal_command outcome=error,,,~/.grok/sessions/<encoded-cwd>/01a004ac-6b8d-7d23-8e96-94d46830b7ac/events.jsonl
1bd2d743b942ecb20db0,2026-08-15T09:22:23.445Z,01a004ac-6b8d-7d23-8e96-94d46830b7ac,01a003f4-87c6-7272-9862-ec96e12c4df2,,builder-qwen,builder,qwen3.6,CAPABILITY-BODY-CONTROL,tool/harness,,tool_failure,run_terminal_command outcome=error,,,~/.grok/sessions/<encoded-cwd>/01a004ac-6b8d-7d23-8e96-94d46830b7ac/events.jsonl
307418cb78f77adf3e18,2026-08-15T09:22:55.936Z,01a004ac-6b8d-7d23-8e96-94d46830b7ac,01a003f4-87c6-7272-9862-ec96e12c4df2,,builder-qwen,builder,qwen3.6,CAPABILITY-BODY-CONTROL,tool/harness,,tool_failure,run_terminal_command outcome=error,,,~/.grok/sessions/<encoded-cwd>/01a004ac-6b8d-7d23-8e96-94d46830b7ac/events.jsonl
a2fd7c74c2afab3021d4,2026-08-15T09:28:05.238Z,01a004ac-6b8d-7d23-8e96-94d46830b7ac,01a003f4-87c6-7272-9862-ec96e12c4df2,,builder-qwen,builder,qwen3.6,CAPABILITY-BODY-CONTROL,tool/harness,,tool_failure,run_terminal_command outcome=error,,,~/.grok/sessions/<encoded-cwd>/01a004ac-6b8d-7d23-8e96-94d46830b7ac/events.jsonl
0ac8ebca3a9125c61146,2026-08-15T09:30:34.168Z,01a004ac-6b8d-7d23-8e96-94d46830b7ac,01a003f4-87c6-7272-9862-ec96e12c4df2,,builder-qwen,builder,qwen3.6,CAPABILITY-BODY-CONTROL,tool/harness,,tool_failure,run_terminal_command outcome=error,,,~/.grok/sessions/<encoded-cwd>/01a004ac-6b8d-7d23-8e96-94d46830b7ac/events.jsonl
4a2bbae63c7c211391cb,2026-08-15T09:31:47.409Z,01a004ac-6b8d-7d23-8e96-94d46830b7ac,01a003f4-87c6-7272-9862-ec96e12c4df2,,builder-qwen,builder,qwen3.6,CAPABILITY-BODY-CONTROL,tool/harness,,tool_failure,run_terminal_command outcome=error,,,~/.grok/sessions/<encoded-cwd>/01a004ac-6b8d-7d23-8e96-94d46830b7ac/events.jsonl
42152621efccea5adf45,2026-08-15T09:32:40.482Z,01a004ac-6b8d-7d23-8e96-94d46830b7ac,01a003f4-87c6-7272-9862-ec96e12c4df2,,builder-qwen,builder,qwen3.6,CAPABILITY-BODY-CONTROL,tool/harness,,tool_failure,search_replace outcome=error,,,~/.grok/sessions/<encoded-cwd>/01a004ac-6b8d-7d23-8e96-94d46830b7ac/events.jsonl
78a378eadbc5692e0b15,2026-08-15T09:33:46.260Z,01a004ac-6b8d-7d23-8e96-94d46830b7ac,01a003f4-87c6-7272-9862-ec96e12c4df2,,builder-qwen,builder,qwen3.6,CAPABILITY-BODY-CONTROL,tool/harness,,tool_failure,run_terminal_command outcome=error,,,~/.grok/sessions/<encoded-cwd>/01a004ac-6b8d-7d23-8e96-94d46830b7ac/events.jsonl
b7fdec379b9f3c5663f0,2026-08-15T10:01:39.527Z,01a004d9-b61c-7743-921a-f3ee1dcef06f,01a003f4-87c6-7272-9862-ec96e12c4df2,,integration-reviewer,integration reviewer,deepseek-v4-flash-0731,CAPABILITY-BODY-CONTROL,tool/harness,,tool_failure,run_terminal_command outcome=error,,,~/.grok/sessions/<encoded-cwd>/01a004d9-b61c-7743-921a-f3ee1dcef06f/events.jsonl
129cfc8d7b3308f720da,2026-08-15T10:11:49.601Z,01a004e3-b8a9-70a0-9134-14f8d0b23266,01a003f4-87c6-7272-9862-ec96e12c4df2,,builder-qwen,builder,qwen3.6,CAPABILITY-BODY-CONTROL,tool/harness,,tool_failure,run_terminal_command outcome=error,,,~/.grok/sessions/<encoded-cwd>/01a004e3-b8a9-70a0-9134-14f8d0b23266/events.jsonl
b0468b1c0e201e1f60f4,2026-08-15T10:16:04.650Z,01a004e3-b8a9-70a0-9134-14f8d0b23266,01a003f4-87c6-7272-9862-ec96e12c4df2,,builder-qwen,builder,qwen3.6,CAPABILITY-BODY-CONTROL,tool/harness,,tool_failure,run_terminal_command outcome=error,,,~/.grok/sessions/<encoded-cwd>/01a004e3-b8a9-70a0-9134-14f8d0b23266/events.jsonl
c328429c574ee00c7585,2026-08-15T10:31:30.648Z,01a004f6-993b-75f3-bd25-7d842c0782e8,01a003f4-87c6-7272-9862-ec96e12c4df2,,integration-reviewer,integration reviewer,deepseek-v4-flash-0731,LOCOMOTION-LATERAL-DRIFT,tool/harness,,tool_failure,run_terminal_command outcome=error,,,~/.grok/sessions/<encoded-cwd>/01a004f6-993b-75f3-bd25-7d842c0782e8/events.jsonl
e389bd894fdd71ce9f1a,2026-08-15T10:44:42.502Z,01a004ff-df71-7e91-a197-3f1c188580e7,01a003f4-87c6-7272-9862-ec96e12c4df2,,builder-qwen,builder,qwen3.6,LOCOMOTION-LATERAL-DRIFT,tool/harness,,tool_failure,search_replace outcome=error,,,~/.grok/sessions/<encoded-cwd>/01a004ff-df71-7e91-a197-3f1c188580e7/events.jsonl
fe4529a3efc0f5ff2394,2026-08-15T10:45:24.093Z,01a004ff-df71-7e91-a197-3f1c188580e7,01a003f4-87c6-7272-9862-ec96e12c4df2,,builder-qwen,builder,qwen3.6,LOCOMOTION-LATERAL-DRIFT,tool/harness,,tool_failure,search_replace outcome=error,,,~/.grok/sessions/<encoded-cwd>/01a004ff-df71-7e91-a197-3f1c188580e7/events.jsonl
7eb08204186bef6bb081,2026-08-15T10:47:01.092Z,01a004ff-df71-7e91-a197-3f1c188580e7,01a003f4-87c6-7272-9862-ec96e12c4df2,,builder-qwen,builder,qwen3.6,LOCOMOTION-LATERAL-DRIFT,tool/harness,,tool_failure,search_replace outcome=error,,,~/.grok/sessions/<encoded-cwd>/01a004ff-df71-7e91-a197-3f1c188580e7/events.jsonl
3570cce57fe49823a182,2026-08-15T10:56:57.693Z,01a004ff-df71-7e91-a197-3f1c188580e7,01a003f4-87c6-7272-9862-ec96e12c4df2,,builder-qwen,builder,qwen3.6,LOCOMOTION-LATERAL-DRIFT,tool/harness,,tool_failure,run_terminal_command outcome=error,,,~/.grok/sessions/<encoded-cwd>/01a004ff-df71-7e91-a197-3f1c188580e7/events.jsonl
cb8953f2ab61d4ed03bf,2026-08-15T11:00:01.380Z,01a004ff-df71-7e91-a197-3f1c188580e7,01a003f4-87c6-7272-9862-ec96e12c4df2,,builder-qwen,builder,qwen3.6,LOCOMOTION-LATERAL-DRIFT,tool/harness,,tool_failure,run_terminal_command outcome=error,,,~/.grok/sessions/<encoded-cwd>/01a004ff-df71-7e91-a197-3f1c188580e7/events.jsonl
31e90af326f757b74c32,2026-08-15T14:51:15.123Z,01a005e5-baf3-7741-b6ad-b294bb028977,,,grok-build-plan,parent/orchestrator,grok-4.6,BOOTSTRAP-01,tool/harness,,tool_failure,read_file outcome=error,,,~/.grok/sessions/<encoded-cwd>/01a005e5-baf3-7741-b6ad-b294bb028977/events.jsonl
00357c9e9770242450c7,2026-08-15T14:55:55.855Z,01a005ea-49a3-7142-9420-e3c939163742,01a005e5-baf3-7741-b6ad-b294bb028977,,general-purpose,auxiliary,deepseek-v4-flash,CAPABILITY-SWERVE,tool/harness,,tool_failure,run_terminal_command outcome=error,,,~/.grok/sessions/<encoded-cwd>/01a005ea-49a3-7142-9420-e3c939163742/events.jsonl
22705682a6cab609a5dd,2026-08-15T14:56:04.654Z,01a005ea-49a3-7142-9420-e3c939163742,01a005e5-baf3-7741-b6ad-b294bb028977,,general-purpose,auxiliary,deepseek-v4-flash,CAPABILITY-SWERVE,tool/harness,,tool_failure,run_terminal_command outcome=error,,,~/.grok/sessions/<encoded-cwd>/01a005ea-49a3-7142-9420-e3c939163742/events.jsonl
ebc9e8898ff87fefa5b6,2026-08-15T14:58:48.961Z,01a005ea-49a3-7142-9420-e3c939163742,01a005e5-baf3-7741-b6ad-b294bb028977,,general-purpose,auxiliary,deepseek-v4-flash,CAPABILITY-SWERVE,tool/harness,,tool_failure,run_terminal_command outcome=error,,,~/.grok/sessions/<encoded-cwd>/01a005ea-49a3-7142-9420-e3c939163742/events.jsonl
25c5dafb0c342f94807e,2026-08-15T15:06:24.347Z,01a005e5-baf3-7741-b6ad-b294bb028977,,,grok-build-plan,parent/orchestrator,grok-4.6,BOOTSTRAP-01,tool/harness,,tool_failure,run_terminal_command outcome=error,,,~/.grok/sessions/<encoded-cwd>/01a005e5-baf3-7741-b6ad-b294bb028977/events.jsonl
9d0521162fc63c6d3146,2026-08-15T15:09:45.678Z,01a005e5-baf3-7741-b6ad-b294bb028977,,,grok-build-plan,parent/orchestrator,grok-4.6,BOOTSTRAP-01,tool/harness,,tool_failure,list_dir outcome=error,,,~/.grok/sessions/<encoded-cwd>/01a005e5-baf3-7741-b6ad-b294bb028977/events.jsonl
844b3a48d04da6ace86b,2026-08-15T15:14:34.768Z,01a005e5-baf3-7741-b6ad-b294bb028977,,,grok-build-plan,parent/orchestrator,grok-4.6,BOOTSTRAP-01,tool/harness,,tool_failure,search_replace outcome=error,,,~/.grok/sessions/<encoded-cwd>/01a005e5-baf3-7741-b6ad-b294bb028977/events.jsonl
c697c1a67fb17d6c019e,2026-08-15T15:16:32.806Z,01a005e5-baf3-7741-b6ad-b294bb028977,,,grok-build-plan,parent/orchestrator,grok-4.6,BOOTSTRAP-01,tool/harness,,tool_failure,search_replace outcome=error,,,~/.grok/sessions/<encoded-cwd>/01a005e5-baf3-7741-b6ad-b294bb028977/events.jsonl
2e767a8be9ae4a4bf563,2026-08-15T15:24:41.183Z,01a005e5-baf3-7741-b6ad-b294bb028977,,,grok-build-plan,parent/orchestrator,grok-4.6,BOOTSTRAP-01,tool/harness,,tool_failure,run_terminal_command outcome=error,,,~/.grok/sessions/<encoded-cwd>/01a005e5-baf3-7741-b6ad-b294bb028977/events.jsonl
b9efcfff4e491d24dfc7,2026-08-15T15:25:20.118Z,01a005e5-baf3-7741-b6ad-b294bb028977,,,grok-build-plan,parent/orchestrator,grok-4.6,BOOTSTRAP-01,tool/harness,,tool_failure,run_terminal_command outcome=error,,,~/.grok/sessions/<encoded-cwd>/01a005e5-baf3-7741-b6ad-b294bb028977/events.jsonl
368df2a1a0a41ee980c7,2026-08-15T15:27:29.390Z,01a005e5-baf3-7741-b6ad-b294bb028977,,,grok-build-plan,parent/orchestrator,grok-4.6,BOOTSTRAP-01,tool/harness,,tool_failure,run_terminal_command outcome=error,,,~/.grok/sessions/<encoded-cwd>/01a005e5-baf3-7741-b6ad-b294bb028977/events.jsonl
1a7196945e1f0b5635c8,2026-08-15T15:27:47.616Z,01a005e5-baf3-7741-b6ad-b294bb028977,,,grok-build-plan,parent/orchestrator,grok-4.6,BOOTSTRAP-01,tool/harness,,tool_failure,run_terminal_command outcome=error,,,~/.grok/sessions/<encoded-cwd>/01a005e5-baf3-7741-b6ad-b294bb028977/events.jsonl
048f2db79b69332a1c2c,2026-08-15T15:36:34.940Z,01a005e5-baf3-7741-b6ad-b294bb028977,,,grok-build-plan,parent/orchestrator,grok-4.6,BOOTSTRAP-01,tool/harness,,tool_failure,search_replace outcome=error,,,~/.grok/sessions/<encoded-cwd>/01a005e5-baf3-7741-b6ad-b294bb028977/events.jsonl
2f034d13467af2ddb954,2026-08-15T15:49:25.343Z,01a0061b-9762-7572-887b-634c56c9fb35,01a00617-6615-7b33-b602-42448d96c29c,,general-purpose,auxiliary,deepseek-v4-flash,CAPABILITY-SWERVE,tool/harness,,tool_failure,run_terminal_command outcome=error,,,~/.grok/sessions/<encoded-cwd>/01a0061b-9762-7572-887b-634c56c9fb35/events.jsonl
eb09fb923a2449b462f4,2026-08-15T15:49:25.462Z,01a0061b-9762-7572-887b-634c56c9fb35,01a00617-6615-7b33-b602-42448d96c29c,,general-purpose,auxiliary,deepseek-v4-flash,CAPABILITY-SWERVE,tool/harness,,tool_failure,run_terminal_command outcome=error,,,~/.grok/sessions/<encoded-cwd>/01a0061b-9762-7572-887b-634c56c9fb35/events.jsonl
250e33ea9e3acb817c9b,2026-08-15T15:49:25.545Z,01a0061b-9762-7572-887b-634c56c9fb35,01a00617-6615-7b33-b602-42448d96c29c,,general-purpose,auxiliary,deepseek-v4-flash,CAPABILITY-SWERVE,tool/harness,,tool_failure,run_terminal_command outcome=error,,,~/.grok/sessions/<encoded-cwd>/01a0061b-9762-7572-887b-634c56c9fb35/events.jsonl
e40e9f093509a2fbf50e,2026-08-15T15:51:30.637Z,01a0061b-9762-7572-887b-634c56c9fb35,01a00617-6615-7b33-b602-42448d96c29c,,general-purpose,auxiliary,deepseek-v4-flash,CAPABILITY-SWERVE,tool/harness,,tool_failure,run_terminal_command outcome=error,,,~/.grok/sessions/<encoded-cwd>/01a0061b-9762-7572-887b-634c56c9fb35/events.jsonl
77be8dbabb8784b521ed,2026-08-15T15:59:09.618Z,01a00624-0c1f-74f3-b730-cd00a47e108a,01a00617-6615-7b33-b602-42448d96c29c,,general-purpose,auxiliary,deepseek-v4-flash,CAPABILITY-SWERVE,tool/harness,,tool_failure,run_terminal_command outcome=error,,,~/.grok/sessions/<encoded-cwd>/01a00624-0c1f-74f3-b730-cd00a47e108a/events.jsonl
2d2863f9a068208c65b6,2026-08-15T16:07:55.102Z,01a00617-6615-7b33-b602-42448d96c29c,,,grok-build-plan,parent/orchestrator,deepseek-v4-flash,CAPABILITY-SWERVE,tool/harness,,tool_failure,search_replace outcome=error,,,~/.grok/sessions/<encoded-cwd>/01a00617-6615-7b33-b602-42448d96c29c/events.jsonl
4fccd785627a7e92fee3,2026-08-15T16:25:34.998Z,01a0063a-f562-7a11-b9dd-569cd35e3bc3,01a00617-6615-7b33-b602-42448d96c29c,,general-purpose,auxiliary,qwen3.6,BOOTSTRAP-01,tool/harness,,tool_failure,run_terminal_command outcome=error,,,~/.grok/sessions/<encoded-cwd>/01a0063a-f562-7a11-b9dd-569cd35e3bc3/events.jsonl
6682bbc2cf36558e9b31,2026-08-15T16:28:57.205Z,01a0063a-f562-7a11-b9dd-569cd35e3bc3,01a00617-6615-7b33-b602-42448d96c29c,,general-purpose,auxiliary,qwen3.6,BOOTSTRAP-01,tool/harness,,tool_failure,run_terminal_command outcome=error,,,~/.grok/sessions/<encoded-cwd>/01a0063a-f562-7a11-b9dd-569cd35e3bc3/events.jsonl
daeab07bb46de964833b,2026-08-15T16:37:31.536Z,01a00649-06c6-7b00-b2ca-e8e85d5fde94,01a00617-6615-7b33-b602-42448d96c29c,,general-purpose,auxiliary,deepseek-v4-flash,BOOTSTRAP-01,tool/harness,,tool_failure,run_terminal_command outcome=error,,,~/.grok/sessions/<encoded-cwd>/01a00649-06c6-7b00-b2ca-e8e85d5fde94/events.jsonl
46860064be58124f710d,2026-08-15T16:37:31.613Z,01a00649-06c6-7b00-b2ca-e8e85d5fde94,01a00617-6615-7b33-b602-42448d96c29c,,general-purpose,auxiliary,deepseek-v4-flash,BOOTSTRAP-01,tool/harness,,tool_failure,run_terminal_command outcome=error,,,~/.grok/sessions/<encoded-cwd>/01a00649-06c6-7b00-b2ca-e8e85d5fde94/events.jsonl
f60fa9100cd72b4b6bed,2026-08-15T16:39:38.053Z,01a00649-06c6-7b00-b2ca-e8e85d5fde94,01a00617-6615-7b33-b602-42448d96c29c,,general-purpose,auxiliary,deepseek-v4-flash,BOOTSTRAP-01,tool/harness,,tool_failure,run_terminal_command outcome=error,,,~/.grok/sessions/<encoded-cwd>/01a00649-06c6-7b00-b2ca-e8e85d5fde94/events.jsonl
9f7eef6cb43597969c30,2026-08-15T16:44:48.366Z,01a00617-6615-7b33-b602-42448d96c29c,,,grok-build-plan,parent/orchestrator,deepseek-v4-flash,CAPABILITY-SWERVE,tool/harness,,tool_failure,search_replace outcome=error,,,~/.grok/sessions/<encoded-cwd>/01a00617-6615-7b33-b602-42448d96c29c/events.jsonl
296c3a62bb8dd4ed5d42,2026-08-15T17:09:12.761Z,01a00660-73b9-7f42-b369-a32a33eac6b8,01a00617-6615-7b33-b602-42448d96c29c,,general-purpose,auxiliary,mimo-v2.5,BOOTSTRAP-01,tool/harness,,tool_failure,search_replace outcome=error,,,~/.grok/sessions/<encoded-cwd>/01a00660-73b9-7f42-b369-a32a33eac6b8/events.jsonl
7c87070a708918d5f982,2026-08-15T17:09:41.999Z,01a00660-73b9-7f42-b369-a32a33eac6b8,01a00617-6615-7b33-b602-42448d96c29c,,general-purpose,auxiliary,mimo-v2.5,BOOTSTRAP-01,tool/harness,,tool_failure,search_replace outcome=error,,,~/.grok/sessions/<encoded-cwd>/01a00660-73b9-7f42-b369-a32a33eac6b8/events.jsonl
991188a488a8115d0b27,2026-08-15T17:12:39.468Z,01a00660-73b9-7f42-b369-a32a33eac6b8,01a00617-6615-7b33-b602-42448d96c29c,,general-purpose,auxiliary,mimo-v2.5,BOOTSTRAP-01,tool/harness,,tool_failure,run_terminal_command outcome=error,,,~/.grok/sessions/<encoded-cwd>/01a00660-73b9-7f42-b369-a32a33eac6b8/events.jsonl
2e4a74fd7233a3b9a085,2026-08-15T17:15:54.423Z,01a00660-73b9-7f42-b369-a32a33eac6b8,01a00617-6615-7b33-b602-42448d96c29c,,general-purpose,auxiliary,mimo-v2.5,BOOTSTRAP-01,tool/harness,,tool_failure,run_terminal_command outcome=error,,,~/.grok/sessions/<encoded-cwd>/01a00660-73b9-7f42-b369-a32a33eac6b8/events.jsonl
1d95d0945fe16c721a77,2026-08-15T17:20:41.317Z,01a00660-73b9-7f42-b369-a32a33eac6b8,01a00617-6615-7b33-b602-42448d96c29c,,general-purpose,auxiliary,mimo-v2.5,BOOTSTRAP-01,tool/harness,,tool_failure,run_terminal_command outcome=error,,,~/.grok/sessions/<encoded-cwd>/01a00660-73b9-7f42-b369-a32a33eac6b8/events.jsonl
9c0e99f0db4d44ca4ba5,2026-08-15T17:25:10.496Z,01a00674-a46b-7c50-b957-e2351f98483a,01a00617-6615-7b33-b602-42448d96c29c,,general-purpose,auxiliary,deepseek-v4-flash,BOOTSTRAP-01,tool/harness,,tool_failure,run_terminal_command outcome=error,,,~/.grok/sessions/<encoded-cwd>/01a00674-a46b-7c50-b957-e2351f98483a/events.jsonl
3f7add3a11acf384b84a,2026-08-15T17:26:09.514Z,01a00674-a46b-7c50-b957-e2351f98483a,01a00617-6615-7b33-b602-42448d96c29c,,general-purpose,auxiliary,deepseek-v4-flash,BOOTSTRAP-01,tool/harness,,tool_failure,run_terminal_command outcome=error,,,~/.grok/sessions/<encoded-cwd>/01a00674-a46b-7c50-b957-e2351f98483a/events.jsonl
0aff06de0703f5e4b1dc,2026-08-15T17:28:15.203Z,01a00674-a46b-7c50-b957-e2351f98483a,01a00617-6615-7b33-b602-42448d96c29c,,general-purpose,auxiliary,deepseek-v4-flash,BOOTSTRAP-01,tool/harness,,tool_failure,run_terminal_command outcome=error,,,~/.grok/sessions/<encoded-cwd>/01a00674-a46b-7c50-b957-e2351f98483a/events.jsonl
95309a46c1f8dc62d28b,2026-08-15T17:47:08.984Z,01a0067e-ef73-7f80-b2d3-75904a15f754,01a00617-6615-7b33-b602-42448d96c29c,,general-purpose,auxiliary,mimo-v2.5,BOOTSTRAP-01,tool/harness,,tool_failure,run_terminal_command outcome=error,,,~/.grok/sessions/<encoded-cwd>/01a0067e-ef73-7f80-b2d3-75904a15f754/events.jsonl
39a3f391287f19d78732,2026-08-15T17:51:40.296Z,01a0067e-ef73-7f80-b2d3-75904a15f754,01a00617-6615-7b33-b602-42448d96c29c,,general-purpose,auxiliary,mimo-v2.5,BOOTSTRAP-01,tool/harness,,tool_failure,run_terminal_command outcome=error,,,~/.grok/sessions/<encoded-cwd>/01a0067e-ef73-7f80-b2d3-75904a15f754/events.jsonl
e43ac7547e406627eaa5,2026-08-15T17:55:48.250Z,01a0068e-486e-7412-a600-52f9a965baa6,01a00617-6615-7b33-b602-42448d96c29c,,general-purpose,auxiliary,deepseek-v4-flash,BOOTSTRAP-01,tool/harness,,tool_failure,run_terminal_command outcome=error,,,~/.grok/sessions/<encoded-cwd>/01a0068e-486e-7412-a600-52f9a965baa6/events.jsonl
397838e0eba91ca85b48,2026-08-15T17:57:54.915Z,01a0068e-486e-7412-a600-52f9a965baa6,01a00617-6615-7b33-b602-42448d96c29c,,general-purpose,auxiliary,deepseek-v4-flash,BOOTSTRAP-01,tool/harness,,tool_failure,run_terminal_command outcome=error,,,~/.grok/sessions/<encoded-cwd>/01a0068e-486e-7412-a600-52f9a965baa6/events.jsonl
d3fe50c1c3b5d9a948c8,2026-08-15T17:58:51.569Z,01a00693-81e5-7d13-a1b4-4baeb2305002,01a00617-6615-7b33-b602-42448d96c29c,,general-purpose,auxiliary,deepseek-v4-flash,BOOTSTRAP-01,tool/harness,,tool_failure,run_terminal_command outcome=error,,,~/.grok/sessions/<encoded-cwd>/01a00693-81e5-7d13-a1b4-4baeb2305002/events.jsonl
debdbe66764824377606,2026-08-15T18:00:51.136Z,01a00693-81e5-7d13-a1b4-4baeb2305002,01a00617-6615-7b33-b602-42448d96c29c,,general-purpose,auxiliary,deepseek-v4-flash,BOOTSTRAP-01,tool/harness,,tool_failure,run_terminal_command outcome=error,,,~/.grok/sessions/<encoded-cwd>/01a00693-81e5-7d13-a1b4-4baeb2305002/events.jsonl
fcf2fe14144ce31253c5,2026-08-15T18:04:36.421Z,01a00698-6475-7ad2-9167-2f1186c0a21f,01a00617-6615-7b33-b602-42448d96c29c,,git-committer,bookkeeping/committer,gemma4,BOOTSTRAP-01,tool/harness,,tool_failure,run_terminal_command outcome=error,,,~/.grok/sessions/<encoded-cwd>/01a00698-6475-7ad2-9167-2f1186c0a21f/events.jsonl
f5ac7ced0309d8da609d,2026-08-15T18:06:11.056Z,01a00698-6475-7ad2-9167-2f1186c0a21f,01a00617-6615-7b33-b602-42448d96c29c,,git-committer,bookkeeping/committer,gemma4,BOOTSTRAP-01,tool/harness,,tool_failure,run_terminal_command outcome=error,,,~/.grok/sessions/<encoded-cwd>/01a00698-6475-7ad2-9167-2f1186c0a21f/events.jsonl
2ea613d90cd500fe3323,2026-08-15T18:06:37.818Z,01a00698-6475-7ad2-9167-2f1186c0a21f,01a00617-6615-7b33-b602-42448d96c29c,,git-committer,bookkeeping/committer,gemma4,BOOTSTRAP-01,tool/harness,,tool_failure,run_terminal_command outcome=error,,,~/.grok/sessions/<encoded-cwd>/01a00698-6475-7ad2-9167-2f1186c0a21f/events.jsonl
09395954879ae88b407b,2026-08-15T18:06:49.150Z,01a00698-6475-7ad2-9167-2f1186c0a21f,01a00617-6615-7b33-b602-42448d96c29c,,git-committer,bookkeeping/committer,gemma4,BOOTSTRAP-01,tool/harness,,tool_failure,run_terminal_command outcome=error,,,~/.grok/sessions/<encoded-cwd>/01a00698-6475-7ad2-9167-2f1186c0a21f/events.jsonl
f03761def0d5a07e711c,2026-08-15T18:07:08.443Z,01a00698-6475-7ad2-9167-2f1186c0a21f,01a00617-6615-7b33-b602-42448d96c29c,01a00698-6475-7ad2-9167-2f1186c0a21f:00066,git-committer,bookkeeping/committer,gemma4,BOOTSTRAP-01,provider,,provider_retry,provider retry marker,1,,~/.grok/sessions/<encoded-cwd>/01a00698-6475-7ad2-9167-2f1186c0a21f/chat_history.jsonl
a0a46426fb4ef5137b34,2026-08-15T18:07:08.485602792Z,01a00698-6475-7ad2-9167-2f1186c0a21f,01a00617-6615-7b33-b602-42448d96c29c,,git-committer,bookkeeping/committer,gemma4,BOOTSTRAP-01,subagent/harness,429,subagent_failed,"Session error: Rate limited: {
  ""message"": ""API error (status 429 Too Many Requests): None: gemma4 rate limit: 1048576 tokens/min exceeded. Retry shortly."",
  ""promptUsage"": {
    ""inputTokens"": 2657635,
    ""outputTokens"": 4400,
    ""totalTokens"": 2662035,
    ""cachedReadTokens"": 0,
    ""cacheCreationTokens"": 0,
    ""reasoningTokens"": 0,
    ""modelCalls"": 66,
    ""apiDurationMs"": 135266,
    ""modelUsage"": {
      ""gemma4"": {
        ""inputTokens"": 2657635,
        ""outputTokens"": 4400,
       ",,failed,~/.grok/sessions/<encoded-cwd>/01a00617-6615-7b33-b602-42448d96c29c/subagents/01a00698-6475-7ad2-9167-2f1186c0a21f/meta.json
548f9c1c918787d90976,2026-08-15T18:09:36.945Z,01a0069d-1658-7f63-b99e-aeb300f21f79,01a00617-6615-7b33-b602-42448d96c29c,,general-purpose,auxiliary,qwen3.6,BOOTSTRAP-01,tool/harness,,tool_failure,read_file outcome=error,,,~/.grok/sessions/<encoded-cwd>/01a0069d-1658-7f63-b99e-aeb300f21f79/events.jsonl
aec68459cb223e571467,2026-08-15T18:09:41.169Z,01a0069d-1658-7f63-b99e-aeb300f21f79,01a00617-6615-7b33-b602-42448d96c29c,,general-purpose,auxiliary,qwen3.6,BOOTSTRAP-01,tool/harness,,tool_failure,read_file outcome=error,,,~/.grok/sessions/<encoded-cwd>/01a0069d-1658-7f63-b99e-aeb300f21f79/events.jsonl
7f55c9c730cb848dba56,2026-08-15T18:14:28.907Z,01a0069d-1658-7f63-b99e-aeb300f21f79,01a00617-6615-7b33-b602-42448d96c29c,,general-purpose,auxiliary,qwen3.6,BOOTSTRAP-01,tool/harness,,tool_failure,run_terminal_command outcome=error,,,~/.grok/sessions/<encoded-cwd>/01a0069d-1658-7f63-b99e-aeb300f21f79/events.jsonl
58634c39dc3a0ea0a87d,2026-08-15T18:14:47.666Z,01a0069d-1658-7f63-b99e-aeb300f21f79,01a00617-6615-7b33-b602-42448d96c29c,,general-purpose,auxiliary,qwen3.6,BOOTSTRAP-01,tool/harness,,tool_failure,run_terminal_command outcome=error,,,~/.grok/sessions/<encoded-cwd>/01a0069d-1658-7f63-b99e-aeb300f21f79/events.jsonl
9089a4d636dba0e8de7b,2026-08-15T18:16:10.469Z,01a0069d-1658-7f63-b99e-aeb300f21f79,01a00617-6615-7b33-b602-42448d96c29c,,general-purpose,auxiliary,qwen3.6,BOOTSTRAP-01,tool/harness,,tool_failure,run_terminal_command outcome=error,,,~/.grok/sessions/<encoded-cwd>/01a0069d-1658-7f63-b99e-aeb300f21f79/events.jsonl
b32048c00062b8a39e52,2026-08-15T18:18:05.429Z,01a0069d-1658-7f63-b99e-aeb300f21f79,01a00617-6615-7b33-b602-42448d96c29c,,general-purpose,auxiliary,qwen3.6,BOOTSTRAP-01,tool/harness,,tool_failure,run_terminal_command outcome=error,,,~/.grok/sessions/<encoded-cwd>/01a0069d-1658-7f63-b99e-aeb300f21f79/events.jsonl
1e4f93ca08d34f31f015,2026-08-15T18:18:35.883Z,01a0069d-1658-7f63-b99e-aeb300f21f79,01a00617-6615-7b33-b602-42448d96c29c,,general-purpose,auxiliary,qwen3.6,BOOTSTRAP-01,tool/harness,,tool_failure,run_terminal_command outcome=error,,,~/.grok/sessions/<encoded-cwd>/01a0069d-1658-7f63-b99e-aeb300f21f79/events.jsonl
b96f8546b53a7008de02,2026-08-15T18:18:51.699Z,01a0069d-1658-7f63-b99e-aeb300f21f79,01a00617-6615-7b33-b602-42448d96c29c,,general-purpose,auxiliary,qwen3.6,BOOTSTRAP-01,tool/harness,,tool_failure,search_replace outcome=error,,,~/.grok/sessions/<encoded-cwd>/01a0069d-1658-7f63-b99e-aeb300f21f79/events.jsonl
c4c45616c06bad9b8db4,2026-08-15T18:19:12.759Z,01a0069d-1658-7f63-b99e-aeb300f21f79,01a00617-6615-7b33-b602-42448d96c29c,,general-purpose,auxiliary,qwen3.6,BOOTSTRAP-01,tool/harness,,tool_failure,run_terminal_command outcome=error,,,~/.grok/sessions/<encoded-cwd>/01a0069d-1658-7f63-b99e-aeb300f21f79/events.jsonl
26ce100a03ef2a71197b,2026-08-15T18:19:31.333Z,01a0069d-1658-7f63-b99e-aeb300f21f79,01a00617-6615-7b33-b602-42448d96c29c,,general-purpose,auxiliary,qwen3.6,BOOTSTRAP-01,tool/harness,,tool_failure,search_replace outcome=error,,,~/.grok/sessions/<encoded-cwd>/01a0069d-1658-7f63-b99e-aeb300f21f79/events.jsonl
2c2b63ab430888b9b7c0,2026-08-15T18:19:57.420Z,01a0069d-1658-7f63-b99e-aeb300f21f79,01a00617-6615-7b33-b602-42448d96c29c,,general-purpose,auxiliary,qwen3.6,BOOTSTRAP-01,tool/harness,,tool_failure,run_terminal_command outcome=error,,,~/.grok/sessions/<encoded-cwd>/01a0069d-1658-7f63-b99e-aeb300f21f79/events.jsonl
13c376306258a82bb9b7,2026-08-15T18:21:29.840Z,01a0069d-1658-7f63-b99e-aeb300f21f79,01a00617-6615-7b33-b602-42448d96c29c,,general-purpose,auxiliary,qwen3.6,BOOTSTRAP-01,tool/harness,,tool_failure,run_terminal_command outcome=error,,,~/.grok/sessions/<encoded-cwd>/01a0069d-1658-7f63-b99e-aeb300f21f79/events.jsonl
4176ff5459f090360a36,2026-08-15T18:31:30.904Z,01a0069d-1658-7f63-b99e-aeb300f21f79,01a00617-6615-7b33-b602-42448d96c29c,,general-purpose,auxiliary,qwen3.6,BOOTSTRAP-01,tool/harness,,tool_failure,run_terminal_command outcome=error,,,~/.grok/sessions/<encoded-cwd>/01a0069d-1658-7f63-b99e-aeb300f21f79/events.jsonl
506435fae649e7b5391e,2026-08-15T18:43:11.328Z,01a006b6-7ca9-7410-856e-9d788ec0e2ca,01a00617-6615-7b33-b602-42448d96c29c,,general-purpose,auxiliary,deepseek-v4-flash,BOOTSTRAP-01,tool/harness,,tool_failure,run_terminal_command outcome=error,,,~/.grok/sessions/<encoded-cwd>/01a006b6-7ca9-7410-856e-9d788ec0e2ca/events.jsonl
c5080c36648637dc34ba,2026-08-15T18:45:52.988Z,01a006bc-bb5c-7d01-b54a-246d1b7e9076,01a00617-6615-7b33-b602-42448d96c29c,,general-purpose,auxiliary,deepseek-v4-flash,BOOTSTRAP-01,tool/harness,,tool_failure,run_terminal_command outcome=error,,,~/.grok/sessions/<encoded-cwd>/01a006bc-bb5c-7d01-b54a-246d1b7e9076/events.jsonl
639e3cc7b2e8f3140384,2026-08-15T18:52:15.887Z,01a006bf-facb-7702-8f44-9bcb4bbd806f,01a00617-6615-7b33-b602-42448d96c29c,,general-purpose,auxiliary,qwen3.6,MATCH-SCORING,tool/harness,,tool_failure,run_terminal_command outcome=error,,,~/.grok/sessions/<encoded-cwd>/01a006bf-facb-7702-8f44-9bcb4bbd806f/events.jsonl
966d725e26b5ab67a3ae,2026-08-15T18:54:32.196Z,01a006bf-facb-7702-8f44-9bcb4bbd806f,01a00617-6615-7b33-b602-42448d96c29c,,general-purpose,auxiliary,qwen3.6,MATCH-SCORING,tool/harness,,tool_failure,run_terminal_command outcome=error,,,~/.grok/sessions/<encoded-cwd>/01a006bf-facb-7702-8f44-9bcb4bbd806f/events.jsonl
1f5033b4d44ac92cdb79,2026-08-15T19:50:56.005Z,01a006f8-fdd1-7be2-b304-5f321f04c2fb,,,grok-build-plan,parent/orchestrator,deepseek-v4-flash,BOOTSTRAP-01,tool/harness,,tool_failure,read_file outcome=error,,,~/.grok/sessions/<encoded-cwd>/01a006f8-fdd1-7be2-b304-5f321f04c2fb/events.jsonl
c40b60f5ae25139bb618,2026-08-15T19:50:56.085Z,01a006f8-fdd1-7be2-b304-5f321f04c2fb,,,grok-build-plan,parent/orchestrator,deepseek-v4-flash,BOOTSTRAP-01,tool/harness,,tool_failure,read_file outcome=error,,,~/.grok/sessions/<encoded-cwd>/01a006f8-fdd1-7be2-b304-5f321f04c2fb/events.jsonl
7158d54029f732f663b8,2026-08-15T19:50:56.154Z,01a006f8-fdd1-7be2-b304-5f321f04c2fb,,,grok-build-plan,parent/orchestrator,deepseek-v4-flash,BOOTSTRAP-01,tool/harness,,tool_failure,read_file outcome=error,,,~/.grok/sessions/<encoded-cwd>/01a006f8-fdd1-7be2-b304-5f321f04c2fb/events.jsonl
674a12da26436cfb174e,2026-08-15T19:55:46.115Z,01a006f8-fdd1-7be2-b304-5f321f04c2fb,,,grok-build-plan,parent/orchestrator,deepseek-v4-flash,BOOTSTRAP-01,tool/harness,,tool_failure,search_replace outcome=error,,,~/.grok/sessions/<encoded-cwd>/01a006f8-fdd1-7be2-b304-5f321f04c2fb/events.jsonl
a4878d231ae04bfdfaa3,2026-08-15T19:58:43.725Z,01a006ff-26f7-7fc1-8d26-6ba514e1af80,01a006f8-fdd1-7be2-b304-5f321f04c2fb,,builder-qwen,builder,qwen3.6,MATCH-SCORING,tool/harness,,tool_failure,run_terminal_command outcome=error,,,~/.grok/sessions/<encoded-cwd>/01a006ff-26f7-7fc1-8d26-6ba514e1af80/events.jsonl
9b465d5e9b7cbb9b8115,2026-08-15T20:09:48.708Z,01a006ff-26f7-7fc1-8d26-6ba514e1af80,01a006f8-fdd1-7be2-b304-5f321f04c2fb,,builder-qwen,builder,qwen3.6,MATCH-SCORING,tool/harness,,tool_failure,run_terminal_command outcome=error,,,~/.grok/sessions/<encoded-cwd>/01a006ff-26f7-7fc1-8d26-6ba514e1af80/events.jsonl
377e2b460afd50c2a50e,2026-08-15T20:26:51.900Z,01a006ff-26f7-7fc1-8d26-6ba514e1af80,01a006f8-fdd1-7be2-b304-5f321f04c2fb,,builder-qwen,builder,qwen3.6,MATCH-SCORING,tool/harness,,tool_failure,run_terminal_command outcome=error,,,~/.grok/sessions/<encoded-cwd>/01a006ff-26f7-7fc1-8d26-6ba514e1af80/events.jsonl
9c45b1e0d32c352c3e10,2026-08-15T20:51:26.457Z,01a006ff-26f7-7fc1-8d26-6ba514e1af80,01a006f8-fdd1-7be2-b304-5f321f04c2fb,,builder-qwen,builder,qwen3.6,MATCH-SCORING,tool/harness,,tool_failure,run_terminal_command outcome=error,,,~/.grok/sessions/<encoded-cwd>/01a006ff-26f7-7fc1-8d26-6ba514e1af80/events.jsonl
3411ba1f615621a29e76,2026-08-15T20:52:42.343Z,01a006f8-fdd1-7be2-b304-5f321f04c2fb,,,grok-build-plan,parent/orchestrator,deepseek-v4-flash,BOOTSTRAP-01,tool/harness,,tool_failure,search_replace outcome=error,,,~/.grok/sessions/<encoded-cwd>/01a006f8-fdd1-7be2-b304-5f321f04c2fb/events.jsonl
93d1520dfefabace6c87,2026-08-15T20:53:04.802638902Z,01a00733-1581-74c2-8e23-d486f99124e0,01a006f8-fdd1-7be2-b304-5f321f04c2fb,,critic,critic,deepseek-v4-flash-0731,MATCH-SCORING,subagent/harness,402,subagent_failed,"Session error: Internal error: {
  ""message"": ""API error (status 402 Payment Required): None: deepseek-v4-flash-0731 allowance exhausted: 500,447,721 of 500,000,000 tokens used in the current period, 0 left. The counter resets when your allowance period rolls over, on 2026-09-01 00:00 UTC, in 16d3h. Your remaining allowance is on the dashboard at cloud.nan.builders.…"",
  ""http_status"": 402
}",,failed,~/.grok/sessions/<encoded-cwd>/01a006f8-fdd1-7be2-b304-5f321f04c2fb/subagents/01a00733-1581-74c2-8e23-d486f99124e0/meta.json
201ea852c8e7e7320d6d,2026-08-15T20:53:24.752410982Z,01a00733-6488-76e3-952b-ede19cfe0bda,01a006f8-fdd1-7be2-b304-5f321f04c2fb,,critic,critic,deepseek-v4-flash-0731,MATCH-SCORING,subagent/harness,402,subagent_failed,"Session error: Internal error: {
  ""message"": ""API error (status 402 Payment Required): None: deepseek-v4-flash-0731 allowance exhausted: 500,447,721 of 500,000,000 tokens used in the current period, 0 left. The counter resets when your allowance period rolls over, on 2026-09-01 00:00 UTC, in 16d3h. Your remaining allowance is on the dashboard at cloud.nan.builders.…"",
  ""http_status"": 402
}",,failed,~/.grok/sessions/<encoded-cwd>/01a006f8-fdd1-7be2-b304-5f321f04c2fb/subagents/01a00733-6488-76e3-952b-ede19cfe0bda/meta.json
ec0d3898c3ab203953d2,2026-08-15T20:58:51.777262030Z,01a00738-61de-7bb2-8322-521d6bb3353f,01a006f8-fdd1-7be2-b304-5f321f04c2fb,,integration-reviewer,integration reviewer,deepseek-v4-flash-0731,MATCH-SCORING,subagent/harness,402,subagent_failed,"Session error: Internal error: {
  ""message"": ""API error (status 402 Payment Required): None: deepseek-v4-flash-0731 allowance exhausted: 500,447,721 of 500,000,000 tokens used in the current period, 0 left. The counter resets when your allowance period rolls over, on 2026-09-01 00:00 UTC, in 16d3h. Your remaining allowance is on the dashboard at cloud.nan.builders.…"",
  ""http_status"": 402
}",,failed,~/.grok/sessions/<encoded-cwd>/01a006f8-fdd1-7be2-b304-5f321f04c2fb/subagents/01a00738-61de-7bb2-8322-521d6bb3353f/meta.json
ae3b722995bdbe26cf12,2026-08-15T20:59:26.132Z,01a006f8-fdd1-7be2-b304-5f321f04c2fb,,01a006f8-fdd1-7be2-b304-5f321f04c2fb:00043,orchestrator-deepseek,parent/orchestrator,deepseek-v4-flash,MATCH-SCORING,provider,,provider_retry,provider retry marker,1,,~/.grok/sessions/<encoded-cwd>/01a006f8-fdd1-7be2-b304-5f321f04c2fb/chat_history.jsonl
6643c584db3384a449f0,2026-08-15T21:00:36.488Z,01a00739-12c7-74d3-b9cb-975f1dfb0b7a,01a006f8-fdd1-7be2-b304-5f321f04c2fb,,integration-reviewer,integration reviewer,mimo-v2.5,MATCH-SCORING,tool/harness,,tool_failure,run_terminal_command outcome=error,,,~/.grok/sessions/<encoded-cwd>/01a00739-12c7-74d3-b9cb-975f1dfb0b7a/events.jsonl
84e7458c11a6d046ab9e,2026-08-15T21:03:59.483Z,01a00739-12c7-74d3-b9cb-975f1dfb0b7a,01a006f8-fdd1-7be2-b304-5f321f04c2fb,,integration-reviewer,integration reviewer,mimo-v2.5,MATCH-SCORING,tool/harness,,tool_failure,run_terminal_command outcome=error,,,~/.grok/sessions/<encoded-cwd>/01a00739-12c7-74d3-b9cb-975f1dfb0b7a/events.jsonl
00d62ff5d4ca98fa3d0c,2026-08-15T21:05:02.904Z,01a006f8-fdd1-7be2-b304-5f321f04c2fb,,,grok-build-plan,parent/orchestrator,deepseek-v4-flash,BOOTSTRAP-01,tool/harness,,tool_failure,search_replace outcome=error,,,~/.grok/sessions/<encoded-cwd>/01a006f8-fdd1-7be2-b304-5f321f04c2fb/events.jsonl
0e819b41d7ec76336347,2026-08-15T21:05:22.920Z,01a006f8-fdd1-7be2-b304-5f321f04c2fb,,,grok-build-plan,parent/orchestrator,deepseek-v4-flash,BOOTSTRAP-01,tool/harness,,tool_failure,search_replace outcome=error,,,~/.grok/sessions/<encoded-cwd>/01a006f8-fdd1-7be2-b304-5f321f04c2fb/events.jsonl
ef6e511d5a79cf89cd6b,2026-08-15T21:05:29.791Z,01a006f8-fdd1-7be2-b304-5f321f04c2fb,,,grok-build-plan,parent/orchestrator,deepseek-v4-flash,BOOTSTRAP-01,tool/harness,,tool_failure,search_replace outcome=error,,,~/.grok/sessions/<encoded-cwd>/01a006f8-fdd1-7be2-b304-5f321f04c2fb/events.jsonl
ea10e84b843af5fb20cb,2026-08-15T21:05:42.563Z,01a006f8-fdd1-7be2-b304-5f321f04c2fb,,,grok-build-plan,parent/orchestrator,deepseek-v4-flash,BOOTSTRAP-01,tool/harness,,tool_failure,search_replace outcome=error,,,~/.grok/sessions/<encoded-cwd>/01a006f8-fdd1-7be2-b304-5f321f04c2fb/events.jsonl
0bc5848688d9d9d49c75,2026-08-15T21:05:54.840Z,01a006f8-fdd1-7be2-b304-5f321f04c2fb,,,grok-build-plan,parent/orchestrator,deepseek-v4-flash,BOOTSTRAP-01,tool/harness,,tool_failure,search_replace outcome=error,,,~/.grok/sessions/<encoded-cwd>/01a006f8-fdd1-7be2-b304-5f321f04c2fb/events.jsonl
49219cb5c61c000d4255,2026-08-15T21:13:52.677Z,01a00740-f373-7042-b9f4-768d35786668,01a006f8-fdd1-7be2-b304-5f321f04c2fb,,builder-mimo,builder,mimo-v2.5,BROWSER-SCOREBOARD,tool/harness,,tool_failure,run_terminal_command outcome=error,,,~/.grok/sessions/<encoded-cwd>/01a00740-f373-7042-b9f4-768d35786668/events.jsonl
15dd8b37b348681c64ca,2026-08-15T21:16:10.994Z,01a00740-f373-7042-b9f4-768d35786668,01a006f8-fdd1-7be2-b304-5f321f04c2fb,,builder-mimo,builder,mimo-v2.5,BROWSER-SCOREBOARD,tool/harness,,tool_failure,run_terminal_command outcome=error,,,~/.grok/sessions/<encoded-cwd>/01a00740-f373-7042-b9f4-768d35786668/events.jsonl
c8ec87994f5ededacb9a,2026-08-15T21:18:41.926Z,01a00740-f373-7042-b9f4-768d35786668,01a006f8-fdd1-7be2-b304-5f321f04c2fb,,builder-mimo,builder,mimo-v2.5,BROWSER-SCOREBOARD,tool/harness,,tool_failure,run_terminal_command outcome=error,,,~/.grok/sessions/<encoded-cwd>/01a00740-f373-7042-b9f4-768d35786668/events.jsonl
92a011951cf7a7dcb45d,2026-08-15T21:20:38.999Z,01a00740-f373-7042-b9f4-768d35786668,01a006f8-fdd1-7be2-b304-5f321f04c2fb,,builder-mimo,builder,mimo-v2.5,BROWSER-SCOREBOARD,tool/harness,,tool_failure,run_terminal_command outcome=error,,,~/.grok/sessions/<encoded-cwd>/01a00740-f373-7042-b9f4-768d35786668/events.jsonl
50d68a5e9ff5615163cf,2026-08-15T21:21:57.288Z,01a00740-f373-7042-b9f4-768d35786668,01a006f8-fdd1-7be2-b304-5f321f04c2fb,,builder-mimo,builder,mimo-v2.5,BROWSER-SCOREBOARD,tool/harness,,tool_failure,run_terminal_command outcome=error,,,~/.grok/sessions/<encoded-cwd>/01a00740-f373-7042-b9f4-768d35786668/events.jsonl
c4a87fd16b219f0777be,2026-08-15T21:28:52.945Z,01a00751-ebc6-7f62-9180-616c177ba611,01a006f8-fdd1-7be2-b304-5f321f04c2fb,,critic-qwen,critic,qwen3.6,BROWSER-SCOREBOARD,tool/harness,,tool_failure,run_terminal_command outcome=error,,,~/.grok/sessions/<encoded-cwd>/01a00751-ebc6-7f62-9180-616c177ba611/events.jsonl
92c1bf2b8331e56e39a0,2026-08-15T21:31:01.367Z,01a00751-ebc6-7f62-9180-616c177ba611,01a006f8-fdd1-7be2-b304-5f321f04c2fb,,critic-qwen,critic,qwen3.6,BROWSER-SCOREBOARD,tool/harness,,tool_failure,run_terminal_command outcome=error,,,~/.grok/sessions/<encoded-cwd>/01a00751-ebc6-7f62-9180-616c177ba611/events.jsonl
a2cac6ae1d9d2b657215,2026-08-15T21:33:32.479Z,01a00757-37c3-7771-85a7-7064ba406d42,01a006f8-fdd1-7be2-b304-5f321f04c2fb,,integration-reviewer,integration reviewer,qwen3.6,BROWSER-SCOREBOARD,tool/harness,,tool_failure,run_terminal_command outcome=error,,,~/.grok/sessions/<encoded-cwd>/01a00757-37c3-7771-85a7-7064ba406d42/events.jsonl
1195931f88fa7d19b658,2026-08-15T21:35:46.498Z,01a00757-37c3-7771-85a7-7064ba406d42,01a006f8-fdd1-7be2-b304-5f321f04c2fb,,integration-reviewer,integration reviewer,qwen3.6,BROWSER-SCOREBOARD,tool/harness,,tool_failure,run_terminal_command outcome=error,,,~/.grok/sessions/<encoded-cwd>/01a00757-37c3-7771-85a7-7064ba406d42/events.jsonl
df7f6b8acb0ea5c816c0,2026-08-15T21:36:52.803Z,01a00757-37c3-7771-85a7-7064ba406d42,01a006f8-fdd1-7be2-b304-5f321f04c2fb,01a00757-37c3-7771-85a7-7064ba406d42:00022,integration-reviewer,integration reviewer,qwen3.6,BROWSER-SCOREBOARD,provider,,provider_retry,provider retry marker,3,,~/.grok/sessions/<encoded-cwd>/01a00757-37c3-7771-85a7-7064ba406d42/chat_history.jsonl
3ab274c52c366c0d5cd4,2026-08-15T21:40:56.501Z,01a0075c-8455-7270-a0df-32b31a028294,01a006f8-fdd1-7be2-b304-5f321f04c2fb,,builder-qwen,builder,qwen3.6,MATCH-LIFECYCLE,tool/harness,,tool_failure,run_terminal_command outcome=error,,,~/.grok/sessions/<encoded-cwd>/01a0075c-8455-7270-a0df-32b31a028294/events.jsonl
08a7663ff53eb8f06ec7,2026-08-15T21:47:52.343Z,01a0075c-8455-7270-a0df-32b31a028294,01a006f8-fdd1-7be2-b304-5f321f04c2fb,,builder-qwen,builder,qwen3.6,MATCH-LIFECYCLE,tool/harness,,tool_failure,search_replace outcome=error,,,~/.grok/sessions/<encoded-cwd>/01a0075c-8455-7270-a0df-32b31a028294/events.jsonl
107da1ce3aef639119b8,2026-08-15T21:48:39.664Z,01a0075c-8455-7270-a0df-32b31a028294,01a006f8-fdd1-7be2-b304-5f321f04c2fb,,builder-qwen,builder,qwen3.6,MATCH-LIFECYCLE,tool/harness,,tool_failure,search_replace outcome=error,,,~/.grok/sessions/<encoded-cwd>/01a0075c-8455-7270-a0df-32b31a028294/events.jsonl
5577b2c1662708c05aca,2026-08-15T21:49:08.307Z,01a0075c-8455-7270-a0df-32b31a028294,01a006f8-fdd1-7be2-b304-5f321f04c2fb,,builder-qwen,builder,qwen3.6,MATCH-LIFECYCLE,tool/harness,,tool_failure,run_terminal_command outcome=error,,,~/.grok/sessions/<encoded-cwd>/01a0075c-8455-7270-a0df-32b31a028294/events.jsonl
17ee0be80ce6d9786cde,2026-08-15T21:49:11.270Z,01a0075c-8455-7270-a0df-32b31a028294,01a006f8-fdd1-7be2-b304-5f321f04c2fb,,builder-qwen,builder,qwen3.6,MATCH-LIFECYCLE,tool/harness,,tool_failure,run_terminal_command outcome=error,,,~/.grok/sessions/<encoded-cwd>/01a0075c-8455-7270-a0df-32b31a028294/events.jsonl
bc314bcc46f172992858,2026-08-15T21:59:01.491Z,01a0075c-8455-7270-a0df-32b31a028294,01a006f8-fdd1-7be2-b304-5f321f04c2fb,,builder-qwen,builder,qwen3.6,MATCH-LIFECYCLE,tool/harness,,tool_failure,run_terminal_command outcome=error,,,~/.grok/sessions/<encoded-cwd>/01a0075c-8455-7270-a0df-32b31a028294/events.jsonl
f36c2c0269bc8f3efc20,2026-08-15T21:59:16.991Z,01a0075c-8455-7270-a0df-32b31a028294,01a006f8-fdd1-7be2-b304-5f321f04c2fb,,builder-qwen,builder,qwen3.6,MATCH-LIFECYCLE,tool/harness,,tool_failure,run_terminal_command outcome=error,,,~/.grok/sessions/<encoded-cwd>/01a0075c-8455-7270-a0df-32b31a028294/events.jsonl
c717e2f0231e2a21b9bd,2026-08-15T21:59:33.798Z,01a0075c-8455-7270-a0df-32b31a028294,01a006f8-fdd1-7be2-b304-5f321f04c2fb,,builder-qwen,builder,qwen3.6,MATCH-LIFECYCLE,tool/harness,,tool_failure,run_terminal_command outcome=error,,,~/.grok/sessions/<encoded-cwd>/01a0075c-8455-7270-a0df-32b31a028294/events.jsonl
5e9edbd59d9feea2f6c4,2026-08-15T22:09:49.025Z,01a0075c-8455-7270-a0df-32b31a028294,01a006f8-fdd1-7be2-b304-5f321f04c2fb,,builder-qwen,builder,qwen3.6,MATCH-LIFECYCLE,tool/harness,,tool_failure,run_terminal_command outcome=error,,,~/.grok/sessions/<encoded-cwd>/01a0075c-8455-7270-a0df-32b31a028294/events.jsonl
bacbc05228e22ea1579d,2026-08-15T22:15:00.582Z,01a0075c-8455-7270-a0df-32b31a028294,01a006f8-fdd1-7be2-b304-5f321f04c2fb,,builder-qwen,builder,qwen3.6,MATCH-LIFECYCLE,tool/harness,,tool_failure,run_terminal_command outcome=error,,,~/.grok/sessions/<encoded-cwd>/01a0075c-8455-7270-a0df-32b31a028294/events.jsonl
8a6112277f1a2d1b0caa,2026-08-15T22:15:04.557Z,01a0075c-8455-7270-a0df-32b31a028294,01a006f8-fdd1-7be2-b304-5f321f04c2fb,,builder-qwen,builder,qwen3.6,MATCH-LIFECYCLE,tool/harness,,tool_failure,run_terminal_command outcome=error,,,~/.grok/sessions/<encoded-cwd>/01a0075c-8455-7270-a0df-32b31a028294/events.jsonl
981e1ef4caafa6812294,2026-08-15T22:36:02.399Z,01a0078f-b061-77d2-b20d-8f2b7b04f33b,01a006f8-fdd1-7be2-b304-5f321f04c2fb,,critic-mimo,critic,mimo-v2.5,MATCH-LIFECYCLE,tool/harness,,tool_failure,run_terminal_command outcome=error,,,~/.grok/sessions/<encoded-cwd>/01a0078f-b061-77d2-b20d-8f2b7b04f33b/events.jsonl
4f560f32d3d6900194cd,2026-08-15T22:39:30.405Z,01a0078f-b061-77d2-b20d-8f2b7b04f33b,01a006f8-fdd1-7be2-b304-5f321f04c2fb,,critic-mimo,critic,mimo-v2.5,MATCH-LIFECYCLE,tool/harness,,tool_failure,run_terminal_command outcome=error,,,~/.grok/sessions/<encoded-cwd>/01a0078f-b061-77d2-b20d-8f2b7b04f33b/events.jsonl
de11cb8dd99546c44c32,2026-08-15T22:41:39.606Z,01a0078f-b061-77d2-b20d-8f2b7b04f33b,01a006f8-fdd1-7be2-b304-5f321f04c2fb,,critic-mimo,critic,mimo-v2.5,MATCH-LIFECYCLE,tool/harness,,tool_failure,run_terminal_command outcome=error,,,~/.grok/sessions/<encoded-cwd>/01a0078f-b061-77d2-b20d-8f2b7b04f33b/events.jsonl
ba0d5e40f33ddeda9db9,2026-08-15T22:51:54.972Z,01a0079f-a2c8-7a11-afc9-c763df51e65b,01a006f8-fdd1-7be2-b304-5f321f04c2fb,,git-committer,bookkeeping/committer,gemma4,MATCH-LIFECYCLE,tool/harness,,tool_failure,run_terminal_command outcome=error,,,~/.grok/sessions/<encoded-cwd>/01a0079f-a2c8-7a11-afc9-c763df51e65b/events.jsonl
161bb8a123d310750396,2026-08-15T22:52:34.982Z,01a007a0-6664-7503-bde9-b98c3c29edc2,01a006f8-fdd1-7be2-b304-5f321f04c2fb,,builder-qwen,builder,qwen3.6,BOOTSTRAP-01,tool/harness,,tool_failure,list_dir outcome=error,,,~/.grok/sessions/<encoded-cwd>/01a007a0-6664-7503-bde9-b98c3c29edc2/events.jsonl
7d992bb1478b721498e3,2026-08-15T22:54:38.350Z,01a007a0-6664-7503-bde9-b98c3c29edc2,01a006f8-fdd1-7be2-b304-5f321f04c2fb,,builder-qwen,builder,qwen3.6,BOOTSTRAP-01,tool/harness,,tool_failure,run_terminal_command outcome=error,,,~/.grok/sessions/<encoded-cwd>/01a007a0-6664-7503-bde9-b98c3c29edc2/events.jsonl
96845420aa7cc1156782,2026-08-15T22:55:50.983Z,01a007a0-6664-7503-bde9-b98c3c29edc2,01a006f8-fdd1-7be2-b304-5f321f04c2fb,,builder-qwen,builder,qwen3.6,BOOTSTRAP-01,tool/harness,,tool_failure,run_terminal_command outcome=error,,,~/.grok/sessions/<encoded-cwd>/01a007a0-6664-7503-bde9-b98c3c29edc2/events.jsonl
714d8b624ed5f031e3c7,2026-08-15T22:57:26.104Z,01a007a0-6664-7503-bde9-b98c3c29edc2,01a006f8-fdd1-7be2-b304-5f321f04c2fb,,builder-qwen,builder,qwen3.6,BOOTSTRAP-01,tool/harness,,tool_failure,run_terminal_command outcome=error,,,~/.grok/sessions/<encoded-cwd>/01a007a0-6664-7503-bde9-b98c3c29edc2/events.jsonl
f2cf4f2e47283244a553,2026-08-15T22:57:58.296Z,01a007a0-6664-7503-bde9-b98c3c29edc2,01a006f8-fdd1-7be2-b304-5f321f04c2fb,,builder-qwen,builder,qwen3.6,BOOTSTRAP-01,tool/harness,,tool_failure,run_terminal_command outcome=error,,,~/.grok/sessions/<encoded-cwd>/01a007a0-6664-7503-bde9-b98c3c29edc2/events.jsonl
1556e9bf3dfcaf3f32b5,2026-08-15T23:03:54.763Z,01a007a0-6664-7503-bde9-b98c3c29edc2,01a006f8-fdd1-7be2-b304-5f321f04c2fb,,builder-qwen,builder,qwen3.6,BOOTSTRAP-01,tool/harness,,tool_failure,run_terminal_command outcome=error,,,~/.grok/sessions/<encoded-cwd>/01a007a0-6664-7503-bde9-b98c3c29edc2/events.jsonl
8ae2deed1f9cb8c0f4c4,2026-08-15T23:20:41.698Z,01a007b7-c62e-7e00-a825-95374437d70b,01a006f8-fdd1-7be2-b304-5f321f04c2fb,,integration-reviewer,integration reviewer,mimo-v2.5,BOOTSTRAP-01,tool/harness,,tool_failure,run_terminal_command outcome=error,,,~/.grok/sessions/<encoded-cwd>/01a007b7-c62e-7e00-a825-95374437d70b/events.jsonl
07379edce0934711ca2a,2026-08-15T23:22:53.519Z,01a007b7-c62e-7e00-a825-95374437d70b,01a006f8-fdd1-7be2-b304-5f321f04c2fb,,integration-reviewer,integration reviewer,mimo-v2.5,BOOTSTRAP-01,tool/harness,,tool_failure,run_terminal_command outcome=error,,,~/.grok/sessions/<encoded-cwd>/01a007b7-c62e-7e00-a825-95374437d70b/events.jsonl
a9192ce22b2bcf15b952,2026-08-15T23:29:35.839Z,01a007be-0788-79f1-abd1-556236ad1578,01a006f8-fdd1-7be2-b304-5f321f04c2fb,,integration-reviewer,integration reviewer,mimo-v2.5,BOOTSTRAP-01,tool/harness,,tool_failure,run_terminal_command outcome=error,,,~/.grok/sessions/<encoded-cwd>/01a007be-0788-79f1-abd1-556236ad1578/events.jsonl
d13c89a6265f94f631e9,2026-08-15T23:31:40.566Z,01a007c4-2a66-7132-8820-65ed3e95dfa0,01a006f8-fdd1-7be2-b304-5f321f04c2fb,,git-committer,bookkeeping/committer,gemma4,BOOTSTRAP-01,tool/harness,,tool_failure,run_terminal_command outcome=error,,,~/.grok/sessions/<encoded-cwd>/01a007c4-2a66-7132-8820-65ed3e95dfa0/events.jsonl
6ae829c892c4a4f72be2,2026-08-15T23:57:09.227Z,01a007d9-a9d7-75e2-abab-d64bf79f0c1e,01a007cd-36da-7a33-953d-732ebbff0da7,,builder-qwen,builder,qwen3.6,MATCH-ORACLE,tool/harness,,tool_failure,run_terminal_command outcome=error,,,~/.grok/sessions/<encoded-cwd>/01a007d9-a9d7-75e2-abab-d64bf79f0c1e/events.jsonl
40b021129a63ff530c81,2026-08-15T23:59:12.472Z,01a007d9-a9d7-75e2-abab-d64bf79f0c1e,01a007cd-36da-7a33-953d-732ebbff0da7,,builder-qwen,builder,qwen3.6,MATCH-ORACLE,tool/harness,,tool_failure,run_terminal_command outcome=error,,,~/.grok/sessions/<encoded-cwd>/01a007d9-a9d7-75e2-abab-d64bf79f0c1e/events.jsonl
05fccab6ae6ba9494c27,2026-08-16T00:09:44.882265291Z,01a007e7-1e07-7522-9132-9d3ba2a1f6ee,01a007cd-36da-7a33-953d-732ebbff0da7,,critic,critic,deepseek-v4-flash-0731,MATCH-ORACLE,subagent/harness,402,subagent_failed,"Session error: Internal error: {
  ""message"": ""API error (status 402 Payment Required): None: deepseek-v4-flash-0731 allowance exhausted: 500,447,721 of 500,000,000 tokens used in the current period, 0 left. The counter resets when your allowance period rolls over, on 2026-09-01 00:00 UTC, in 15d23h. Your remaining allowance is on the dashboard at cloud.nan.builders…"",
  ""http_status"": 402
}",,failed,~/.grok/sessions/<encoded-cwd>/01a007cd-36da-7a33-953d-732ebbff0da7/subagents/01a007e7-1e07-7522-9132-9d3ba2a1f6ee/meta.json
0cdad388e8763182342f,2026-08-16T00:09:59.528306130Z,01a007e7-5d1f-78e0-884e-14a0231ed073,01a007cd-36da-7a33-953d-732ebbff0da7,,critic,critic,deepseek-v4-flash-0731,MATCH-ORACLE,subagent/harness,402,subagent_failed,"Session error: Internal error: {
  ""message"": ""API error (status 402 Payment Required): None: deepseek-v4-flash-0731 allowance exhausted: 500,447,721 of 500,000,000 tokens used in the current period, 0 left. The counter resets when your allowance period rolls over, on 2026-09-01 00:00 UTC, in 15d23h. Your remaining allowance is on the dashboard at cloud.nan.builders…"",
  ""http_status"": 402
}",,failed,~/.grok/sessions/<encoded-cwd>/01a007cd-36da-7a33-953d-732ebbff0da7/subagents/01a007e7-5d1f-78e0-884e-14a0231ed073/meta.json
5660a558a1e64451101e,2026-08-16T00:15:26.871Z,01a007e7-9e09-77e2-b3ae-bcbd286d021a,01a007cd-36da-7a33-953d-732ebbff0da7,,critic-mimo,critic,mimo-v2.5,MATCH-ORACLE,tool/harness,,tool_failure,run_terminal_command outcome=error,,,~/.grok/sessions/<encoded-cwd>/01a007e7-9e09-77e2-b3ae-bcbd286d021a/events.jsonl
48be6d66df437f4525aa,2026-08-16T00:19:29.491Z,01a007e7-9e09-77e2-b3ae-bcbd286d021a,01a007cd-36da-7a33-953d-732ebbff0da7,,critic-mimo,critic,mimo-v2.5,MATCH-ORACLE,tool/harness,,tool_failure,run_terminal_command outcome=error,,,~/.grok/sessions/<encoded-cwd>/01a007e7-9e09-77e2-b3ae-bcbd286d021a/events.jsonl
faba1d45e79614921b27,2026-08-16T00:21:04.097825696Z,01a007f1-7edb-7001-a156-2520784435f7,01a007cd-36da-7a33-953d-732ebbff0da7,,integration-reviewer,integration reviewer,deepseek-v4-flash-0731,MATCH-ORACLE,subagent/harness,402,subagent_failed,"Session error: Internal error: {
  ""message"": ""API error (status 402 Payment Required): None: deepseek-v4-flash-0731 allowance exhausted: 500,447,721 of 500,000,000 tokens used in the current period, 0 left. The counter resets when your allowance period rolls over, on 2026-09-01 00:00 UTC, in 15d23h. Your remaining allowance is on the dashboard at cloud.nan.builders…"",
  ""http_status"": 402
}",,failed,~/.grok/sessions/<encoded-cwd>/01a007cd-36da-7a33-953d-732ebbff0da7/subagents/01a007f1-7edb-7001-a156-2520784435f7/meta.json
ad45990c0259d4c3a59c,2026-08-16T00:24:10.075Z,01a007f1-c3f4-7e92-86dc-b75a6243c0a4,01a007cd-36da-7a33-953d-732ebbff0da7,,general-purpose,auxiliary,mimo-v2.5,MATCH-ORACLE,tool/harness,,tool_failure,run_terminal_command outcome=error,,,~/.grok/sessions/<encoded-cwd>/01a007f1-c3f4-7e92-86dc-b75a6243c0a4/events.jsonl
906ae12302c7e5b22fc4,2026-08-16T00:31:33.480Z,01a007cd-36da-7a33-953d-732ebbff0da7,,,grok-build-plan,parent/orchestrator,deepseek-v4-flash,BOOTSTRAP-01,tool/harness,,tool_failure,search_replace outcome=error,,,~/.grok/sessions/<encoded-cwd>/01a007cd-36da-7a33-953d-732ebbff0da7/events.jsonl
b0050a28ddd7537e8732,2026-08-16T00:38:52.278Z,01a007fd-7b26-7680-bc61-2bdb0b757d72,01a007cd-36da-7a33-953d-732ebbff0da7,,builder-qwen,builder,qwen3.6,MATCH-REPLAY-EXTENSION,tool/harness,,tool_failure,run_terminal_command outcome=error,,,~/.grok/sessions/<encoded-cwd>/01a007fd-7b26-7680-bc61-2bdb0b757d72/events.jsonl
51cfd9d13767e423fc13,2026-08-16T00:39:55.059Z,01a007fd-7b26-7680-bc61-2bdb0b757d72,01a007cd-36da-7a33-953d-732ebbff0da7,,builder-qwen,builder,qwen3.6,MATCH-REPLAY-EXTENSION,tool/harness,,tool_failure,run_terminal_command outcome=error,,,~/.grok/sessions/<encoded-cwd>/01a007fd-7b26-7680-bc61-2bdb0b757d72/events.jsonl
6d3794d96dd8ab6ae40a,2026-08-16T00:55:09.086Z,01a007cd-36da-7a33-953d-732ebbff0da7,,,grok-build-plan,parent/orchestrator,deepseek-v4-flash,BOOTSTRAP-01,tool/harness,,tool_failure,read_file outcome=error,,,~/.grok/sessions/<encoded-cwd>/01a007cd-36da-7a33-953d-732ebbff0da7/events.jsonl
47983ef45c000687e059,2026-08-16T00:55:52.406Z,01a007cd-36da-7a33-953d-732ebbff0da7,,,grok-build-plan,parent/orchestrator,deepseek-v4-flash,BOOTSTRAP-01,tool/harness,,tool_failure,search_replace outcome=error,,,~/.grok/sessions/<encoded-cwd>/01a007cd-36da-7a33-953d-732ebbff0da7/events.jsonl
8f2b187416d4b00e78c8,2026-08-16T00:56:17.691Z,01a007cd-36da-7a33-953d-732ebbff0da7,,,grok-build-plan,parent/orchestrator,deepseek-v4-flash,BOOTSTRAP-01,tool/harness,,tool_failure,search_replace outcome=error,,,~/.grok/sessions/<encoded-cwd>/01a007cd-36da-7a33-953d-732ebbff0da7/events.jsonl
32005457dde2b0573c05,2026-08-16T00:56:30.200Z,01a007cd-36da-7a33-953d-732ebbff0da7,,,grok-build-plan,parent/orchestrator,deepseek-v4-flash,BOOTSTRAP-01,tool/harness,,tool_failure,search_replace outcome=error,,,~/.grok/sessions/<encoded-cwd>/01a007cd-36da-7a33-953d-732ebbff0da7/events.jsonl
1ecf0625fcc60475b802,2026-08-16T01:00:14.269Z,01a00812-8663-7001-ae8a-cb99ce0bfe81,01a007cd-36da-7a33-953d-732ebbff0da7,,general-purpose,auxiliary,mimo-v2.5,BROWSER-MATCH-PHASE-DISPLAY,tool/harness,,tool_failure,run_terminal_command outcome=error,,,~/.grok/sessions/<encoded-cwd>/01a00812-8663-7001-ae8a-cb99ce0bfe81/events.jsonl
4552405127086e3c84fd,2026-08-16T01:00:48.948Z,01a00812-8663-7001-ae8a-cb99ce0bfe81,01a007cd-36da-7a33-953d-732ebbff0da7,,general-purpose,auxiliary,mimo-v2.5,BROWSER-MATCH-PHASE-DISPLAY,tool/harness,,tool_failure,run_terminal_command outcome=error,,,~/.grok/sessions/<encoded-cwd>/01a00812-8663-7001-ae8a-cb99ce0bfe81/events.jsonl
5e17b5fa06c5f46b34ac,2026-08-16T01:16:27.559147754Z,01a00824-36a1-7dc1-a9da-391d29ef4c54,01a0081d-b393-7320-83f9-4b24e297030d,,critic,critic,deepseek-v4-flash-0731,BROWSER-MATCH-PHASE-DISPLAY,subagent/harness,402,subagent_failed,"Session error: Internal error: {
  ""message"": ""API error (status 402 Payment Required): None: deepseek-v4-flash-0731 allowance exhausted: 500,447,721 of 500,000,000 tokens used in the current period, 0 left. The counter resets when your allowance period rolls over, on 2026-09-01 00:00 UTC, in 15d22h. Your remaining allowance is on the dashboard at cloud.nan.builders…"",
  ""http_status"": 402
}",,failed,~/.grok/sessions/<encoded-cwd>/01a0081d-b393-7320-83f9-4b24e297030d/subagents/01a00824-36a1-7dc1-a9da-391d29ef4c54/meta.json
5b71c47ef17531df29ac,2026-08-16T01:17:29.671822677Z,01a00825-2867-70d3-9e04-da1fb913fe30,01a0081d-b393-7320-83f9-4b24e297030d,,critic,critic,deepseek-v4-flash-0731,BROWSER-MATCH-PHASE-DISPLAY,subagent/harness,402,subagent_failed,"Session error: Internal error: {
  ""message"": ""API error (status 402 Payment Required): None: deepseek-v4-flash-0731 allowance exhausted: 500,447,721 of 500,000,000 tokens used in the current period, 0 left. The counter resets when your allowance period rolls over, on 2026-09-01 00:00 UTC, in 15d22h. Your remaining allowance is on the dashboard at cloud.nan.builders…"",
  ""http_status"": 402
}",,failed,~/.grok/sessions/<encoded-cwd>/01a0081d-b393-7320-83f9-4b24e297030d/subagents/01a00825-2867-70d3-9e04-da1fb913fe30/meta.json
e9db42355d8f24e0461f,2026-08-16T01:20:05.782Z,01a00825-7b0e-7e10-9f44-fb214db66718,01a0081d-b393-7320-83f9-4b24e297030d,,critic-qwen,critic,qwen3.6,BROWSER-MATCH-PHASE-DISPLAY,tool/harness,,tool_failure,run_terminal_command outcome=error,,,~/.grok/sessions/<encoded-cwd>/01a00825-7b0e-7e10-9f44-fb214db66718/events.jsonl
ca1e3c46388be106dbae,2026-08-16T01:20:08.913Z,01a00825-7b0e-7e10-9f44-fb214db66718,01a0081d-b393-7320-83f9-4b24e297030d,,critic-qwen,critic,qwen3.6,BROWSER-MATCH-PHASE-DISPLAY,tool/harness,,tool_failure,run_terminal_command outcome=error,,,~/.grok/sessions/<encoded-cwd>/01a00825-7b0e-7e10-9f44-fb214db66718/events.jsonl
4af0c1fa7993d99a83cd,2026-08-16T01:22:13.687Z,01a00825-7b0e-7e10-9f44-fb214db66718,01a0081d-b393-7320-83f9-4b24e297030d,,critic-qwen,critic,qwen3.6,BROWSER-MATCH-PHASE-DISPLAY,tool/harness,,tool_failure,run_terminal_command outcome=error,,,~/.grok/sessions/<encoded-cwd>/01a00825-7b0e-7e10-9f44-fb214db66718/events.jsonl
6c1d0a83725e2835ddc2,2026-08-16T01:29:15.606Z,01a00825-7b0e-7e10-9f44-fb214db66718,01a0081d-b393-7320-83f9-4b24e297030d,,critic-qwen,critic,qwen3.6,BROWSER-MATCH-PHASE-DISPLAY,tool/harness,,tool_failure,run_terminal_command outcome=error,,,~/.grok/sessions/<encoded-cwd>/01a00825-7b0e-7e10-9f44-fb214db66718/events.jsonl
8113debec2c8cc1b72c1,2026-08-16T01:29:19.155Z,01a00825-7b0e-7e10-9f44-fb214db66718,01a0081d-b393-7320-83f9-4b24e297030d,,critic-qwen,critic,qwen3.6,BROWSER-MATCH-PHASE-DISPLAY,tool/harness,,tool_failure,run_terminal_command outcome=error,,,~/.grok/sessions/<encoded-cwd>/01a00825-7b0e-7e10-9f44-fb214db66718/events.jsonl
ef2c781008020feede36,2026-08-16T01:29:37.070Z,01a00825-7b0e-7e10-9f44-fb214db66718,01a0081d-b393-7320-83f9-4b24e297030d,,critic-qwen,critic,qwen3.6,BROWSER-MATCH-PHASE-DISPLAY,tool/harness,,tool_failure,run_terminal_command outcome=error,,,~/.grok/sessions/<encoded-cwd>/01a00825-7b0e-7e10-9f44-fb214db66718/events.jsonl
575a2d566d22f06f60c7,2026-08-16T01:32:15.408Z,01a0081d-b393-7320-83f9-4b24e297030d,,,grok-build-plan,parent/orchestrator,deepseek-v4-flash,BOOTSTRAP-01,tool/harness,,tool_failure,search_replace outcome=error,,,~/.grok/sessions/<encoded-cwd>/01a0081d-b393-7320-83f9-4b24e297030d/events.jsonl
3b69d7626f037130b253,2026-08-16T01:32:56.433Z,01a0081d-b393-7320-83f9-4b24e297030d,,,grok-build-plan,parent/orchestrator,deepseek-v4-flash,BOOTSTRAP-01,tool/harness,,tool_failure,run_terminal_command outcome=error,,,~/.grok/sessions/<encoded-cwd>/01a0081d-b393-7320-83f9-4b24e297030d/events.jsonl
d1cdd6d65b04b99e3f95,2026-08-16T01:33:23.163Z,01a0081d-b393-7320-83f9-4b24e297030d,,,grok-build-plan,parent/orchestrator,deepseek-v4-flash,BOOTSTRAP-01,tool/harness,,tool_failure,run_terminal_command outcome=error,,,~/.grok/sessions/<encoded-cwd>/01a0081d-b393-7320-83f9-4b24e297030d/events.jsonl
51373e4fb1732e5b6651,2026-08-16T01:55:58.752Z,01a00846-6b55-7933-88ea-64d5703bda45,01a0081d-b393-7320-83f9-4b24e297030d,,critic-qwen,critic,qwen3.6,BROWSER-MATCH-PHASE-DISPLAY,tool/harness,,tool_failure,run_terminal_command outcome=error,,,~/.grok/sessions/<encoded-cwd>/01a00846-6b55-7933-88ea-64d5703bda45/events.jsonl
3c3f6bc161ad4865c651,2026-08-16T01:58:18.256Z,01a00846-6b55-7933-88ea-64d5703bda45,01a0081d-b393-7320-83f9-4b24e297030d,,critic-qwen,critic,qwen3.6,BROWSER-MATCH-PHASE-DISPLAY,tool/harness,,tool_failure,run_terminal_command outcome=error,,,~/.grok/sessions/<encoded-cwd>/01a00846-6b55-7933-88ea-64d5703bda45/events.jsonl
e9d64495ad3ba58b9d7f,2026-08-16T01:58:21.321Z,01a00846-6b55-7933-88ea-64d5703bda45,01a0081d-b393-7320-83f9-4b24e297030d,,critic-qwen,critic,qwen3.6,BROWSER-MATCH-PHASE-DISPLAY,tool/harness,,tool_failure,run_terminal_command outcome=error,,,~/.grok/sessions/<encoded-cwd>/01a00846-6b55-7933-88ea-64d5703bda45/events.jsonl
85fa7c5302f3eb5a033f,2026-08-16T01:58:23.918Z,01a00846-6b55-7933-88ea-64d5703bda45,01a0081d-b393-7320-83f9-4b24e297030d,,critic-qwen,critic,qwen3.6,BROWSER-MATCH-PHASE-DISPLAY,tool/harness,,tool_failure,run_terminal_command outcome=error,,,~/.grok/sessions/<encoded-cwd>/01a00846-6b55-7933-88ea-64d5703bda45/events.jsonl
322bd177b4eca0bbed4a,2026-08-16T02:01:53.436Z,01a00846-6b55-7933-88ea-64d5703bda45,01a0081d-b393-7320-83f9-4b24e297030d,,critic-qwen,critic,qwen3.6,BROWSER-MATCH-PHASE-DISPLAY,tool/harness,,tool_failure,run_terminal_command outcome=error,,,~/.grok/sessions/<encoded-cwd>/01a00846-6b55-7933-88ea-64d5703bda45/events.jsonl
23fb50ccf60886c46acb,2026-08-16T02:13:59.728Z,01a00846-6b55-7933-88ea-64d5703bda45,01a0081d-b393-7320-83f9-4b24e297030d,,critic-qwen,critic,qwen3.6,BROWSER-MATCH-PHASE-DISPLAY,tool/harness,,tool_failure,run_terminal_command outcome=error,,,~/.grok/sessions/<encoded-cwd>/01a00846-6b55-7933-88ea-64d5703bda45/events.jsonl
0fd777e5632d8bf08efa,2026-08-16T02:14:42.093417285Z,01a00859-8870-7d41-95dd-53b4365faf5e,01a0081d-b393-7320-83f9-4b24e297030d,,integration-reviewer,integration reviewer,deepseek-v4-flash-0731,BROWSER-MATCH-PHASE-DISPLAY,subagent/harness,402,subagent_failed,"Session error: Internal error: {
  ""message"": ""API error (status 402 Payment Required): None: deepseek-v4-flash-0731 allowance exhausted: 500,447,721 of 500,000,000 tokens used in the current period, 0 left. The counter resets when your allowance period rolls over, on 2026-09-01 00:00 UTC, in 15d21h. Your remaining allowance is on the dashboard at cloud.nan.builders…"",
  ""http_status"": 402
}",,failed,~/.grok/sessions/<encoded-cwd>/01a0081d-b393-7320-83f9-4b24e297030d/subagents/01a00859-8870-7d41-95dd-53b4365faf5e/meta.json
4c46d62a3a7dad3d48bd,2026-08-16T02:14:56.017Z,01a0081d-b393-7320-83f9-4b24e297030d,,,grok-build-plan,parent/orchestrator,deepseek-v4-flash,BOOTSTRAP-01,tool/harness,,tool_failure,spawn_subagent outcome=error,,,~/.grok/sessions/<encoded-cwd>/01a0081d-b393-7320-83f9-4b24e297030d/events.jsonl
2b901b0fdf8f4bb15cfe,2026-08-16T02:18:00.034Z,01a00859-ec50-7070-89cd-24edf6c3d0e3,01a0081d-b393-7320-83f9-4b24e297030d,,integration-reviewer-flash,integration reviewer,deepseek-v4-flash,BROWSER-MATCH-PHASE-DISPLAY,tool/harness,,tool_failure,run_terminal_command outcome=error,,,~/.grok/sessions/<encoded-cwd>/01a00859-ec50-7070-89cd-24edf6c3d0e3/events.jsonl
4cd8b036728728cc0925,2026-08-16T02:21:58.014Z,01a00859-ec50-7070-89cd-24edf6c3d0e3,01a0081d-b393-7320-83f9-4b24e297030d,,integration-reviewer-flash,integration reviewer,deepseek-v4-flash,BROWSER-MATCH-PHASE-DISPLAY,tool/harness,,tool_failure,run_terminal_command outcome=error,,,~/.grok/sessions/<encoded-cwd>/01a00859-ec50-7070-89cd-24edf6c3d0e3/events.jsonl
63420d18da707212b629,2026-08-16T02:22:24.747Z,01a00859-ec50-7070-89cd-24edf6c3d0e3,01a0081d-b393-7320-83f9-4b24e297030d,,integration-reviewer-flash,integration reviewer,deepseek-v4-flash,BROWSER-MATCH-PHASE-DISPLAY,tool/harness,,tool_failure,run_terminal_command outcome=error,,,~/.grok/sessions/<encoded-cwd>/01a00859-ec50-7070-89cd-24edf6c3d0e3/events.jsonl
342fa0dd3d417ac70400,2026-08-16T02:23:02.287Z,01a00859-ec50-7070-89cd-24edf6c3d0e3,01a0081d-b393-7320-83f9-4b24e297030d,,integration-reviewer-flash,integration reviewer,deepseek-v4-flash,BROWSER-MATCH-PHASE-DISPLAY,tool/harness,,tool_failure,run_terminal_command outcome=error,,,~/.grok/sessions/<encoded-cwd>/01a00859-ec50-7070-89cd-24edf6c3d0e3/events.jsonl
10b8a59e6788d5b1d0ff,2026-08-16T02:23:44.628Z,01a00859-ec50-7070-89cd-24edf6c3d0e3,01a0081d-b393-7320-83f9-4b24e297030d,,integration-reviewer-flash,integration reviewer,deepseek-v4-flash,BROWSER-MATCH-PHASE-DISPLAY,tool/harness,,tool_failure,run_terminal_command outcome=error,,,~/.grok/sessions/<encoded-cwd>/01a00859-ec50-7070-89cd-24edf6c3d0e3/events.jsonl
d6f62a9606304a7f46f0,2026-08-16T02:23:44.733Z,01a00859-ec50-7070-89cd-24edf6c3d0e3,01a0081d-b393-7320-83f9-4b24e297030d,,integration-reviewer-flash,integration reviewer,deepseek-v4-flash,BROWSER-MATCH-PHASE-DISPLAY,tool/harness,,tool_failure,run_terminal_command outcome=error,,,~/.grok/sessions/<encoded-cwd>/01a00859-ec50-7070-89cd-24edf6c3d0e3/events.jsonl
449736452d588137ea99,2026-08-16T02:31:21.814Z,01a00868-83e1-71f3-b5ba-330092938bf3,01a0081d-b393-7320-83f9-4b24e297030d,,critic-flash,critic,deepseek-v4-flash,BROWSER-MATCH-PHASE-DISPLAY,tool/harness,,tool_failure,run_terminal_command outcome=error,,,~/.grok/sessions/<encoded-cwd>/01a00868-83e1-71f3-b5ba-330092938bf3/events.jsonl
12f1c0ce4ff440155d41,2026-08-16T02:34:21.368Z,01a00868-83e1-71f3-b5ba-330092938bf3,01a0081d-b393-7320-83f9-4b24e297030d,,critic-flash,critic,deepseek-v4-flash,BROWSER-MATCH-PHASE-DISPLAY,tool/harness,,tool_failure,run_terminal_command outcome=error,,,~/.grok/sessions/<encoded-cwd>/01a00868-83e1-71f3-b5ba-330092938bf3/events.jsonl
bced274c10d37829f981,2026-08-16T02:35:00.143Z,01a00868-83e1-71f3-b5ba-330092938bf3,01a0081d-b393-7320-83f9-4b24e297030d,,critic-flash,critic,deepseek-v4-flash,BROWSER-MATCH-PHASE-DISPLAY,tool/harness,,tool_failure,run_terminal_command outcome=error,,,~/.grok/sessions/<encoded-cwd>/01a00868-83e1-71f3-b5ba-330092938bf3/events.jsonl
a342db56259dc03f0663,2026-08-16T02:59:33.255Z,01a0087e-efa1-79f1-8d1e-dfdec362a2f2,01a0081d-b393-7320-83f9-4b24e297030d,,builder-mimo,builder,mimo-v2.5,BROWSER-GOAL-EFFECT,tool/harness,,tool_failure,run_terminal_command outcome=error,,,~/.grok/sessions/<encoded-cwd>/01a0087e-efa1-79f1-8d1e-dfdec362a2f2/events.jsonl
1155f6369b1242ab7434,2026-08-16T03:02:58.889Z,01a0087e-efa1-79f1-8d1e-dfdec362a2f2,01a0081d-b393-7320-83f9-4b24e297030d,,builder-mimo,builder,mimo-v2.5,BROWSER-GOAL-EFFECT,tool/harness,,tool_failure,run_terminal_command outcome=error,,,~/.grok/sessions/<encoded-cwd>/01a0087e-efa1-79f1-8d1e-dfdec362a2f2/events.jsonl
61de04fdb33373c2472d,2026-08-16T03:03:38.762Z,01a0087e-efa1-79f1-8d1e-dfdec362a2f2,01a0081d-b393-7320-83f9-4b24e297030d,,builder-mimo,builder,mimo-v2.5,BROWSER-GOAL-EFFECT,tool/harness,,tool_failure,run_terminal_command outcome=error,,,~/.grok/sessions/<encoded-cwd>/01a0087e-efa1-79f1-8d1e-dfdec362a2f2/events.jsonl
a4d97326e6bf2ee81409,2026-08-16T03:05:08.051726687Z,01a0087e-efa1-79f1-8d1e-dfdec362a2f2,01a0081d-b393-7320-83f9-4b24e297030d,,builder-mimo,builder,mimo-v2.5,BROWSER-GOAL-EFFECT,subagent/harness,400,subagent_failed,"Session error: Internal error: {
  ""message"": ""API error (status 400 Bad Request): None: Invalid request. Check your request parameters."",
  ""http_status"": 400,
  ""promptUsage"": {
    ""inputTokens"": 1114011,
    ""outputTokens"": 8404,
    ""totalTokens"": 1122415,
    ""cachedReadTokens"": 1073472,
    ""cacheCreationTokens"": 0,
    ""reasoningTokens"": 2689,
    ""modelCalls"": 41,
    ""apiDurationMs"": 379662,
    ""modelUsage"": {
      ""mimo-v2.5"": {
        ""inputTokens"": 1114011,
        ""outputTokens""",,failed,~/.grok/sessions/<encoded-cwd>/01a0081d-b393-7320-83f9-4b24e297030d/subagents/01a0087e-efa1-79f1-8d1e-dfdec362a2f2/meta.json
b26129d4a2b44768d899,2026-08-16T03:05:17.845Z,01a0081d-b393-7320-83f9-4b24e297030d,,01a0081d-b393-7320-83f9-4b24e297030d:00145,orchestrator-deepseek,parent/orchestrator,deepseek-v4-flash,BROWSER-MATCH-PHASE-DISPLAY,provider,,provider_retry,provider retry marker,1,,~/.grok/sessions/<encoded-cwd>/01a0081d-b393-7320-83f9-4b24e297030d/chat_history.jsonl
7c64c5ec00767afbff4a,2026-08-16T03:09:42.423979426Z,01a0088b-e361-7da2-a2f9-ebe4a175fcb1,01a0081d-b393-7320-83f9-4b24e297030d,,critic,critic,deepseek-v4-flash-0731,BROWSER-GOAL-EFFECT,subagent/harness,402,subagent_failed,"Session error: Internal error: {
  ""message"": ""API error (status 402 Payment Required): None: deepseek-v4-flash-0731 allowance exhausted: 500,447,721 of 500,000,000 tokens used in the current period, 0 left. The counter resets when your allowance period rolls over, on 2026-09-01 00:00 UTC, in 15d20h. Your remaining allowance is on the dashboard at cloud.nan.builders…"",
  ""http_status"": 402
}",,failed,~/.grok/sessions/<encoded-cwd>/01a0081d-b393-7320-83f9-4b24e297030d/subagents/01a0088b-e361-7da2-a2f9-ebe4a175fcb1/meta.json
4beae58311d24d6a6114,2026-08-16T03:10:11.458Z,01a0088c-2a14-77b2-8c13-18666b73d7b4,01a0081d-b393-7320-83f9-4b24e297030d,,critic-flash,critic,deepseek-v4-flash,BROWSER-GOAL-EFFECT,tool/harness,,tool_failure,grep outcome=error,,,~/.grok/sessions/<encoded-cwd>/01a0088c-2a14-77b2-8c13-18666b73d7b4/events.jsonl
50493769e02d656afa24,2026-08-16T03:12:22.111Z,01a0088c-2a14-77b2-8c13-18666b73d7b4,01a0081d-b393-7320-83f9-4b24e297030d,,critic-flash,critic,deepseek-v4-flash,BROWSER-GOAL-EFFECT,tool/harness,,tool_failure,run_terminal_command outcome=error,,,~/.grok/sessions/<encoded-cwd>/01a0088c-2a14-77b2-8c13-18666b73d7b4/events.jsonl
dcdd647476029cba8323,2026-08-16T03:22:52.576Z,01a0088c-2a14-77b2-8c13-18666b73d7b4,01a0081d-b393-7320-83f9-4b24e297030d,,critic-flash,critic,deepseek-v4-flash,BROWSER-GOAL-EFFECT,tool/harness,,tool_failure,run_terminal_command outcome=error,,,~/.grok/sessions/<encoded-cwd>/01a0088c-2a14-77b2-8c13-18666b73d7b4/events.jsonl
1b27106905b791a4259f,2026-08-16T03:27:06.429Z,01a00898-94fc-79d1-8a99-2e3dd4159520,01a0081d-b393-7320-83f9-4b24e297030d,,integration-reviewer-flash,integration reviewer,deepseek-v4-flash,BROWSER-GOAL-EFFECT,tool/harness,,tool_failure,run_terminal_command outcome=error,,,~/.grok/sessions/<encoded-cwd>/01a00898-94fc-79d1-8a99-2e3dd4159520/events.jsonl
65445bc245d12af78d0e,2026-08-16T03:27:12.922Z,01a00898-94fc-79d1-8a99-2e3dd4159520,01a0081d-b393-7320-83f9-4b24e297030d,,integration-reviewer-flash,integration reviewer,deepseek-v4-flash,BROWSER-GOAL-EFFECT,tool/harness,,tool_failure,run_terminal_command outcome=error,,,~/.grok/sessions/<encoded-cwd>/01a00898-94fc-79d1-8a99-2e3dd4159520/events.jsonl
8b4744d4609a9091b6a6,2026-08-16T03:31:00.530Z,01a00898-94fc-79d1-8a99-2e3dd4159520,01a0081d-b393-7320-83f9-4b24e297030d,,integration-reviewer-flash,integration reviewer,deepseek-v4-flash,BROWSER-GOAL-EFFECT,tool/harness,,tool_failure,run_terminal_command outcome=error,,,~/.grok/sessions/<encoded-cwd>/01a00898-94fc-79d1-8a99-2e3dd4159520/events.jsonl
650e4d424c7fc207d08c,2026-08-16T03:31:14.386Z,01a00898-94fc-79d1-8a99-2e3dd4159520,01a0081d-b393-7320-83f9-4b24e297030d,,integration-reviewer-flash,integration reviewer,deepseek-v4-flash,BROWSER-GOAL-EFFECT,tool/harness,,tool_failure,run_terminal_command outcome=error,,,~/.grok/sessions/<encoded-cwd>/01a00898-94fc-79d1-8a99-2e3dd4159520/events.jsonl
dcaeeb784747fbb544dc,2026-08-16T03:31:15.352Z,01a00898-94fc-79d1-8a99-2e3dd4159520,01a0081d-b393-7320-83f9-4b24e297030d,,integration-reviewer-flash,integration reviewer,deepseek-v4-flash,BROWSER-GOAL-EFFECT,tool/harness,,tool_failure,run_terminal_command outcome=error,,,~/.grok/sessions/<encoded-cwd>/01a00898-94fc-79d1-8a99-2e3dd4159520/events.jsonl
c25eff5759b4e9a8af00,2026-08-16T03:32:16.224Z,01a0081d-b393-7320-83f9-4b24e297030d,,,grok-build-plan,parent/orchestrator,deepseek-v4-flash,BOOTSTRAP-01,tool/harness,,tool_failure,search_replace outcome=error,,,~/.grok/sessions/<encoded-cwd>/01a0081d-b393-7320-83f9-4b24e297030d/events.jsonl
5b562fa801c60f0ddcc2,2026-08-16T03:32:36.205Z,01a0081d-b393-7320-83f9-4b24e297030d,,,grok-build-plan,parent/orchestrator,deepseek-v4-flash,BOOTSTRAP-01,tool/harness,,tool_failure,search_replace outcome=error,,,~/.grok/sessions/<encoded-cwd>/01a0081d-b393-7320-83f9-4b24e297030d/events.jsonl
c9e4cdad13b526fccd06,2026-08-16T03:33:46.216Z,01a008a1-e3f2-7db1-9694-48f6344d7498,01a0081d-b393-7320-83f9-4b24e297030d,,builder-qwen,builder,qwen3.6,CPU-BALL-PURSUIT,tool/harness,,tool_failure,read_file outcome=error,,,~/.grok/sessions/<encoded-cwd>/01a008a1-e3f2-7db1-9694-48f6344d7498/events.jsonl
697fc23204829fa4899e,2026-08-16T03:33:46.281Z,01a008a1-e3f2-7db1-9694-48f6344d7498,01a0081d-b393-7320-83f9-4b24e297030d,,builder-qwen,builder,qwen3.6,CPU-BALL-PURSUIT,tool/harness,,tool_failure,read_file outcome=error,,,~/.grok/sessions/<encoded-cwd>/01a008a1-e3f2-7db1-9694-48f6344d7498/events.jsonl
70a08b5981a1196b6619,2026-08-16T03:33:50.122Z,01a008a1-e3f2-7db1-9694-48f6344d7498,01a0081d-b393-7320-83f9-4b24e297030d,,builder-qwen,builder,qwen3.6,CPU-BALL-PURSUIT,tool/harness,,tool_failure,list_dir outcome=error,,,~/.grok/sessions/<encoded-cwd>/01a008a1-e3f2-7db1-9694-48f6344d7498/events.jsonl
c4bfc63bf5f38f07aced,2026-08-16T03:34:54.325Z,01a008a1-e3f2-7db1-9694-48f6344d7498,01a0081d-b393-7320-83f9-4b24e297030d,,builder-qwen,builder,qwen3.6,CPU-BALL-PURSUIT,tool/harness,,tool_failure,run_terminal_command outcome=error,,,~/.grok/sessions/<encoded-cwd>/01a008a1-e3f2-7db1-9694-48f6344d7498/events.jsonl
dd9d61b9d60614a2718f,2026-08-16T03:35:20.428Z,01a008a1-e3f2-7db1-9694-48f6344d7498,01a0081d-b393-7320-83f9-4b24e297030d,,builder-qwen,builder,qwen3.6,CPU-BALL-PURSUIT,tool/harness,,tool_failure,run_terminal_command outcome=error,,,~/.grok/sessions/<encoded-cwd>/01a008a1-e3f2-7db1-9694-48f6344d7498/events.jsonl
3af01daeef0bf88eae31,2026-08-16T03:35:40.816Z,01a008a1-e3f2-7db1-9694-48f6344d7498,01a0081d-b393-7320-83f9-4b24e297030d,,builder-qwen,builder,qwen3.6,CPU-BALL-PURSUIT,tool/harness,,tool_failure,run_terminal_command outcome=error,,,~/.grok/sessions/<encoded-cwd>/01a008a1-e3f2-7db1-9694-48f6344d7498/events.jsonl
302bf929c5d8ddf577cd,2026-08-16T03:36:07.851Z,01a008a1-e3f2-7db1-9694-48f6344d7498,01a0081d-b393-7320-83f9-4b24e297030d,,builder-qwen,builder,qwen3.6,CPU-BALL-PURSUIT,tool/harness,,tool_failure,run_terminal_command outcome=error,,,~/.grok/sessions/<encoded-cwd>/01a008a1-e3f2-7db1-9694-48f6344d7498/events.jsonl
695fea1cdf83fd0bed02,2026-08-16T03:40:07.764Z,01a008a1-e3f2-7db1-9694-48f6344d7498,01a0081d-b393-7320-83f9-4b24e297030d,,builder-qwen,builder,qwen3.6,CPU-BALL-PURSUIT,tool/harness,,tool_failure,run_terminal_command outcome=error,,,~/.grok/sessions/<encoded-cwd>/01a008a1-e3f2-7db1-9694-48f6344d7498/events.jsonl
8ff5701f8d1e7e8ac759,2026-08-16T03:44:32.324Z,01a008a1-e3f2-7db1-9694-48f6344d7498,01a0081d-b393-7320-83f9-4b24e297030d,,builder-qwen,builder,qwen3.6,CPU-BALL-PURSUIT,tool/harness,,tool_failure,run_terminal_command outcome=error,,,~/.grok/sessions/<encoded-cwd>/01a008a1-e3f2-7db1-9694-48f6344d7498/events.jsonl
4f33896f830e94ce595b,2026-08-16T03:56:11.114Z,01a008b4-4345-78b0-9f18-a3ce258d0f18,01a0081d-b393-7320-83f9-4b24e297030d,,critic-flash,critic,deepseek-v4-flash,CPU-BALL-PURSUIT,tool/harness,,tool_failure,run_terminal_command outcome=error,,,~/.grok/sessions/<encoded-cwd>/01a008b4-4345-78b0-9f18-a3ce258d0f18/events.jsonl
b2bdf7b97e3962c6a4cb,2026-08-16T03:58:19.374Z,01a008b8-4b77-7780-b6b0-d7cb96acee7b,01a0081d-b393-7320-83f9-4b24e297030d,,integration-reviewer-flash,integration reviewer,deepseek-v4-flash,CPU-BALL-PURSUIT,tool/harness,,tool_failure,read_file outcome=error,,,~/.grok/sessions/<encoded-cwd>/01a008b8-4b77-7780-b6b0-d7cb96acee7b/events.jsonl
d1282914667ba13b45cd,2026-08-16T04:01:00.561Z,01a008b8-4b77-7780-b6b0-d7cb96acee7b,01a0081d-b393-7320-83f9-4b24e297030d,,integration-reviewer-flash,integration reviewer,deepseek-v4-flash,CPU-BALL-PURSUIT,tool/harness,,tool_failure,run_terminal_command outcome=error,,,~/.grok/sessions/<encoded-cwd>/01a008b8-4b77-7780-b6b0-d7cb96acee7b/events.jsonl
42b5453479c14a06bf18,2026-08-16T04:20:29.260Z,01a008bd-d381-74f3-a5be-7b4aded001d6,01a0081d-b393-7320-83f9-4b24e297030d,,builder-mimo,builder,mimo-v2.5,BROWSER-MATCH-START-URL,tool/harness,,tool_failure,run_terminal_command outcome=error,,,~/.grok/sessions/<encoded-cwd>/01a008bd-d381-74f3-a5be-7b4aded001d6/events.jsonl
88e43977429754caecb1,2026-08-16T04:26:48.854Z,01a008bd-d381-74f3-a5be-7b4aded001d6,01a0081d-b393-7320-83f9-4b24e297030d,,builder-mimo,builder,mimo-v2.5,BROWSER-MATCH-START-URL,tool/harness,,tool_failure,run_terminal_command outcome=error,,,~/.grok/sessions/<encoded-cwd>/01a008bd-d381-74f3-a5be-7b4aded001d6/events.jsonl
8798a65952a0e97f9445,2026-08-16T04:27:48.433Z,01a008bd-d381-74f3-a5be-7b4aded001d6,01a0081d-b393-7320-83f9-4b24e297030d,,builder-mimo,builder,mimo-v2.5,BROWSER-MATCH-START-URL,tool/harness,,tool_failure,run_terminal_command outcome=error,,,~/.grok/sessions/<encoded-cwd>/01a008bd-d381-74f3-a5be-7b4aded001d6/events.jsonl
c647a2ab2d5ebf297599,2026-08-16T04:28:34.921Z,01a008bd-d381-74f3-a5be-7b4aded001d6,01a0081d-b393-7320-83f9-4b24e297030d,,builder-mimo,builder,mimo-v2.5,BROWSER-MATCH-START-URL,tool/harness,,tool_failure,run_terminal_command outcome=error,,,~/.grok/sessions/<encoded-cwd>/01a008bd-d381-74f3-a5be-7b4aded001d6/events.jsonl
a24c51b54b3b29d0e633,2026-08-16T04:30:20.229Z,01a008bd-d381-74f3-a5be-7b4aded001d6,01a0081d-b393-7320-83f9-4b24e297030d,,builder-mimo,builder,mimo-v2.5,BROWSER-MATCH-START-URL,tool/harness,,tool_failure,run_terminal_command outcome=error,,,~/.grok/sessions/<encoded-cwd>/01a008bd-d381-74f3-a5be-7b4aded001d6/events.jsonl
7f4303fc311af533b3bc,2026-08-16T04:31:51.007Z,01a008bd-d381-74f3-a5be-7b4aded001d6,01a0081d-b393-7320-83f9-4b24e297030d,,builder-mimo,builder,mimo-v2.5,BROWSER-MATCH-START-URL,tool/harness,,tool_failure,run_terminal_command outcome=error,,,~/.grok/sessions/<encoded-cwd>/01a008bd-d381-74f3-a5be-7b4aded001d6/events.jsonl
dd60d1602d691ee1195c,2026-08-16T04:36:27.028Z,01a008bd-d381-74f3-a5be-7b4aded001d6,01a0081d-b393-7320-83f9-4b24e297030d,,builder-mimo,builder,mimo-v2.5,BROWSER-MATCH-START-URL,tool/harness,,tool_failure,run_terminal_command outcome=error,,,~/.grok/sessions/<encoded-cwd>/01a008bd-d381-74f3-a5be-7b4aded001d6/events.jsonl
3088286440bb49cedbf4,2026-08-16T04:37:35.654Z,01a008bd-d381-74f3-a5be-7b4aded001d6,01a0081d-b393-7320-83f9-4b24e297030d,,builder-mimo,builder,mimo-v2.5,BROWSER-MATCH-START-URL,tool/harness,,tool_failure,run_terminal_command outcome=error,,,~/.grok/sessions/<encoded-cwd>/01a008bd-d381-74f3-a5be-7b4aded001d6/events.jsonl
f7ce8be3beb47cc5fc78,2026-08-16T04:38:47.506Z,01a008bd-d381-74f3-a5be-7b4aded001d6,01a0081d-b393-7320-83f9-4b24e297030d,,builder-mimo,builder,mimo-v2.5,BROWSER-MATCH-START-URL,tool/harness,,tool_failure,run_terminal_command outcome=error,,,~/.grok/sessions/<encoded-cwd>/01a008bd-d381-74f3-a5be-7b4aded001d6/events.jsonl
6ebbf9d56df0fb890859,2026-08-16T04:38:57.032Z,01a008bd-d381-74f3-a5be-7b4aded001d6,01a0081d-b393-7320-83f9-4b24e297030d,,builder-mimo,builder,mimo-v2.5,BROWSER-MATCH-START-URL,tool/harness,,tool_failure,run_terminal_command outcome=error,,,~/.grok/sessions/<encoded-cwd>/01a008bd-d381-74f3-a5be-7b4aded001d6/events.jsonl
41293f95a7e30be433d9,2026-08-16T04:40:16.539Z,01a008bd-d381-74f3-a5be-7b4aded001d6,01a0081d-b393-7320-83f9-4b24e297030d,,builder-mimo,builder,mimo-v2.5,BROWSER-MATCH-START-URL,tool/harness,,tool_failure,run_terminal_command outcome=error,,,~/.grok/sessions/<encoded-cwd>/01a008bd-d381-74f3-a5be-7b4aded001d6/events.jsonl
df796b41897c78b19dd5,2026-08-16T04:43:03.854Z,01a008bd-d381-74f3-a5be-7b4aded001d6,01a0081d-b393-7320-83f9-4b24e297030d,,builder-mimo,builder,mimo-v2.5,BROWSER-MATCH-START-URL,tool/harness,,tool_failure,run_terminal_command outcome=error,,,~/.grok/sessions/<encoded-cwd>/01a008bd-d381-74f3-a5be-7b4aded001d6/events.jsonl
5ea3bda43fc0855a40d3,2026-08-16T04:44:02.105790863Z,01a008bd-d381-74f3-a5be-7b4aded001d6,01a0081d-b393-7320-83f9-4b24e297030d,,builder-mimo,builder,mimo-v2.5,BROWSER-MATCH-START-URL,subagent/harness,400,subagent_failed,"Session error: Internal error: {
  ""message"": ""API error (status 400 Bad Request): None: Invalid request. Check your request parameters."",
  ""http_status"": 400,
  ""promptUsage"": {
    ""inputTokens"": 10981953,
    ""outputTokens"": 50081,
    ""totalTokens"": 11032034,
    ""cachedReadTokens"": 10866368,
    ""cacheCreationTokens"": 0,
    ""reasoningTokens"": 23555,
    ""modelCalls"": 164,
    ""apiDurationMs"": 2052312,
    ""modelUsage"": {
      ""mimo-v2.5"": {
        ""inputTokens"": 10981953,
        ""outpu",,failed,~/.grok/sessions/<encoded-cwd>/01a0081d-b393-7320-83f9-4b24e297030d/subagents/01a008bd-d381-74f3-a5be-7b4aded001d6/meta.json
921d5d03b01fa837349b,2026-08-16T04:47:07.931Z,01a008e4-c423-7c60-bdc1-035b29e3ec7b,01a0081d-b393-7320-83f9-4b24e297030d,,critic-flash,critic,deepseek-v4-flash,BROWSER-MATCH-START-URL,tool/harness,,tool_failure,run_terminal_command outcome=error,,,~/.grok/sessions/<encoded-cwd>/01a008e4-c423-7c60-bdc1-035b29e3ec7b/events.jsonl
075dc52178024b767c36,2026-08-16T04:51:57.919Z,01a008e6-8e85-7180-8df2-4c8214c1bbd5,01a0081d-b393-7320-83f9-4b24e297030d,,integration-reviewer-flash,integration reviewer,deepseek-v4-flash,BROWSER-MATCH-START-URL,tool/harness,,tool_failure,run_terminal_command outcome=error,,,~/.grok/sessions/<encoded-cwd>/01a008e6-8e85-7180-8df2-4c8214c1bbd5/events.jsonl
e0259ba8e61a8374b4a5,2026-08-16T04:57:14.288Z,01a008e6-8e85-7180-8df2-4c8214c1bbd5,01a0081d-b393-7320-83f9-4b24e297030d,,integration-reviewer-flash,integration reviewer,deepseek-v4-flash,BROWSER-MATCH-START-URL,tool/harness,,tool_failure,run_terminal_command outcome=error,,,~/.grok/sessions/<encoded-cwd>/01a008e6-8e85-7180-8df2-4c8214c1bbd5/events.jsonl
44cef8c024c06fa9fb65,2026-08-16T04:58:16.473Z,01a008e6-8e85-7180-8df2-4c8214c1bbd5,01a0081d-b393-7320-83f9-4b24e297030d,,integration-reviewer-flash,integration reviewer,deepseek-v4-flash,BROWSER-MATCH-START-URL,tool/harness,,tool_failure,run_terminal_command outcome=error,,,~/.grok/sessions/<encoded-cwd>/01a008e6-8e85-7180-8df2-4c8214c1bbd5/events.jsonl
25e295209e7fb42543a3,2026-08-16T05:01:25.350Z,01a0081d-b393-7320-83f9-4b24e297030d,,,grok-build-plan,parent/orchestrator,deepseek-v4-flash,BOOTSTRAP-01,tool/harness,,tool_failure,read_file outcome=error,,,~/.grok/sessions/<encoded-cwd>/01a0081d-b393-7320-83f9-4b24e297030d/events.jsonl
b1fd89375f45ddc3004d,2026-08-16T05:01:33.877Z,01a0081d-b393-7320-83f9-4b24e297030d,,,grok-build-plan,parent/orchestrator,deepseek-v4-flash,BOOTSTRAP-01,tool/harness,,tool_failure,read_file outcome=error,,,~/.grok/sessions/<encoded-cwd>/01a0081d-b393-7320-83f9-4b24e297030d/events.jsonl
c085a98349dfdc4dfa16,2026-08-16T05:05:17.157Z,01a008f4-5695-7811-a365-16219ca00a83,,,grok-build-plan,parent/orchestrator,deepseek-v4-flash,BOOTSTRAP-01,tool/harness,,tool_failure,run_terminal_command outcome=error,,,~/.grok/sessions/<encoded-cwd>/01a008f4-5695-7811-a365-16219ca00a83/events.jsonl
4e3021140f3710e28652,2026-08-16T05:07:22.596Z,01a008f7-8ff5-7631-ab3b-f024c0f3f771,01a008f4-5695-7811-a365-16219ca00a83,,builder-qwen,builder,qwen3.6,CPU-PASSING-EVALUATION,tool/harness,,tool_failure,read_file outcome=error,,,~/.grok/sessions/<encoded-cwd>/01a008f7-8ff5-7631-ab3b-f024c0f3f771/events.jsonl
28441b7494fbfb51b131,2026-08-16T05:18:35.676Z,01a00901-b473-7e63-907c-fae243d05ebb,01a008f4-5695-7811-a365-16219ca00a83,,builder-qwen,builder,qwen3.6,CPU-PASSING-EVALUATION,tool/harness,,tool_failure,read_file outcome=error,,,~/.grok/sessions/<encoded-cwd>/01a00901-b473-7e63-907c-fae243d05ebb/events.jsonl
de8dd4d5995a22fee121,2026-08-16T05:20:45.987Z,01a00901-b473-7e63-907c-fae243d05ebb,01a008f4-5695-7811-a365-16219ca00a83,,builder-qwen,builder,qwen3.6,CPU-PASSING-EVALUATION,tool/harness,,tool_failure,run_terminal_command outcome=error,,,~/.grok/sessions/<encoded-cwd>/01a00901-b473-7e63-907c-fae243d05ebb/events.jsonl
912166f04052c4524254,2026-08-16T05:21:00.523Z,01a00901-b473-7e63-907c-fae243d05ebb,01a008f4-5695-7811-a365-16219ca00a83,,builder-qwen,builder,qwen3.6,CPU-PASSING-EVALUATION,tool/harness,,tool_failure,run_terminal_command outcome=error,,,~/.grok/sessions/<encoded-cwd>/01a00901-b473-7e63-907c-fae243d05ebb/events.jsonl
dcdf12290d1918654a5d,2026-08-16T05:22:17.762Z,01a00901-b473-7e63-907c-fae243d05ebb,01a008f4-5695-7811-a365-16219ca00a83,,builder-qwen,builder,qwen3.6,CPU-PASSING-EVALUATION,tool/harness,,tool_failure,run_terminal_command outcome=error,,,~/.grok/sessions/<encoded-cwd>/01a00901-b473-7e63-907c-fae243d05ebb/events.jsonl
dcea041204d6d4a6bcb9,2026-08-16T05:23:28.866Z,01a00901-b473-7e63-907c-fae243d05ebb,01a008f4-5695-7811-a365-16219ca00a83,,builder-qwen,builder,qwen3.6,CPU-PASSING-EVALUATION,tool/harness,,tool_failure,search_replace outcome=error,,,~/.grok/sessions/<encoded-cwd>/01a00901-b473-7e63-907c-fae243d05ebb/events.jsonl
40590ad9276cbcd5325a,2026-08-16T05:23:43.450Z,01a00901-b473-7e63-907c-fae243d05ebb,01a008f4-5695-7811-a365-16219ca00a83,,builder-qwen,builder,qwen3.6,CPU-PASSING-EVALUATION,tool/harness,,tool_failure,run_terminal_command outcome=error,,,~/.grok/sessions/<encoded-cwd>/01a00901-b473-7e63-907c-fae243d05ebb/events.jsonl
1c53451c9b7d2ea36112,2026-08-16T05:24:02.018Z,01a00901-b473-7e63-907c-fae243d05ebb,01a008f4-5695-7811-a365-16219ca00a83,,builder-qwen,builder,qwen3.6,CPU-PASSING-EVALUATION,tool/harness,,tool_failure,run_terminal_command outcome=error,,,~/.grok/sessions/<encoded-cwd>/01a00901-b473-7e63-907c-fae243d05ebb/events.jsonl
b9c113a1dd71c580914e,2026-08-16T05:24:19.469Z,01a00901-b473-7e63-907c-fae243d05ebb,01a008f4-5695-7811-a365-16219ca00a83,,builder-qwen,builder,qwen3.6,CPU-PASSING-EVALUATION,tool/harness,,tool_failure,run_terminal_command outcome=error,,,~/.grok/sessions/<encoded-cwd>/01a00901-b473-7e63-907c-fae243d05ebb/events.jsonl
5dbab783d1669faddd63,2026-08-16T05:24:36.295Z,01a00901-b473-7e63-907c-fae243d05ebb,01a008f4-5695-7811-a365-16219ca00a83,,builder-qwen,builder,qwen3.6,CPU-PASSING-EVALUATION,tool/harness,,tool_failure,run_terminal_command outcome=error,,,~/.grok/sessions/<encoded-cwd>/01a00901-b473-7e63-907c-fae243d05ebb/events.jsonl
1115c686c57f1c27c585,2026-08-16T05:25:25.389Z,01a00901-b473-7e63-907c-fae243d05ebb,01a008f4-5695-7811-a365-16219ca00a83,,builder-qwen,builder,qwen3.6,CPU-PASSING-EVALUATION,tool/harness,,tool_failure,run_terminal_command outcome=error,,,~/.grok/sessions/<encoded-cwd>/01a00901-b473-7e63-907c-fae243d05ebb/events.jsonl
1c91b2cf02febed4489f,2026-08-16T05:32:29.165Z,01a0090d-5d90-7a30-ab25-892a4e25059f,01a008f4-5695-7811-a365-16219ca00a83,,critic-flash,critic,deepseek-v4-flash,CPU-PASSING-EVALUATION,tool/harness,,tool_failure,run_terminal_command outcome=error,,,~/.grok/sessions/<encoded-cwd>/01a0090d-5d90-7a30-ab25-892a4e25059f/events.jsonl
090293060ca9308b8bd4,2026-08-16T05:38:17.219Z,01a0090d-5d90-7a30-ab25-892a4e25059f,01a008f4-5695-7811-a365-16219ca00a83,,critic-flash,critic,deepseek-v4-flash,CPU-PASSING-EVALUATION,tool/harness,,tool_failure,run_terminal_command outcome=error,,,~/.grok/sessions/<encoded-cwd>/01a0090d-5d90-7a30-ab25-892a4e25059f/events.jsonl
5af5f77e40f6ed37b2e8,2026-08-16T05:39:49.500987829Z,01a00915-5598-7972-ba32-7035733906a7,01a008f4-5695-7811-a365-16219ca00a83,,integration-reviewer,integration reviewer,deepseek-v4-flash-0731,CPU-PASSING-EVALUATION,subagent/harness,402,subagent_failed,"Session error: Internal error: {
  ""message"": ""API error (status 402 Payment Required): None: deepseek-v4-flash-0731 allowance exhausted: 500,447,721 of 500,000,000 tokens used in the current period, 0 left. The counter resets when your allowance period rolls over, on 2026-09-01 00:00 UTC, in 15d18h. Your remaining allowance is on the dashboard at cloud.nan.builders…"",
  ""http_status"": 402
}",,failed,~/.grok/sessions/<encoded-cwd>/01a008f4-5695-7811-a365-16219ca00a83/subagents/01a00915-5598-7972-ba32-7035733906a7/meta.json
ce1b3da8c2d9d69ea3ea,2026-08-16T05:49:27.308Z,01a0091e-1c15-78b2-a692-e377c025e01d,01a008f4-5695-7811-a365-16219ca00a83,,builder-qwen,builder,qwen3.6,CPU-TEAMMATE-PASS,tool/harness,,tool_failure,read_file outcome=error,,,~/.grok/sessions/<encoded-cwd>/01a0091e-1c15-78b2-a692-e377c025e01d/events.jsonl
fb2e29207ce457760619,2026-08-16T05:49:33.171Z,01a0091e-1c15-78b2-a692-e377c025e01d,01a008f4-5695-7811-a365-16219ca00a83,,builder-qwen,builder,qwen3.6,CPU-TEAMMATE-PASS,tool/harness,,tool_failure,grep outcome=error,,,~/.grok/sessions/<encoded-cwd>/01a0091e-1c15-78b2-a692-e377c025e01d/events.jsonl
d3cee679b1937b8cc2b7,2026-08-16T05:51:36.542Z,01a0091e-1c15-78b2-a692-e377c025e01d,01a008f4-5695-7811-a365-16219ca00a83,,builder-qwen,builder,qwen3.6,CPU-TEAMMATE-PASS,tool/harness,,tool_failure,run_terminal_command outcome=error,,,~/.grok/sessions/<encoded-cwd>/01a0091e-1c15-78b2-a692-e377c025e01d/events.jsonl
57acd4f446a4812f71ee,2026-08-16T05:58:43.233Z,01a0091e-1c15-78b2-a692-e377c025e01d,01a008f4-5695-7811-a365-16219ca00a83,,builder-qwen,builder,qwen3.6,CPU-TEAMMATE-PASS,tool/harness,,tool_failure,run_terminal_command outcome=error,,,~/.grok/sessions/<encoded-cwd>/01a0091e-1c15-78b2-a692-e377c025e01d/events.jsonl
8efdb55a5a975383fc3f,2026-08-16T06:07:59.864Z,01a0092e-1d85-7011-a07a-815e79ad144e,01a008f4-5695-7811-a365-16219ca00a83,,critic-flash,critic,deepseek-v4-flash,CPU-TEAMMATE-PASS,tool/harness,,tool_failure,run_terminal_command outcome=error,,,~/.grok/sessions/<encoded-cwd>/01a0092e-1d85-7011-a07a-815e79ad144e/events.jsonl
c0e8c74f399e1e09a091,2026-08-16T06:08:08.381Z,01a0092e-1d85-7011-a07a-815e79ad144e,01a008f4-5695-7811-a365-16219ca00a83,,critic-flash,critic,deepseek-v4-flash,CPU-TEAMMATE-PASS,tool/harness,,tool_failure,run_terminal_command outcome=error,,,~/.grok/sessions/<encoded-cwd>/01a0092e-1d85-7011-a07a-815e79ad144e/events.jsonl
461f44fb6375847e9ceb,2026-08-16T06:08:37.703Z,01a0092e-1d85-7011-a07a-815e79ad144e,01a008f4-5695-7811-a365-16219ca00a83,,critic-flash,critic,deepseek-v4-flash,CPU-TEAMMATE-PASS,tool/harness,,tool_failure,run_terminal_command outcome=error,,,~/.grok/sessions/<encoded-cwd>/01a0092e-1d85-7011-a07a-815e79ad144e/events.jsonl
b1e98d0924861d929580,2026-08-16T06:10:04.074Z,01a0092e-1d85-7011-a07a-815e79ad144e,01a008f4-5695-7811-a365-16219ca00a83,,critic-flash,critic,deepseek-v4-flash,CPU-TEAMMATE-PASS,tool/harness,,tool_failure,run_terminal_command outcome=error,,,~/.grok/sessions/<encoded-cwd>/01a0092e-1d85-7011-a07a-815e79ad144e/events.jsonl
55e08e401610f1699cd6,2026-08-16T06:16:21.225Z,01a0092e-1d85-7011-a07a-815e79ad144e,01a008f4-5695-7811-a365-16219ca00a83,,critic-flash,critic,deepseek-v4-flash,CPU-TEAMMATE-PASS,tool/harness,,tool_failure,run_terminal_command outcome=error,,,~/.grok/sessions/<encoded-cwd>/01a0092e-1d85-7011-a07a-815e79ad144e/events.jsonl
35d4c82ec64efd27f541,2026-08-16T06:35:45.180082649Z,01a00948-88a9-7ac2-8bb5-56efb22f0472,01a008f4-5695-7811-a365-16219ca00a83,,integration-reviewer,integration reviewer,deepseek-v4-flash-0731,CPU-TEAMMATE-PASS,subagent/harness,402,subagent_failed,"Session error: Internal error: {
  ""message"": ""API error (status 402 Payment Required): None: deepseek-v4-flash-0731 allowance exhausted: 500,447,721 of 500,000,000 tokens used in the current period, 0 left. The counter resets when your allowance period rolls over, on 2026-09-01 00:00 UTC, in 15d17h. Your remaining allowance is on the dashboard at cloud.nan.builders…"",
  ""http_status"": 402
}",,failed,~/.grok/sessions/<encoded-cwd>/01a008f4-5695-7811-a365-16219ca00a83/subagents/01a00948-88a9-7ac2-8bb5-56efb22f0472/meta.json
c60c1cdf99b90941a161,2026-08-16T06:42:19.883Z,01a0094d-1124-7f31-b691-58d312fca103,01a008f4-5695-7811-a365-16219ca00a83,,builder-qwen,builder,qwen3.6,CPU-MULTI-PLAYER,tool/harness,,tool_failure,search_replace outcome=error,,,~/.grok/sessions/<encoded-cwd>/01a0094d-1124-7f31-b691-58d312fca103/events.jsonl
5f60f5ecc55d7cb6aaca,2026-08-16T06:45:51.826Z,01a0094d-1124-7f31-b691-58d312fca103,01a008f4-5695-7811-a365-16219ca00a83,,builder-qwen,builder,qwen3.6,CPU-MULTI-PLAYER,tool/harness,,tool_failure,run_terminal_command outcome=error,,,~/.grok/sessions/<encoded-cwd>/01a0094d-1124-7f31-b691-58d312fca103/events.jsonl
1368283971b1525af3be,2026-08-16T06:53:32.898Z,01a00956-77df-75d3-883a-c2dbc0b43019,01a008f4-5695-7811-a365-16219ca00a83,,critic-flash,critic,deepseek-v4-flash,CPU-MULTI-PLAYER,tool/harness,,tool_failure,run_terminal_command outcome=error,,,~/.grok/sessions/<encoded-cwd>/01a00956-77df-75d3-883a-c2dbc0b43019/events.jsonl
9d23c6305c0ceb681788,2026-08-16T06:58:50.159Z,01a0095d-2d99-7852-a5f3-dfbea5c67670,01a008f4-5695-7811-a365-16219ca00a83,,integration-reviewer-flash,integration reviewer,deepseek-v4-flash,CPU-MULTI-PLAYER,tool/harness,,tool_failure,read_file outcome=error,,,~/.grok/sessions/<encoded-cwd>/01a0095d-2d99-7852-a5f3-dfbea5c67670/events.jsonl
92b3cdc1fa655367c55a,2026-08-16T06:58:57.575Z,01a0095d-2d99-7852-a5f3-dfbea5c67670,01a008f4-5695-7811-a365-16219ca00a83,,integration-reviewer-flash,integration reviewer,deepseek-v4-flash,CPU-MULTI-PLAYER,tool/harness,,tool_failure,list_dir outcome=error,,,~/.grok/sessions/<encoded-cwd>/01a0095d-2d99-7852-a5f3-dfbea5c67670/events.jsonl
bbe6e41694b7543723d2,2026-08-16T07:04:09.908Z,01a008f4-5695-7811-a365-16219ca00a83,,,grok-build-plan,parent/orchestrator,deepseek-v4-flash,BOOTSTRAP-01,tool/harness,,tool_failure,search_replace outcome=error,,,~/.grok/sessions/<encoded-cwd>/01a008f4-5695-7811-a365-16219ca00a83/events.jsonl
b365fe3127cc692fb968,2026-08-16T07:07:01.920Z,01a00965-1f1e-7fc1-8fdb-6aea09dcde10,01a008f4-5695-7811-a365-16219ca00a83,,builder-qwen,builder,qwen3.6,SCENARIO-2V2-FIXTURE,tool/harness,,tool_failure,list_dir outcome=error,,,~/.grok/sessions/<encoded-cwd>/01a00965-1f1e-7fc1-8fdb-6aea09dcde10/events.jsonl
9f47ea14bd8445d1b32c,2026-08-16T07:07:09.865Z,01a00965-1f1e-7fc1-8fdb-6aea09dcde10,01a008f4-5695-7811-a365-16219ca00a83,,builder-qwen,builder,qwen3.6,SCENARIO-2V2-FIXTURE,tool/harness,,tool_failure,read_file outcome=error,,,~/.grok/sessions/<encoded-cwd>/01a00965-1f1e-7fc1-8fdb-6aea09dcde10/events.jsonl
0a59c0266d6aa8d991c9,2026-08-16T07:17:51.906Z,01a008f4-5695-7811-a365-16219ca00a83,,,grok-build-plan,parent/orchestrator,deepseek-v4-flash,BOOTSTRAP-01,tool/harness,,tool_failure,search_replace outcome=error,,,~/.grok/sessions/<encoded-cwd>/01a008f4-5695-7811-a365-16219ca00a83/events.jsonl
eea50b9264f45fb2e3cd,2026-08-16T07:24:30.823Z,01a00974-130a-7f21-b99c-b23254989761,01a008f4-5695-7811-a365-16219ca00a83,,critic-flash,critic,deepseek-v4-flash,SCENARIO-2V2-FIXTURE,tool/harness,,tool_failure,run_terminal_command outcome=error,,,~/.grok/sessions/<encoded-cwd>/01a00974-130a-7f21-b99c-b23254989761/events.jsonl
0aaeefdd03dffb055322,2026-08-16T07:25:15.483Z,01a00974-130a-7f21-b99c-b23254989761,01a008f4-5695-7811-a365-16219ca00a83,,critic-flash,critic,deepseek-v4-flash,SCENARIO-2V2-FIXTURE,tool/harness,,tool_failure,run_terminal_command outcome=cancelled,,,~/.grok/sessions/<encoded-cwd>/01a00974-130a-7f21-b99c-b23254989761/events.jsonl
dc4887b70f4e8123cbf2,2026-08-16T07:32:14.279Z,01a00976-1039-7012-8979-deb31695400a,,,grok-build-plan,parent/orchestrator,deepseek-v4-flash,BOOTSTRAP-01,tool/harness,,tool_failure,run_terminal_command outcome=error,,,~/.grok/sessions/<encoded-cwd>/01a00976-1039-7012-8979-deb31695400a/events.jsonl
24168ea3022a1afe5373,2026-08-16T07:32:54.868Z,01a0097c-89cb-76e2-85d8-0828bdcf79ca,01a00976-1039-7012-8979-deb31695400a,,builder-qwen,builder,qwen3.6,SCENARIO-2V2-FIXTURE,tool/harness,,tool_failure,search_replace outcome=error,,,~/.grok/sessions/<encoded-cwd>/01a0097c-89cb-76e2-85d8-0828bdcf79ca/events.jsonl
7d531a44791b8f518db8,2026-08-16T07:35:09.111Z,01a0097c-89cb-76e2-85d8-0828bdcf79ca,01a00976-1039-7012-8979-deb31695400a,,builder-qwen,builder,qwen3.6,SCENARIO-2V2-FIXTURE,tool/harness,,tool_failure,run_terminal_command outcome=error,,,~/.grok/sessions/<encoded-cwd>/01a0097c-89cb-76e2-85d8-0828bdcf79ca/events.jsonl
d7f80b616eac0ae8d614,2026-08-16T07:35:45.572Z,01a0097c-89cb-76e2-85d8-0828bdcf79ca,01a00976-1039-7012-8979-deb31695400a,,builder-qwen,builder,qwen3.6,SCENARIO-2V2-FIXTURE,tool/harness,,tool_failure,run_terminal_command outcome=error,,,~/.grok/sessions/<encoded-cwd>/01a0097c-89cb-76e2-85d8-0828bdcf79ca/events.jsonl
957a9a3b65f15f0f123f,2026-08-16T07:41:39.476Z,01a0097c-89cb-76e2-85d8-0828bdcf79ca,01a00976-1039-7012-8979-deb31695400a,,builder-qwen,builder,qwen3.6,SCENARIO-2V2-FIXTURE,tool/harness,,tool_failure,read_file outcome=error,,,~/.grok/sessions/<encoded-cwd>/01a0097c-89cb-76e2-85d8-0828bdcf79ca/events.jsonl
f872ca8ac8974315de3e,2026-08-16T07:42:06.223Z,01a0097c-89cb-76e2-85d8-0828bdcf79ca,01a00976-1039-7012-8979-deb31695400a,,builder-qwen,builder,qwen3.6,SCENARIO-2V2-FIXTURE,tool/harness,,tool_failure,search_replace outcome=error,,,~/.grok/sessions/<encoded-cwd>/01a0097c-89cb-76e2-85d8-0828bdcf79ca/events.jsonl
56f600008e4b0589b28a,2026-08-16T07:43:10.433Z,01a0097c-89cb-76e2-85d8-0828bdcf79ca,01a00976-1039-7012-8979-deb31695400a,,builder-qwen,builder,qwen3.6,SCENARIO-2V2-FIXTURE,tool/harness,,tool_failure,search_replace outcome=error,,,~/.grok/sessions/<encoded-cwd>/01a0097c-89cb-76e2-85d8-0828bdcf79ca/events.jsonl
926dee7172e17b420ff1,2026-08-16T07:44:29.575Z,01a0097c-89cb-76e2-85d8-0828bdcf79ca,01a00976-1039-7012-8979-deb31695400a,,builder-qwen,builder,qwen3.6,SCENARIO-2V2-FIXTURE,tool/harness,,tool_failure,run_terminal_command outcome=error,,,~/.grok/sessions/<encoded-cwd>/01a0097c-89cb-76e2-85d8-0828bdcf79ca/events.jsonl
6b52dbce02bc020d4439,2026-08-16T07:44:53.500Z,01a0097c-89cb-76e2-85d8-0828bdcf79ca,01a00976-1039-7012-8979-deb31695400a,,builder-qwen,builder,qwen3.6,SCENARIO-2V2-FIXTURE,tool/harness,,tool_failure,search_replace outcome=error,,,~/.grok/sessions/<encoded-cwd>/01a0097c-89cb-76e2-85d8-0828bdcf79ca/events.jsonl
61466cd206db87564aa9,2026-08-16T07:47:46.464Z,01a0097c-89cb-76e2-85d8-0828bdcf79ca,01a00976-1039-7012-8979-deb31695400a,,builder-qwen,builder,qwen3.6,SCENARIO-2V2-FIXTURE,tool/harness,,tool_failure,run_terminal_command outcome=error,,,~/.grok/sessions/<encoded-cwd>/01a0097c-89cb-76e2-85d8-0828bdcf79ca/events.jsonl
600e0d187c42018576d5,2026-08-16T07:47:52.068Z,01a0097c-89cb-76e2-85d8-0828bdcf79ca,01a00976-1039-7012-8979-deb31695400a,,builder-qwen,builder,qwen3.6,SCENARIO-2V2-FIXTURE,tool/harness,,tool_failure,run_terminal_command outcome=error,,,~/.grok/sessions/<encoded-cwd>/01a0097c-89cb-76e2-85d8-0828bdcf79ca/events.jsonl
5fc1cd5335c232db704d,2026-08-16T07:49:38.406Z,01a0097c-89cb-76e2-85d8-0828bdcf79ca,01a00976-1039-7012-8979-deb31695400a,,builder-qwen,builder,qwen3.6,SCENARIO-2V2-FIXTURE,tool/harness,,tool_failure,run_terminal_command outcome=error,,,~/.grok/sessions/<encoded-cwd>/01a0097c-89cb-76e2-85d8-0828bdcf79ca/events.jsonl
ac977b2d7ea844fd645f,2026-08-16T07:49:46.370Z,01a0097c-89cb-76e2-85d8-0828bdcf79ca,01a00976-1039-7012-8979-deb31695400a,,builder-qwen,builder,qwen3.6,SCENARIO-2V2-FIXTURE,tool/harness,,tool_failure,search_replace outcome=error,,,~/.grok/sessions/<encoded-cwd>/01a0097c-89cb-76e2-85d8-0828bdcf79ca/events.jsonl
c579f6cf3e698f0cdf29,2026-08-16T07:54:05.927Z,01a0097c-89cb-76e2-85d8-0828bdcf79ca,01a00976-1039-7012-8979-deb31695400a,,builder-qwen,builder,qwen3.6,SCENARIO-2V2-FIXTURE,tool/harness,,tool_failure,search_replace outcome=error,,,~/.grok/sessions/<encoded-cwd>/01a0097c-89cb-76e2-85d8-0828bdcf79ca/events.jsonl
28d37ba6323cdde0c6f9,2026-08-16T07:56:12.064Z,01a0097c-89cb-76e2-85d8-0828bdcf79ca,01a00976-1039-7012-8979-deb31695400a,,builder-qwen,builder,qwen3.6,SCENARIO-2V2-FIXTURE,tool/harness,,tool_failure,run_terminal_command outcome=error,,,~/.grok/sessions/<encoded-cwd>/01a0097c-89cb-76e2-85d8-0828bdcf79ca/events.jsonl
4bad0df9765f12f9737a,2026-08-16T07:56:32.398Z,01a0097c-89cb-76e2-85d8-0828bdcf79ca,01a00976-1039-7012-8979-deb31695400a,,builder-qwen,builder,qwen3.6,SCENARIO-2V2-FIXTURE,tool/harness,,tool_failure,run_terminal_command outcome=error,,,~/.grok/sessions/<encoded-cwd>/01a0097c-89cb-76e2-85d8-0828bdcf79ca/events.jsonl
7ff23300cef679a2f882,2026-08-16T07:56:37.859Z,01a0097c-89cb-76e2-85d8-0828bdcf79ca,01a00976-1039-7012-8979-deb31695400a,,builder-qwen,builder,qwen3.6,SCENARIO-2V2-FIXTURE,tool/harness,,tool_failure,run_terminal_command outcome=error,,,~/.grok/sessions/<encoded-cwd>/01a0097c-89cb-76e2-85d8-0828bdcf79ca/events.jsonl
80785c31ec2759e1b357,2026-08-16T07:57:52.079Z,01a0097c-89cb-76e2-85d8-0828bdcf79ca,01a00976-1039-7012-8979-deb31695400a,,builder-qwen,builder,qwen3.6,SCENARIO-2V2-FIXTURE,tool/harness,,tool_failure,search_replace outcome=error,,,~/.grok/sessions/<encoded-cwd>/01a0097c-89cb-76e2-85d8-0828bdcf79ca/events.jsonl
a690028c867978ae4ad5,2026-08-16T07:59:41.762Z,01a0097c-89cb-76e2-85d8-0828bdcf79ca,01a00976-1039-7012-8979-deb31695400a,,builder-qwen,builder,qwen3.6,SCENARIO-2V2-FIXTURE,tool/harness,,tool_failure,run_terminal_command outcome=error,,,~/.grok/sessions/<encoded-cwd>/01a0097c-89cb-76e2-85d8-0828bdcf79ca/events.jsonl
e8e55df848fc33be7960,2026-08-16T07:59:50.699Z,01a0097c-89cb-76e2-85d8-0828bdcf79ca,01a00976-1039-7012-8979-deb31695400a,,builder-qwen,builder,qwen3.6,SCENARIO-2V2-FIXTURE,tool/harness,,tool_failure,run_terminal_command outcome=error,,,~/.grok/sessions/<encoded-cwd>/01a0097c-89cb-76e2-85d8-0828bdcf79ca/events.jsonl
22bf350f5994d6bf8c1b,2026-08-16T08:00:30.405Z,01a0097c-89cb-76e2-85d8-0828bdcf79ca,01a00976-1039-7012-8979-deb31695400a,,builder-qwen,builder,qwen3.6,SCENARIO-2V2-FIXTURE,tool/harness,,tool_failure,read_file outcome=error,,,~/.grok/sessions/<encoded-cwd>/01a0097c-89cb-76e2-85d8-0828bdcf79ca/events.jsonl
a43a00df4666dd6122d1,2026-08-16T08:01:05.997Z,01a0097c-89cb-76e2-85d8-0828bdcf79ca,01a00976-1039-7012-8979-deb31695400a,,builder-qwen,builder,qwen3.6,SCENARIO-2V2-FIXTURE,tool/harness,,tool_failure,search_replace outcome=error,,,~/.grok/sessions/<encoded-cwd>/01a0097c-89cb-76e2-85d8-0828bdcf79ca/events.jsonl
e9753164e3fabd2e3761,2026-08-16T08:01:44.984Z,01a0097c-89cb-76e2-85d8-0828bdcf79ca,01a00976-1039-7012-8979-deb31695400a,,builder-qwen,builder,qwen3.6,SCENARIO-2V2-FIXTURE,tool/harness,,tool_failure,run_terminal_command outcome=error,,,~/.grok/sessions/<encoded-cwd>/01a0097c-89cb-76e2-85d8-0828bdcf79ca/events.jsonl
ff3ff35e30428af51a5c,2026-08-16T08:06:03.412Z,01a0097c-89cb-76e2-85d8-0828bdcf79ca,01a00976-1039-7012-8979-deb31695400a,,builder-qwen,builder,qwen3.6,SCENARIO-2V2-FIXTURE,tool/harness,,tool_failure,run_terminal_command outcome=error,,,~/.grok/sessions/<encoded-cwd>/01a0097c-89cb-76e2-85d8-0828bdcf79ca/events.jsonl
65c97c11a8345d1b865a,2026-08-16T08:07:49.093Z,01a0097c-89cb-76e2-85d8-0828bdcf79ca,01a00976-1039-7012-8979-deb31695400a,,builder-qwen,builder,qwen3.6,SCENARIO-2V2-FIXTURE,tool/harness,,tool_failure,run_terminal_command outcome=error,,,~/.grok/sessions/<encoded-cwd>/01a0097c-89cb-76e2-85d8-0828bdcf79ca/events.jsonl
de1800b88243b26dc786,2026-08-16T08:11:07.475Z,01a0097c-89cb-76e2-85d8-0828bdcf79ca,01a00976-1039-7012-8979-deb31695400a,,builder-qwen,builder,qwen3.6,SCENARIO-2V2-FIXTURE,tool/harness,,tool_failure,search_replace outcome=error,,,~/.grok/sessions/<encoded-cwd>/01a0097c-89cb-76e2-85d8-0828bdcf79ca/events.jsonl
35935cc126c4440be036,2026-08-16T08:11:16.420Z,01a0097c-89cb-76e2-85d8-0828bdcf79ca,01a00976-1039-7012-8979-deb31695400a,,builder-qwen,builder,qwen3.6,SCENARIO-2V2-FIXTURE,tool/harness,,tool_failure,search_replace outcome=error,,,~/.grok/sessions/<encoded-cwd>/01a0097c-89cb-76e2-85d8-0828bdcf79ca/events.jsonl
a9c5ed6511b841301a10,2026-08-16T08:11:20.077Z,01a0097c-89cb-76e2-85d8-0828bdcf79ca,01a00976-1039-7012-8979-deb31695400a,,builder-qwen,builder,qwen3.6,SCENARIO-2V2-FIXTURE,tool/harness,,tool_failure,search_replace outcome=error,,,~/.grok/sessions/<encoded-cwd>/01a0097c-89cb-76e2-85d8-0828bdcf79ca/events.jsonl
56848454d09ca64132f3,2026-08-16T08:11:26.637Z,01a0097c-89cb-76e2-85d8-0828bdcf79ca,01a00976-1039-7012-8979-deb31695400a,,builder-qwen,builder,qwen3.6,SCENARIO-2V2-FIXTURE,tool/harness,,tool_failure,search_replace outcome=error,,,~/.grok/sessions/<encoded-cwd>/01a0097c-89cb-76e2-85d8-0828bdcf79ca/events.jsonl
1968bc2503c8e28025e9,2026-08-16T08:11:30.326Z,01a0097c-89cb-76e2-85d8-0828bdcf79ca,01a00976-1039-7012-8979-deb31695400a,,builder-qwen,builder,qwen3.6,SCENARIO-2V2-FIXTURE,tool/harness,,tool_failure,search_replace outcome=error,,,~/.grok/sessions/<encoded-cwd>/01a0097c-89cb-76e2-85d8-0828bdcf79ca/events.jsonl
a983b1e406da640b4caf,2026-08-16T08:13:23.758Z,01a0097c-89cb-76e2-85d8-0828bdcf79ca,01a00976-1039-7012-8979-deb31695400a,,builder-qwen,builder,qwen3.6,SCENARIO-2V2-FIXTURE,tool/harness,,tool_failure,search_replace outcome=error,,,~/.grok/sessions/<encoded-cwd>/01a0097c-89cb-76e2-85d8-0828bdcf79ca/events.jsonl
1decef51398c11d2f379,2026-08-16T08:22:46.554445339Z,01a009aa-821f-7ee2-89c2-f40cc9279b51,01a00976-1039-7012-8979-deb31695400a,,critic,critic,deepseek-v4-flash-0731,SCENARIO-2V2-FIXTURE,subagent/harness,402,subagent_failed,"Session error: Internal error: {
  ""message"": ""API error (status 402 Payment Required): None: deepseek-v4-flash-0731 allowance exhausted: 500,447,721 of 500,000,000 tokens used in the current period, 0 left. The counter resets when your allowance period rolls over, on 2026-09-01 00:00 UTC, in 15d15h. Your remaining allowance is on the dashboard at cloud.nan.builders…"",
  ""http_status"": 402
}",,failed,~/.grok/sessions/<encoded-cwd>/01a00976-1039-7012-8979-deb31695400a/subagents/01a009aa-821f-7ee2-89c2-f40cc9279b51/meta.json
ac18faba7c1a01258f7f,2026-08-16T08:28:51.554Z,01a009ad-d5c2-7d81-8b70-c37b6acb0681,01a00976-1039-7012-8979-deb31695400a,,integration-reviewer-flash,integration reviewer,deepseek-v4-flash,SCENARIO-2V2-FIXTURE,tool/harness,,tool_failure,run_terminal_command outcome=error,,,~/.grok/sessions/<encoded-cwd>/01a009ad-d5c2-7d81-8b70-c37b6acb0681/events.jsonl
95b0f55f723a46ae90b1,2026-08-16T08:33:28.569Z,01a00976-1039-7012-8979-deb31695400a,,,grok-build-plan,parent/orchestrator,deepseek-v4-flash,BOOTSTRAP-01,tool/harness,,tool_failure,read_file outcome=error,,,~/.grok/sessions/<encoded-cwd>/01a00976-1039-7012-8979-deb31695400a/events.jsonl
a5ccba9f5640ea2ac8a4,2026-08-16T08:33:29.011Z,01a00976-1039-7012-8979-deb31695400a,,,grok-build-plan,parent/orchestrator,deepseek-v4-flash,BOOTSTRAP-01,tool/harness,,tool_failure,run_terminal_command outcome=error,,,~/.grok/sessions/<encoded-cwd>/01a00976-1039-7012-8979-deb31695400a/events.jsonl
9757b11225ddffa8dbf8,2026-08-16T08:37:00.683Z,01a009b5-928f-7013-a60c-1f6d94dba121,01a00976-1039-7012-8979-deb31695400a,,integration-reviewer-flash,integration reviewer,deepseek-v4-flash,SCENARIO-2V2-FIXTURE,tool/harness,,tool_failure,run_terminal_command outcome=error,,,~/.grok/sessions/<encoded-cwd>/01a009b5-928f-7013-a60c-1f6d94dba121/events.jsonl
25978aae47f0fab9f51a,2026-08-16T08:43:31.103Z,01a00976-1039-7012-8979-deb31695400a,,,grok-build-plan,parent/orchestrator,deepseek-v4-flash,BOOTSTRAP-01,tool/harness,,tool_failure,search_replace outcome=error,,,~/.grok/sessions/<encoded-cwd>/01a00976-1039-7012-8979-deb31695400a/events.jsonl
8ea1153c2db90706f2e5,2026-08-16T08:45:33.885Z,01a00976-1039-7012-8979-deb31695400a,,,grok-build-plan,parent/orchestrator,deepseek-v4-flash,BOOTSTRAP-01,tool/harness,,tool_failure,run_terminal_command outcome=error,,,~/.grok/sessions/<encoded-cwd>/01a00976-1039-7012-8979-deb31695400a/events.jsonl
2fae4bcb827f42a4a901,2026-08-16T08:46:45.980Z,01a009c0-7039-73d0-9fdb-a6092810ae54,01a00976-1039-7012-8979-deb31695400a,,git-committer,bookkeeping/committer,gemma4,SCENARIO-2V2-FIXTURE,tool/harness,,tool_failure,run_terminal_command outcome=error,,,~/.grok/sessions/<encoded-cwd>/01a009c0-7039-73d0-9fdb-a6092810ae54/events.jsonl
1e286913e19e1a1c29ff,2026-08-16T08:52:36.029Z,01a009c2-2bbb-7120-96df-94eec3c40599,01a00976-1039-7012-8979-deb31695400a,,builder-qwen,builder,qwen3.6,CPU-BASIC-FORMATION,tool/harness,,tool_failure,run_terminal_command outcome=error,,,~/.grok/sessions/<encoded-cwd>/01a009c2-2bbb-7120-96df-94eec3c40599/events.jsonl
137f3d84a76838dca221,2026-08-16T08:53:22.512Z,01a009c2-2bbb-7120-96df-94eec3c40599,01a00976-1039-7012-8979-deb31695400a,,builder-qwen,builder,qwen3.6,CPU-BASIC-FORMATION,tool/harness,,tool_failure,run_terminal_command outcome=error,,,~/.grok/sessions/<encoded-cwd>/01a009c2-2bbb-7120-96df-94eec3c40599/events.jsonl
f92582c4b48612d4b975,2026-08-16T08:53:55.616Z,01a009c2-2bbb-7120-96df-94eec3c40599,01a00976-1039-7012-8979-deb31695400a,,builder-qwen,builder,qwen3.6,CPU-BASIC-FORMATION,tool/harness,,tool_failure,run_terminal_command outcome=error,,,~/.grok/sessions/<encoded-cwd>/01a009c2-2bbb-7120-96df-94eec3c40599/events.jsonl
559822b25c02cc297331,2026-08-16T08:59:35.722Z,01a009c2-2bbb-7120-96df-94eec3c40599,01a00976-1039-7012-8979-deb31695400a,,builder-qwen,builder,qwen3.6,CPU-BASIC-FORMATION,tool/harness,,tool_failure,run_terminal_command outcome=error,,,~/.grok/sessions/<encoded-cwd>/01a009c2-2bbb-7120-96df-94eec3c40599/events.jsonl
c66fa5bfc295d0cf4128,2026-08-16T09:02:31.999Z,01a009c2-2bbb-7120-96df-94eec3c40599,01a00976-1039-7012-8979-deb31695400a,,builder-qwen,builder,qwen3.6,CPU-BASIC-FORMATION,tool/harness,,tool_failure,run_terminal_command outcome=error,,,~/.grok/sessions/<encoded-cwd>/01a009c2-2bbb-7120-96df-94eec3c40599/events.jsonl
531401e209e7065aede0,2026-08-16T09:03:44.612Z,01a009c2-2bbb-7120-96df-94eec3c40599,01a00976-1039-7012-8979-deb31695400a,,builder-qwen,builder,qwen3.6,CPU-BASIC-FORMATION,tool/harness,,tool_failure,run_terminal_command outcome=error,,,~/.grok/sessions/<encoded-cwd>/01a009c2-2bbb-7120-96df-94eec3c40599/events.jsonl
50fbb27e152272d9c5bf,2026-08-16T09:05:46.989Z,01a009c2-2bbb-7120-96df-94eec3c40599,01a00976-1039-7012-8979-deb31695400a,,builder-qwen,builder,qwen3.6,CPU-BASIC-FORMATION,tool/harness,,tool_failure,run_terminal_command outcome=error,,,~/.grok/sessions/<encoded-cwd>/01a009c2-2bbb-7120-96df-94eec3c40599/events.jsonl
a24fb485d0797d02de9c,2026-08-16T09:08:13.578Z,01a009c2-2bbb-7120-96df-94eec3c40599,01a00976-1039-7012-8979-deb31695400a,,builder-qwen,builder,qwen3.6,CPU-BASIC-FORMATION,tool/harness,,tool_failure,search_replace outcome=error,,,~/.grok/sessions/<encoded-cwd>/01a009c2-2bbb-7120-96df-94eec3c40599/events.jsonl
fbe4d09e46cc768ce171,2026-08-16T09:13:53.168Z,01a009c2-2bbb-7120-96df-94eec3c40599,01a00976-1039-7012-8979-deb31695400a,,builder-qwen,builder,qwen3.6,CPU-BASIC-FORMATION,tool/harness,,tool_failure,run_terminal_command outcome=error,,,~/.grok/sessions/<encoded-cwd>/01a009c2-2bbb-7120-96df-94eec3c40599/events.jsonl
1a7aa5794f68c17e72c3,2026-08-16T09:14:16.437Z,01a009c2-2bbb-7120-96df-94eec3c40599,01a00976-1039-7012-8979-deb31695400a,,builder-qwen,builder,qwen3.6,CPU-BASIC-FORMATION,tool/harness,,tool_failure,run_terminal_command outcome=error,,,~/.grok/sessions/<encoded-cwd>/01a009c2-2bbb-7120-96df-94eec3c40599/events.jsonl
b6ee70ed65e1ba577081,2026-08-16T09:16:32.092Z,01a009c2-2bbb-7120-96df-94eec3c40599,01a00976-1039-7012-8979-deb31695400a,,builder-qwen,builder,qwen3.6,CPU-BASIC-FORMATION,tool/harness,,tool_failure,run_terminal_command outcome=error,,,~/.grok/sessions/<encoded-cwd>/01a009c2-2bbb-7120-96df-94eec3c40599/events.jsonl
3a9e5676ed54d4d32759,2026-08-16T09:21:17.696Z,01a009c2-2bbb-7120-96df-94eec3c40599,01a00976-1039-7012-8979-deb31695400a,,builder-qwen,builder,qwen3.6,CPU-BASIC-FORMATION,tool/harness,,tool_failure,run_terminal_command outcome=error,,,~/.grok/sessions/<encoded-cwd>/01a009c2-2bbb-7120-96df-94eec3c40599/events.jsonl
efd2642f18556e812feb,2026-08-16T09:35:31.277Z,01a009c2-2bbb-7120-96df-94eec3c40599,01a00976-1039-7012-8979-deb31695400a,,builder-qwen,builder,qwen3.6,CPU-BASIC-FORMATION,tool/harness,,tool_failure,run_terminal_command outcome=error,,,~/.grok/sessions/<encoded-cwd>/01a009c2-2bbb-7120-96df-94eec3c40599/events.jsonl
2c49b6d0acbb11334434,2026-08-16T09:38:55.787Z,01a009c2-2bbb-7120-96df-94eec3c40599,01a00976-1039-7012-8979-deb31695400a,,builder-qwen,builder,qwen3.6,CPU-BASIC-FORMATION,tool/harness,,tool_failure,run_terminal_command outcome=error,,,~/.grok/sessions/<encoded-cwd>/01a009c2-2bbb-7120-96df-94eec3c40599/events.jsonl
9668de396caa5275b978,2026-08-16T09:39:23.897Z,01a00976-1039-7012-8979-deb31695400a,,01a00976-1039-7012-8979-deb31695400a:00087,orchestrator-deepseek,parent/orchestrator,deepseek-v4-flash,CPU-BASIC-FORMATION,provider,,provider_retry,provider retry marker,1,,~/.grok/sessions/<encoded-cwd>/01a00976-1039-7012-8979-deb31695400a/chat_history.jsonl
389b12db86b8e340da22,2026-08-16T09:41:58.879Z,01a009f1-1997-7630-aee2-305220acd36b,01a00976-1039-7012-8979-deb31695400a,,critic-flash,critic,deepseek-v4-flash,CPU-BASIC-FORMATION,tool/harness,,tool_failure,run_terminal_command outcome=error,,,~/.grok/sessions/<encoded-cwd>/01a009f1-1997-7630-aee2-305220acd36b/events.jsonl
8f368849b5a0b06cf6ec,2026-08-16T09:47:11.121Z,01a009f7-beb3-7e53-9253-8c4147528cf2,01a00976-1039-7012-8979-deb31695400a,,integration-reviewer-flash,integration reviewer,deepseek-v4-flash,CPU-BASIC-FORMATION,tool/harness,,tool_failure,read_file outcome=error,,,~/.grok/sessions/<encoded-cwd>/01a009f7-beb3-7e53-9253-8c4147528cf2/events.jsonl
ee9e909e394a345c8fb4,2026-08-16T09:49:19.931Z,01a009f7-beb3-7e53-9253-8c4147528cf2,01a00976-1039-7012-8979-deb31695400a,,integration-reviewer-flash,integration reviewer,deepseek-v4-flash,CPU-BASIC-FORMATION,tool/harness,,tool_failure,run_terminal_command outcome=error,,,~/.grok/sessions/<encoded-cwd>/01a009f7-beb3-7e53-9253-8c4147528cf2/events.jsonl
20ecf1e8d384122b0f4c,2026-08-16T09:53:31.076Z,01a009f7-beb3-7e53-9253-8c4147528cf2,01a00976-1039-7012-8979-deb31695400a,,integration-reviewer-flash,integration reviewer,deepseek-v4-flash,CPU-BASIC-FORMATION,tool/harness,,tool_failure,read_file outcome=error,,,~/.grok/sessions/<encoded-cwd>/01a009f7-beb3-7e53-9253-8c4147528cf2/events.jsonl
b34966361915cbfc02ef,2026-08-16T10:01:36.123Z,01a00a01-3a43-7c02-b43f-a1aac0c9e3b3,01a00976-1039-7012-8979-deb31695400a,,builder-mimo,builder,mimo-v2.5,BROWSER-HUMAN-VS-CPU,tool/harness,,tool_failure,search_replace outcome=error,,,~/.grok/sessions/<encoded-cwd>/01a00a01-3a43-7c02-b43f-a1aac0c9e3b3/events.jsonl
6d2db6ce21115f4627a9,2026-08-16T10:05:10.678Z,01a00a01-3a43-7c02-b43f-a1aac0c9e3b3,01a00976-1039-7012-8979-deb31695400a,,builder-mimo,builder,mimo-v2.5,BROWSER-HUMAN-VS-CPU,tool/harness,,tool_failure,run_terminal_command outcome=error,,,~/.grok/sessions/<encoded-cwd>/01a00a01-3a43-7c02-b43f-a1aac0c9e3b3/events.jsonl
1677ecbda5b1ea0cf569,2026-08-16T10:09:48.923Z,01a00a01-3a43-7c02-b43f-a1aac0c9e3b3,01a00976-1039-7012-8979-deb31695400a,,builder-mimo,builder,mimo-v2.5,BROWSER-HUMAN-VS-CPU,tool/harness,,tool_failure,run_terminal_command outcome=error,,,~/.grok/sessions/<encoded-cwd>/01a00a01-3a43-7c02-b43f-a1aac0c9e3b3/events.jsonl
f0a188712d28e349be49,2026-08-16T10:11:05.167967376Z,01a00a01-3a43-7c02-b43f-a1aac0c9e3b3,01a00976-1039-7012-8979-deb31695400a,,builder-mimo,builder,mimo-v2.5,BROWSER-HUMAN-VS-CPU,subagent/harness,400,subagent_failed,"Session error: Internal error: {
  ""message"": ""API error (status 400 Bad Request): None: Invalid request. Check your request parameters."",
  ""http_status"": 400,
  ""promptUsage"": {
    ""inputTokens"": 2349131,
    ""outputTokens"": 13372,
    ""totalTokens"": 2362503,
    ""cachedReadTokens"": 2278656,
    ""cacheCreationTokens"": 0,
    ""reasoningTokens"": 2218,
    ""modelCalls"": 60,
    ""apiDurationMs"": 636721,
    ""modelUsage"": {
      ""mimo-v2.5"": {
        ""inputTokens"": 2349131,
        ""outputTokens",,failed,~/.grok/sessions/<encoded-cwd>/01a00976-1039-7012-8979-deb31695400a/subagents/01a00a01-3a43-7c02-b43f-a1aac0c9e3b3/meta.json
ebadeb4a6b2ad790b031,2026-08-16T10:11:15.362Z,01a00976-1039-7012-8979-deb31695400a,,01a00976-1039-7012-8979-deb31695400a:00115,orchestrator-deepseek,parent/orchestrator,deepseek-v4-flash,BROWSER-HUMAN-VS-CPU,provider,,provider_retry,provider retry marker,1,,~/.grok/sessions/<encoded-cwd>/01a00976-1039-7012-8979-deb31695400a/chat_history.jsonl
6cedcb0f9998f25de314,2026-08-16T10:17:01.284Z,01a00a10-19d2-72f3-911c-b5223d9204ba,01a00976-1039-7012-8979-deb31695400a,,critic-flash,critic,deepseek-v4-flash,BROWSER-HUMAN-VS-CPU,tool/harness,,tool_failure,run_terminal_command outcome=error,,,~/.grok/sessions/<encoded-cwd>/01a00a10-19d2-72f3-911c-b5223d9204ba/events.jsonl
8d389b47924e2cd55264,2026-08-16T10:17:30.622Z,01a00a10-19d2-72f3-911c-b5223d9204ba,01a00976-1039-7012-8979-deb31695400a,,critic-flash,critic,deepseek-v4-flash,BROWSER-HUMAN-VS-CPU,tool/harness,,tool_failure,grep outcome=error,,,~/.grok/sessions/<encoded-cwd>/01a00a10-19d2-72f3-911c-b5223d9204ba/events.jsonl
62c3212194ac617938d6,2026-08-16T10:19:02.646Z,01a00a10-19d2-72f3-911c-b5223d9204ba,01a00976-1039-7012-8979-deb31695400a,,critic-flash,critic,deepseek-v4-flash,BROWSER-HUMAN-VS-CPU,tool/harness,,tool_failure,run_terminal_command outcome=error,,,~/.grok/sessions/<encoded-cwd>/01a00a10-19d2-72f3-911c-b5223d9204ba/events.jsonl
31046093b1a90fc200ac,2026-08-16T10:19:10.488Z,01a00a10-19d2-72f3-911c-b5223d9204ba,01a00976-1039-7012-8979-deb31695400a,,critic-flash,critic,deepseek-v4-flash,BROWSER-HUMAN-VS-CPU,tool/harness,,tool_failure,run_terminal_command outcome=error,,,~/.grok/sessions/<encoded-cwd>/01a00a10-19d2-72f3-911c-b5223d9204ba/events.jsonl
646d08ac47edab0a0bba,2026-08-16T10:22:47.046Z,01a00976-1039-7012-8979-deb31695400a,,,grok-build-plan,parent/orchestrator,deepseek-v4-flash,BOOTSTRAP-01,tool/harness,,tool_failure,run_terminal_command outcome=error,,,~/.grok/sessions/<encoded-cwd>/01a00976-1039-7012-8979-deb31695400a/events.jsonl
754497f3087d0ecf8b4e,2026-08-16T10:23:03.235Z,01a00976-1039-7012-8979-deb31695400a,,,grok-build-plan,parent/orchestrator,deepseek-v4-flash,BOOTSTRAP-01,tool/harness,,tool_failure,run_terminal_command outcome=error,,,~/.grok/sessions/<encoded-cwd>/01a00976-1039-7012-8979-deb31695400a/events.jsonl
2db1ba89f96030a5160a,2026-08-16T10:24:52.863Z,01a00976-1039-7012-8979-deb31695400a,,,grok-build-plan,parent/orchestrator,deepseek-v4-flash,BOOTSTRAP-01,tool/harness,,tool_failure,run_terminal_command outcome=error,,,~/.grok/sessions/<encoded-cwd>/01a00976-1039-7012-8979-deb31695400a/events.jsonl
f6d3d6a566c4db2bc753,2026-08-16T10:28:30.699Z,01a00a1a-9be6-7282-b0bb-3f6eb0986121,01a00976-1039-7012-8979-deb31695400a,,integration-reviewer-flash,integration reviewer,deepseek-v4-flash,BROWSER-HUMAN-VS-CPU,tool/harness,,tool_failure,run_terminal_command outcome=error,,,~/.grok/sessions/<encoded-cwd>/01a00a1a-9be6-7282-b0bb-3f6eb0986121/events.jsonl
f81d38d1e4af0c2a7962,2026-08-16T10:29:33.814Z,01a00976-1039-7012-8979-deb31695400a,,,grok-build-plan,parent/orchestrator,deepseek-v4-flash,BOOTSTRAP-01,tool/harness,,tool_failure,search_replace outcome=error,,,~/.grok/sessions/<encoded-cwd>/01a00976-1039-7012-8979-deb31695400a/events.jsonl
481503a4fa23c65a6e11,2026-08-16T10:31:02.501Z,01a00976-1039-7012-8979-deb31695400a,,,grok-build-plan,parent/orchestrator,deepseek-v4-flash,BOOTSTRAP-01,tool/harness,,tool_failure,search_replace outcome=error,,,~/.grok/sessions/<encoded-cwd>/01a00976-1039-7012-8979-deb31695400a/events.jsonl
3fd90d821df160d08729,2026-08-16T10:31:38.871Z,01a00976-1039-7012-8979-deb31695400a,,,grok-build-plan,parent/orchestrator,deepseek-v4-flash,BOOTSTRAP-01,tool/harness,,tool_failure,search_replace outcome=error,,,~/.grok/sessions/<encoded-cwd>/01a00976-1039-7012-8979-deb31695400a/events.jsonl
f07d6523bc6a0c13df86,2026-08-16T10:31:48.249Z,01a00976-1039-7012-8979-deb31695400a,,,grok-build-plan,parent/orchestrator,deepseek-v4-flash,BOOTSTRAP-01,tool/harness,,tool_failure,search_replace outcome=error,,,~/.grok/sessions/<encoded-cwd>/01a00976-1039-7012-8979-deb31695400a/events.jsonl
81793dab02388cd70885,2026-08-16T10:32:05.788Z,01a00976-1039-7012-8979-deb31695400a,,,grok-build-plan,parent/orchestrator,deepseek-v4-flash,BOOTSTRAP-01,tool/harness,,tool_failure,search_replace outcome=error,,,~/.grok/sessions/<encoded-cwd>/01a00976-1039-7012-8979-deb31695400a/events.jsonl
dfba764e0cb1f96e3c6d,2026-08-16T10:34:17.411Z,01a00976-1039-7012-8979-deb31695400a,,,grok-build-plan,parent/orchestrator,deepseek-v4-flash,BOOTSTRAP-01,tool/harness,,tool_failure,run_terminal_command outcome=error,,,~/.grok/sessions/<encoded-cwd>/01a00976-1039-7012-8979-deb31695400a/events.jsonl
a7e90fc6c75d45856d27,2026-08-16T10:37:27.320Z,01a00976-1039-7012-8979-deb31695400a,,,grok-build-plan,parent/orchestrator,deepseek-v4-flash,BOOTSTRAP-01,tool/harness,,tool_failure,search_replace outcome=error,,,~/.grok/sessions/<encoded-cwd>/01a00976-1039-7012-8979-deb31695400a/events.jsonl
f44ee275585d64268a2f,2026-08-16T10:42:27.921Z,01a00a26-2b64-72a2-a0dc-23d407cca0a9,01a00976-1039-7012-8979-deb31695400a,,builder-qwen,builder,qwen3.6,CPU-2V2-PASSING,tool/harness,,tool_failure,run_terminal_command outcome=error,,,~/.grok/sessions/<encoded-cwd>/01a00a26-2b64-72a2-a0dc-23d407cca0a9/events.jsonl
13efb998252f5ef31d58,2026-08-16T10:42:37.193Z,01a00a26-2b64-72a2-a0dc-23d407cca0a9,01a00976-1039-7012-8979-deb31695400a,,builder-qwen,builder,qwen3.6,CPU-2V2-PASSING,tool/harness,,tool_failure,run_terminal_command outcome=error,,,~/.grok/sessions/<encoded-cwd>/01a00a26-2b64-72a2-a0dc-23d407cca0a9/events.jsonl
4530defe928515e5c2d4,2026-08-16T10:51:41.168Z,01a00a31-3cc7-70b2-9266-8d2637089567,01a00976-1039-7012-8979-deb31695400a,,integration-reviewer-flash,integration reviewer,deepseek-v4-flash,CPU-2V2-PASSING,tool/harness,,tool_failure,run_terminal_command outcome=error,,,~/.grok/sessions/<encoded-cwd>/01a00a31-3cc7-70b2-9266-8d2637089567/events.jsonl
56259ea91d01e460f574,2026-08-16T10:52:44.630Z,01a00976-1039-7012-8979-deb31695400a,,,grok-build-plan,parent/orchestrator,deepseek-v4-flash,BOOTSTRAP-01,tool/harness,,tool_failure,search_replace outcome=error,,,~/.grok/sessions/<encoded-cwd>/01a00976-1039-7012-8979-deb31695400a/events.jsonl
9f75746960b659ad64dc,2026-08-16T10:53:39.962Z,01a00976-1039-7012-8979-deb31695400a,,,grok-build-plan,parent/orchestrator,deepseek-v4-flash,BOOTSTRAP-01,tool/harness,,tool_failure,search_replace outcome=error,,,~/.grok/sessions/<encoded-cwd>/01a00976-1039-7012-8979-deb31695400a/events.jsonl
6ac31f6f10b0a4c04e06,2026-08-16T10:54:20.523Z,01a00976-1039-7012-8979-deb31695400a,,,grok-build-plan,parent/orchestrator,deepseek-v4-flash,BOOTSTRAP-01,tool/harness,,tool_failure,search_replace outcome=error,,,~/.grok/sessions/<encoded-cwd>/01a00976-1039-7012-8979-deb31695400a/events.jsonl
f4a0b3756039db21f6c7,2026-08-16T10:54:31.937Z,01a00976-1039-7012-8979-deb31695400a,,,grok-build-plan,parent/orchestrator,deepseek-v4-flash,BOOTSTRAP-01,tool/harness,,tool_failure,grep outcome=error,,,~/.grok/sessions/<encoded-cwd>/01a00976-1039-7012-8979-deb31695400a/events.jsonl
38d8a7b2a4910bd70e17,2026-08-16T10:56:37.504Z,01a00976-1039-7012-8979-deb31695400a,,,grok-build-plan,parent/orchestrator,deepseek-v4-flash,BOOTSTRAP-01,tool/harness,,tool_failure,run_terminal_command outcome=error,,,~/.grok/sessions/<encoded-cwd>/01a00976-1039-7012-8979-deb31695400a/events.jsonl
2a839e17f0962d52fff4,2026-08-16T11:00:43.160Z,01a00a38-ecad-7482-94f8-9c2e4e9ff14a,01a00976-1039-7012-8979-deb31695400a,,builder-qwen,builder,qwen3.6,CPU-2V2-SCORING,tool/harness,,tool_failure,search_replace outcome=error,,,~/.grok/sessions/<encoded-cwd>/01a00a38-ecad-7482-94f8-9c2e4e9ff14a/events.jsonl
76228e19dfca141817e0,2026-08-16T11:02:24.501Z,01a00a38-ecad-7482-94f8-9c2e4e9ff14a,01a00976-1039-7012-8979-deb31695400a,,builder-qwen,builder,qwen3.6,CPU-2V2-SCORING,tool/harness,,tool_failure,search_replace outcome=error,,,~/.grok/sessions/<encoded-cwd>/01a00a38-ecad-7482-94f8-9c2e4e9ff14a/events.jsonl
9d3844e965ae00449d56,2026-08-16T11:02:33.447Z,01a00a38-ecad-7482-94f8-9c2e4e9ff14a,01a00976-1039-7012-8979-deb31695400a,,builder-qwen,builder,qwen3.6,CPU-2V2-SCORING,tool/harness,,tool_failure,search_replace outcome=error,,,~/.grok/sessions/<encoded-cwd>/01a00a38-ecad-7482-94f8-9c2e4e9ff14a/events.jsonl
e3e764b03f96dfcc2cb1,2026-08-16T11:09:39.809Z,01a00a38-ecad-7482-94f8-9c2e4e9ff14a,01a00976-1039-7012-8979-deb31695400a,,builder-qwen,builder,qwen3.6,CPU-2V2-SCORING,tool/harness,,tool_failure,run_terminal_command outcome=error,,,~/.grok/sessions/<encoded-cwd>/01a00a38-ecad-7482-94f8-9c2e4e9ff14a/events.jsonl
74722a0dbf3131d38863,2026-08-16T11:16:50.100Z,01a00a38-ecad-7482-94f8-9c2e4e9ff14a,01a00976-1039-7012-8979-deb31695400a,,builder-qwen,builder,qwen3.6,CPU-2V2-SCORING,tool/harness,,tool_failure,run_terminal_command outcome=error,,,~/.grok/sessions/<encoded-cwd>/01a00a38-ecad-7482-94f8-9c2e4e9ff14a/events.jsonl
5da418efe4dbce83fdc2,2026-08-16T11:19:33.904Z,01a00a38-ecad-7482-94f8-9c2e4e9ff14a,01a00976-1039-7012-8979-deb31695400a,,builder-qwen,builder,qwen3.6,CPU-2V2-SCORING,tool/harness,,tool_failure,search_replace outcome=error,,,~/.grok/sessions/<encoded-cwd>/01a00a38-ecad-7482-94f8-9c2e4e9ff14a/events.jsonl
95b6592ca13691496d44,2026-08-16T11:34:44.392Z,01a00a55-bf7c-72d3-842e-0210f6f5126f,01a00976-1039-7012-8979-deb31695400a,,critic-flash,critic,deepseek-v4-flash,CPU-2V2-SCORING,tool/harness,,tool_failure,run_terminal_command outcome=error,,,~/.grok/sessions/<encoded-cwd>/01a00a55-bf7c-72d3-842e-0210f6f5126f/events.jsonl
e390c6de8ca14c7e3dff,2026-08-16T11:46:57.340Z,01a00a63-d0be-7b51-ad9b-b88039d9439b,01a00976-1039-7012-8979-deb31695400a,,builder-qwen,builder,qwen3.6,CPU-TEAM-FORMATION,tool/harness,,tool_failure,search_replace outcome=error,,,~/.grok/sessions/<encoded-cwd>/01a00a63-d0be-7b51-ad9b-b88039d9439b/events.jsonl
655e58e1b120fcef168b,2026-08-16T11:50:38.258Z,01a00a63-d0be-7b51-ad9b-b88039d9439b,01a00976-1039-7012-8979-deb31695400a,,builder-qwen,builder,qwen3.6,CPU-TEAM-FORMATION,tool/harness,,tool_failure,run_terminal_command outcome=error,,,~/.grok/sessions/<encoded-cwd>/01a00a63-d0be-7b51-ad9b-b88039d9439b/events.jsonl
75600e246a8a5c7494e9,2026-08-16T11:59:15.905Z,01a00a6e-9db9-7d91-9257-f3f644892bc5,01a00976-1039-7012-8979-deb31695400a,,critic-flash,critic,deepseek-v4-flash,CPU-TEAM-FORMATION,tool/harness,,tool_failure,run_terminal_command outcome=error,,,~/.grok/sessions/<encoded-cwd>/01a00a6e-9db9-7d91-9257-f3f644892bc5/events.jsonl
2d1619d03f0f609af4af,2026-08-16T11:59:23.970Z,01a00a6e-9db9-7d91-9257-f3f644892bc5,01a00976-1039-7012-8979-deb31695400a,,critic-flash,critic,deepseek-v4-flash,CPU-TEAM-FORMATION,tool/harness,,tool_failure,list_dir outcome=error,,,~/.grok/sessions/<encoded-cwd>/01a00a6e-9db9-7d91-9257-f3f644892bc5/events.jsonl
1369e708530acb7bf9ae,2026-08-16T12:18:24.040Z,01a00a6e-9db9-7d91-9257-f3f644892bc5,01a00976-1039-7012-8979-deb31695400a,,critic-flash,critic,deepseek-v4-flash,CPU-TEAM-FORMATION,tool/harness,,tool_failure,run_terminal_command outcome=error,,,~/.grok/sessions/<encoded-cwd>/01a00a6e-9db9-7d91-9257-f3f644892bc5/events.jsonl
c58fa7ebb36160c40cc4,2026-08-16T12:19:07.170Z,01a00a6e-9db9-7d91-9257-f3f644892bc5,01a00976-1039-7012-8979-deb31695400a,,critic-flash,critic,deepseek-v4-flash,CPU-TEAM-FORMATION,tool/harness,,tool_failure,run_terminal_command outcome=error,,,~/.grok/sessions/<encoded-cwd>/01a00a6e-9db9-7d91-9257-f3f644892bc5/events.jsonl
699fa196ae31659bf056,2026-08-16T12:24:19.926Z,01a00a6e-9db9-7d91-9257-f3f644892bc5,01a00976-1039-7012-8979-deb31695400a,,critic-flash,critic,deepseek-v4-flash,CPU-TEAM-FORMATION,tool/harness,,tool_failure,run_terminal_command outcome=error,,,~/.grok/sessions/<encoded-cwd>/01a00a6e-9db9-7d91-9257-f3f644892bc5/events.jsonl
eaa6e0b7ed05657d686c,2026-08-16T12:25:57.864Z,01a00a88-ec07-7831-852b-ad298ffd147b,01a00976-1039-7012-8979-deb31695400a,,integration-reviewer-flash,integration reviewer,deepseek-v4-flash,CPU-TEAM-FORMATION,tool/harness,,tool_failure,list_dir outcome=error,,,~/.grok/sessions/<encoded-cwd>/01a00a88-ec07-7831-852b-ad298ffd147b/events.jsonl
d24a1a3ab7d6b90b5ad7,2026-08-16T12:26:49.762Z,01a00a88-ec07-7831-852b-ad298ffd147b,01a00976-1039-7012-8979-deb31695400a,,integration-reviewer-flash,integration reviewer,deepseek-v4-flash,CPU-TEAM-FORMATION,tool/harness,,tool_failure,list_dir outcome=error,,,~/.grok/sessions/<encoded-cwd>/01a00a88-ec07-7831-852b-ad298ffd147b/events.jsonl
cadfbcf72d5578685e19,2026-08-16T12:30:39.821Z,01a00a88-ec07-7831-852b-ad298ffd147b,01a00976-1039-7012-8979-deb31695400a,,integration-reviewer-flash,integration reviewer,deepseek-v4-flash,CPU-TEAM-FORMATION,tool/harness,,tool_failure,run_terminal_command outcome=error,,,~/.grok/sessions/<encoded-cwd>/01a00a88-ec07-7831-852b-ad298ffd147b/events.jsonl
57996bc8f276aef3f66a,2026-08-16T12:41:14.749Z,01a00a95-d229-7530-8ea3-823813e68e55,01a00976-1039-7012-8979-deb31695400a,,integration-reviewer-flash,integration reviewer,deepseek-v4-flash,CPU-TEAM-FORMATION,tool/harness,,tool_failure,run_terminal_command outcome=error,,,~/.grok/sessions/<encoded-cwd>/01a00a95-d229-7530-8ea3-823813e68e55/events.jsonl
98739ac052a9ef0f8bb9,2026-08-16T12:43:18.417Z,01a00a95-d229-7530-8ea3-823813e68e55,01a00976-1039-7012-8979-deb31695400a,,integration-reviewer-flash,integration reviewer,deepseek-v4-flash,CPU-TEAM-FORMATION,tool/harness,,tool_failure,run_terminal_command outcome=error,,,~/.grok/sessions/<encoded-cwd>/01a00a95-d229-7530-8ea3-823813e68e55/events.jsonl
71946ceff448d54bd730,2026-08-16T12:44:39.524Z,01a00976-1039-7012-8979-deb31695400a,,,grok-build-plan,parent/orchestrator,deepseek-v4-flash,BOOTSTRAP-01,tool/harness,,tool_failure,search_replace outcome=error,,,~/.grok/sessions/<encoded-cwd>/01a00976-1039-7012-8979-deb31695400a/events.jsonl
be6e7458f3d95bcbc62e,2026-08-16T12:47:12.745Z,01a00976-1039-7012-8979-deb31695400a,,,grok-build-plan,parent/orchestrator,deepseek-v4-flash,BOOTSTRAP-01,tool/harness,,tool_failure,search_replace outcome=error,,,~/.grok/sessions/<encoded-cwd>/01a00976-1039-7012-8979-deb31695400a/events.jsonl
1c7d65ac9973636bd285,2026-08-16T12:59:42.522Z,01a00a9e-6713-7cf3-aeb8-c079814638a3,01a00976-1039-7012-8979-deb31695400a,,builder-mimo,builder,mimo-v2.5,BROWSER-2V2-MATCH-KEYBOARD,tool/harness,,tool_failure,run_terminal_command outcome=error,,,~/.grok/sessions/<encoded-cwd>/01a00a9e-6713-7cf3-aeb8-c079814638a3/events.jsonl
ef8897b06e409c86bd63,2026-08-16T13:03:27.258Z,01a00a9e-6713-7cf3-aeb8-c079814638a3,01a00976-1039-7012-8979-deb31695400a,,builder-mimo,builder,mimo-v2.5,BROWSER-2V2-MATCH-KEYBOARD,tool/harness,,tool_failure,run_terminal_command outcome=error,,,~/.grok/sessions/<encoded-cwd>/01a00a9e-6713-7cf3-aeb8-c079814638a3/events.jsonl
3d8f2cd94643d614f57d,2026-08-16T14:29:54.985Z,01a00aef-0efd-71d3-9a67-ccd74de1f8e1,,,grok-build-plan,parent/orchestrator,deepseek-v4-flash,BOOTSTRAP-01,tool/harness,,tool_failure,run_terminal_command outcome=error,,,~/.grok/sessions/<encoded-cwd>/01a00aef-0efd-71d3-9a67-ccd74de1f8e1/events.jsonl
7c7d6ca27065abf79519,2026-08-16T14:30:21.376Z,01a00aef-0efd-71d3-9a67-ccd74de1f8e1,,,grok-build-plan,parent/orchestrator,deepseek-v4-flash,BOOTSTRAP-01,tool/harness,,tool_failure,run_terminal_command outcome=error,,,~/.grok/sessions/<encoded-cwd>/01a00aef-0efd-71d3-9a67-ccd74de1f8e1/events.jsonl
3ba6c5777cb1daeee9d5,2026-08-16T14:32:46.060Z,01a00aef-0efd-71d3-9a67-ccd74de1f8e1,,,grok-build-plan,parent/orchestrator,deepseek-v4-flash,BOOTSTRAP-01,tool/harness,,tool_failure,run_terminal_command outcome=error,,,~/.grok/sessions/<encoded-cwd>/01a00aef-0efd-71d3-9a67-ccd74de1f8e1/events.jsonl
4fe7d42c5cb88a4abbe7,2026-08-16T14:34:50.581Z,01a00aef-0efd-71d3-9a67-ccd74de1f8e1,,,grok-build-plan,parent/orchestrator,deepseek-v4-flash,BOOTSTRAP-01,tool/harness,,tool_failure,run_terminal_command outcome=error,,,~/.grok/sessions/<encoded-cwd>/01a00aef-0efd-71d3-9a67-ccd74de1f8e1/events.jsonl
2bd31fea6dd11545feb3,2026-08-16T14:38:45.215457966Z,01a00b02-ba51-7c51-8801-3a34e19ac33a,01a00aef-0efd-71d3-9a67-ccd74de1f8e1,,critic,critic,deepseek-v4-flash-0731,BROWSER-2V2-MATCH-KEYBOARD,subagent/harness,402,subagent_failed,"Session error: Internal error: {
  ""message"": ""API error (status 402 Payment Required): None: deepseek-v4-flash-0731 allowance exhausted: 500,447,721 of 500,000,000 tokens used in the current period, 0 left. The counter resets when your allowance period rolls over, on 2026-09-01 00:00 UTC, in 15d9h. Your remaining allowance is on the dashboard at cloud.nan.builders.…"",
  ""http_status"": 402
}",,failed,~/.grok/sessions/<encoded-cwd>/01a00aef-0efd-71d3-9a67-ccd74de1f8e1/subagents/01a00b02-ba51-7c51-8801-3a34e19ac33a/meta.json
d97b22e53ccb77643808,2026-08-16T14:45:36.402Z,01a00aef-0efd-71d3-9a67-ccd74de1f8e1,,,grok-build-plan,parent/orchestrator,deepseek-v4-flash,BOOTSTRAP-01,tool/harness,,tool_failure,search_replace outcome=error,,,~/.grok/sessions/<encoded-cwd>/01a00aef-0efd-71d3-9a67-ccd74de1f8e1/events.jsonl
a2d9ec9b04a414c37cde,2026-08-16T14:45:50.478Z,01a00aef-0efd-71d3-9a67-ccd74de1f8e1,,,grok-build-plan,parent/orchestrator,deepseek-v4-flash,BOOTSTRAP-01,tool/harness,,tool_failure,search_replace outcome=error,,,~/.grok/sessions/<encoded-cwd>/01a00aef-0efd-71d3-9a67-ccd74de1f8e1/events.jsonl
1cc0afa0e0ea890f230a,2026-08-16T14:46:12.071Z,01a00aef-0efd-71d3-9a67-ccd74de1f8e1,,,grok-build-plan,parent/orchestrator,deepseek-v4-flash,BOOTSTRAP-01,tool/harness,,tool_failure,run_terminal_command outcome=error,,,~/.grok/sessions/<encoded-cwd>/01a00aef-0efd-71d3-9a67-ccd74de1f8e1/events.jsonl
a3427d684fecd6764dfe,2026-08-16T17:13:23.228Z,01a00b8c-52ab-7cd3-90e9-c14043c8f328,01a00b87-ab36-7323-b222-e2220a1122e2,,builder-gameplay,builder,mimo-v2.5,BROWSER-2V2-PLAYABLE,tool/harness,,tool_failure,run_terminal_command outcome=error,,,~/.grok/sessions/<encoded-cwd>/01a00b8c-52ab-7cd3-90e9-c14043c8f328/events.jsonl
b65554f10cf136901202,2026-08-16T17:17:16.964Z,01a00b8c-52ab-7cd3-90e9-c14043c8f328,01a00b87-ab36-7323-b222-e2220a1122e2,,builder-gameplay,builder,mimo-v2.5,BROWSER-2V2-PLAYABLE,tool/harness,,tool_failure,run_terminal_command outcome=error,,,~/.grok/sessions/<encoded-cwd>/01a00b8c-52ab-7cd3-90e9-c14043c8f328/events.jsonl
79ae272c86d499d122b9,2026-08-16T17:19:30.271Z,01a00b8c-52ab-7cd3-90e9-c14043c8f328,01a00b87-ab36-7323-b222-e2220a1122e2,,builder-gameplay,builder,mimo-v2.5,BROWSER-2V2-PLAYABLE,tool/harness,,tool_failure,run_terminal_command outcome=error,,,~/.grok/sessions/<encoded-cwd>/01a00b8c-52ab-7cd3-90e9-c14043c8f328/events.jsonl
6ca0fcef18a2c754e5b9,2026-08-16T17:27:22.661Z,01a00b87-ab36-7323-b222-e2220a1122e2,,,grok-build-plan,parent/orchestrator,deepseek-v4-flash,BROWSER-2V2-MATCH-KEYBOARD,tool/harness,,tool_failure,run_terminal_command outcome=error,,,~/.grok/sessions/<encoded-cwd>/01a00b87-ab36-7323-b222-e2220a1122e2/events.jsonl
0184c224fc74f694d3dc,2026-08-16T17:30:29.852Z,01a00b87-ab36-7323-b222-e2220a1122e2,,,grok-build-plan,parent/orchestrator,deepseek-v4-flash,BROWSER-2V2-MATCH-KEYBOARD,tool/harness,,tool_failure,run_terminal_command outcome=error,,,~/.grok/sessions/<encoded-cwd>/01a00b87-ab36-7323-b222-e2220a1122e2/events.jsonl
d448f86ff6156bb58b1b,2026-08-16T17:31:46.303Z,01a00b87-ab36-7323-b222-e2220a1122e2,,,grok-build-plan,parent/orchestrator,deepseek-v4-flash,BROWSER-2V2-MATCH-KEYBOARD,tool/harness,,tool_failure,run_terminal_command outcome=error,,,~/.grok/sessions/<encoded-cwd>/01a00b87-ab36-7323-b222-e2220a1122e2/events.jsonl
50a78b90920def0a8c17,2026-08-16T17:32:26.907Z,01a00b87-ab36-7323-b222-e2220a1122e2,,,grok-build-plan,parent/orchestrator,deepseek-v4-flash,BROWSER-2V2-MATCH-KEYBOARD,tool/harness,,tool_failure,run_terminal_command outcome=error,,,~/.grok/sessions/<encoded-cwd>/01a00b87-ab36-7323-b222-e2220a1122e2/events.jsonl
faf3eaf7c5d050b4cd17,2026-08-16T17:33:31.896053204Z,01a00ba2-bf11-70f1-8e02-f9d4926e4fe0,01a00b87-ab36-7323-b222-e2220a1122e2,,critic,critic,deepseek-v4-flash-0731,BROWSER-2V2-PLAYABLE,subagent/harness,402,subagent_failed,"Session error: Internal error: {
  ""message"": ""API error (status 402 Payment Required): None: deepseek-v4-flash-0731 allowance exhausted: 500,447,721 of 500,000,000 tokens used in the current period, 0 left. The counter resets when your allowance period rolls over, on 2026-09-01 00:00 UTC, in 15d6h. Your remaining allowance is on the dashboard at cloud.nan.builders.…"",
  ""http_status"": 402
}",,failed,~/.grok/sessions/<encoded-cwd>/01a00b87-ab36-7323-b222-e2220a1122e2/subagents/01a00ba2-bf11-70f1-8e02-f9d4926e4fe0/meta.json
b013b604121b5b7c4331,2026-08-16T17:34:29.128Z,01a00ba3-07a7-7632-b653-2e2773c55659,01a00b87-ab36-7323-b222-e2220a1122e2,,critic-flash,critic,deepseek-v4-flash,BROWSER-2V2-PLAYABLE,tool/harness,,tool_failure,read_file outcome=error,,,~/.grok/sessions/<encoded-cwd>/01a00ba3-07a7-7632-b653-2e2773c55659/events.jsonl
c3101e763e839cd0da08,2026-08-16T17:34:33.853Z,01a00ba3-07a7-7632-b653-2e2773c55659,01a00b87-ab36-7323-b222-e2220a1122e2,,critic-flash,critic,deepseek-v4-flash,BROWSER-2V2-PLAYABLE,tool/harness,,tool_failure,list_dir outcome=error,,,~/.grok/sessions/<encoded-cwd>/01a00ba3-07a7-7632-b653-2e2773c55659/events.jsonl
eb8c0fe76fee64f224e6,2026-08-16T17:36:46.422Z,01a00b87-ab36-7323-b222-e2220a1122e2,,,grok-build-plan,parent/orchestrator,deepseek-v4-flash,BROWSER-2V2-MATCH-KEYBOARD,tool/harness,,tool_failure,run_terminal_command outcome=error,,,~/.grok/sessions/<encoded-cwd>/01a00b87-ab36-7323-b222-e2220a1122e2/events.jsonl
d9521d4e4f4d8c37c3ad,2026-08-16T17:38:19.535Z,01a00b87-ab36-7323-b222-e2220a1122e2,,,grok-build-plan,parent/orchestrator,deepseek-v4-flash,BROWSER-2V2-MATCH-KEYBOARD,tool/harness,,tool_failure,run_terminal_command outcome=error,,,~/.grok/sessions/<encoded-cwd>/01a00b87-ab36-7323-b222-e2220a1122e2/events.jsonl
aaa079feec4e99f48ed7,2026-08-16T17:49:39.497Z,01a00bb0-5234-7ae3-b0ba-c0399428dfe3,01a00b87-ab36-7323-b222-e2220a1122e2,,critic-flash,critic,deepseek-v4-flash,BROWSER-2V2-PLAYABLE,tool/harness,,tool_failure,run_terminal_command outcome=error,,,~/.grok/sessions/<encoded-cwd>/01a00bb0-5234-7ae3-b0ba-c0399428dfe3/events.jsonl
e7f28836876ccfbf5a3c,2026-08-16T17:59:21.362Z,01a00bb7-b7a5-74e3-a545-ba0127e7a794,01a00b87-ab36-7323-b222-e2220a1122e2,,integration-reviewer-flash,integration reviewer,deepseek-v4-flash,BROWSER-2V2-PLAYABLE,tool/harness,,tool_failure,run_terminal_command outcome=error,,,~/.grok/sessions/<encoded-cwd>/01a00bb7-b7a5-74e3-a545-ba0127e7a794/events.jsonl
ea8720943fabf8446925,2026-08-16T18:00:27.207Z,01a00bb7-b7a5-74e3-a545-ba0127e7a794,01a00b87-ab36-7323-b222-e2220a1122e2,,integration-reviewer-flash,integration reviewer,deepseek-v4-flash,BROWSER-2V2-PLAYABLE,tool/harness,,tool_failure,run_terminal_command outcome=error,,,~/.grok/sessions/<encoded-cwd>/01a00bb7-b7a5-74e3-a545-ba0127e7a794/events.jsonl
2ab0b29adc931aa4220e,2026-08-16T18:02:46.594Z,01a00bb7-b7a5-74e3-a545-ba0127e7a794,01a00b87-ab36-7323-b222-e2220a1122e2,,integration-reviewer-flash,integration reviewer,deepseek-v4-flash,BROWSER-2V2-PLAYABLE,tool/harness,,tool_failure,run_terminal_command outcome=error,,,~/.grok/sessions/<encoded-cwd>/01a00bb7-b7a5-74e3-a545-ba0127e7a794/events.jsonl
df4eaa1b6c7ae3943e20,2026-08-16T18:04:54.326Z,01a00b87-ab36-7323-b222-e2220a1122e2,,,grok-build-plan,parent/orchestrator,deepseek-v4-flash,BROWSER-2V2-MATCH-KEYBOARD,tool/harness,,tool_failure,run_terminal_command outcome=error,,,~/.grok/sessions/<encoded-cwd>/01a00b87-ab36-7323-b222-e2220a1122e2/events.jsonl
713edd327ddfa3659512,2026-08-16T18:05:41.797Z,01a00b87-ab36-7323-b222-e2220a1122e2,,,grok-build-plan,parent/orchestrator,deepseek-v4-flash,BROWSER-2V2-MATCH-KEYBOARD,tool/harness,,tool_failure,run_terminal_command outcome=error,,,~/.grok/sessions/<encoded-cwd>/01a00b87-ab36-7323-b222-e2220a1122e2/events.jsonl
7c4d6758a8d4204dd7cf,2026-08-16T18:06:29.925Z,01a00b87-ab36-7323-b222-e2220a1122e2,,,grok-build-plan,parent/orchestrator,deepseek-v4-flash,BROWSER-2V2-MATCH-KEYBOARD,tool/harness,,tool_failure,run_terminal_command outcome=error,,,~/.grok/sessions/<encoded-cwd>/01a00b87-ab36-7323-b222-e2220a1122e2/events.jsonl
77c22318c0f46bb94cf7,2026-08-16T18:07:41.300Z,01a00b87-ab36-7323-b222-e2220a1122e2,,,grok-build-plan,parent/orchestrator,deepseek-v4-flash,BROWSER-2V2-MATCH-KEYBOARD,tool/harness,,tool_failure,search_replace outcome=error,,,~/.grok/sessions/<encoded-cwd>/01a00b87-ab36-7323-b222-e2220a1122e2/events.jsonl
f9a80247f758ead60ff8,2026-08-16T18:09:28.523Z,01a00b87-ab36-7323-b222-e2220a1122e2,,,grok-build-plan,parent/orchestrator,deepseek-v4-flash,BROWSER-2V2-MATCH-KEYBOARD,tool/harness,,tool_failure,run_terminal_command outcome=error,,,~/.grok/sessions/<encoded-cwd>/01a00b87-ab36-7323-b222-e2220a1122e2/events.jsonl
4130c42b477325b3767e,2026-08-16T18:10:03.704Z,01a00b87-ab36-7323-b222-e2220a1122e2,,,grok-build-plan,parent/orchestrator,deepseek-v4-flash,BROWSER-2V2-MATCH-KEYBOARD,tool/harness,,tool_failure,search_replace outcome=error,,,~/.grok/sessions/<encoded-cwd>/01a00b87-ab36-7323-b222-e2220a1122e2/events.jsonl
4d063de47cea54e2814a,2026-08-16T18:10:25.624Z,01a00b87-ab36-7323-b222-e2220a1122e2,,,grok-build-plan,parent/orchestrator,deepseek-v4-flash,BROWSER-2V2-MATCH-KEYBOARD,tool/harness,,tool_failure,run_terminal_command outcome=error,,,~/.grok/sessions/<encoded-cwd>/01a00b87-ab36-7323-b222-e2220a1122e2/events.jsonl
1cab4a5680587114906b,2026-08-16T18:54:21.193Z,01a00be5-f44b-7371-82eb-cd859f321beb,01a00be4-52a6-7520-b555-e494029a4c5b,,builder-gameplay,builder,mimo-v2.5,CPU-TEAM-DECISION-PROFILE,tool/harness,,tool_failure,run_terminal_command outcome=error,,,~/.grok/sessions/<encoded-cwd>/01a00be5-f44b-7371-82eb-cd859f321beb/events.jsonl
efd7cd090a5ecc47a3bd,2026-08-16T18:57:08.641Z,01a00be5-f44b-7371-82eb-cd859f321beb,01a00be4-52a6-7520-b555-e494029a4c5b,,builder-gameplay,builder,mimo-v2.5,CPU-TEAM-DECISION-PROFILE,tool/harness,,tool_failure,run_terminal_command outcome=error,,,~/.grok/sessions/<encoded-cwd>/01a00be5-f44b-7371-82eb-cd859f321beb/events.jsonl
5c750136d7e72e2baac9,2026-08-16T18:59:20.227Z,01a00be5-f44b-7371-82eb-cd859f321beb,01a00be4-52a6-7520-b555-e494029a4c5b,,builder-gameplay,builder,mimo-v2.5,CPU-TEAM-DECISION-PROFILE,tool/harness,,tool_failure,run_terminal_command outcome=error,,,~/.grok/sessions/<encoded-cwd>/01a00be5-f44b-7371-82eb-cd859f321beb/events.jsonl
8a6bc1198f76282eeb12,2026-08-16T19:03:37.554Z,01a00be5-f44b-7371-82eb-cd859f321beb,01a00be4-52a6-7520-b555-e494029a4c5b,,builder-gameplay,builder,mimo-v2.5,CPU-TEAM-DECISION-PROFILE,tool/harness,,tool_failure,run_terminal_command outcome=error,,,~/.grok/sessions/<encoded-cwd>/01a00be5-f44b-7371-82eb-cd859f321beb/events.jsonl
77803bd6c1dc63a33b1e,2026-08-16T19:05:41.224Z,01a00be5-f44b-7371-82eb-cd859f321beb,01a00be4-52a6-7520-b555-e494029a4c5b,,builder-gameplay,builder,mimo-v2.5,CPU-TEAM-DECISION-PROFILE,tool/harness,,tool_failure,run_terminal_command outcome=error,,,~/.grok/sessions/<encoded-cwd>/01a00be5-f44b-7371-82eb-cd859f321beb/events.jsonl
79d97525b4c4362235cf,2026-08-16T19:07:44.818Z,01a00be5-f44b-7371-82eb-cd859f321beb,01a00be4-52a6-7520-b555-e494029a4c5b,,builder-gameplay,builder,mimo-v2.5,CPU-TEAM-DECISION-PROFILE,tool/harness,,tool_failure,run_terminal_command outcome=error,,,~/.grok/sessions/<encoded-cwd>/01a00be5-f44b-7371-82eb-cd859f321beb/events.jsonl
b8a9146ee1c566dd80d8,2026-08-16T19:09:52.866Z,01a00be5-f44b-7371-82eb-cd859f321beb,01a00be4-52a6-7520-b555-e494029a4c5b,,builder-gameplay,builder,mimo-v2.5,CPU-TEAM-DECISION-PROFILE,tool/harness,,tool_failure,run_terminal_command outcome=error,,,~/.grok/sessions/<encoded-cwd>/01a00be5-f44b-7371-82eb-cd859f321beb/events.jsonl
7bbe3bf43f9387ded972,2026-08-16T19:10:42.810Z,01a00be5-f44b-7371-82eb-cd859f321beb,01a00be4-52a6-7520-b555-e494029a4c5b,,builder-gameplay,builder,mimo-v2.5,CPU-TEAM-DECISION-PROFILE,tool/harness,,tool_failure,run_terminal_command outcome=error,,,~/.grok/sessions/<encoded-cwd>/01a00be5-f44b-7371-82eb-cd859f321beb/events.jsonl
c06dce0812807b5e31fc,2026-08-16T19:14:20.127357175Z,01a00bff-0aa5-7013-9c2f-40797aeb6fa7,01a00be4-52a6-7520-b555-e494029a4c5b,,critic,critic,deepseek-v4-flash-0731,CPU-TEAM-DECISION-PROFILE,subagent/harness,402,subagent_failed,"Session error: Internal error: {
  ""message"": ""API error (status 402 Payment Required): None: deepseek-v4-flash-0731 allowance exhausted: 500,447,721 of 500,000,000 tokens used in the current period, 0 left. The counter resets when your allowance period rolls over, on 2026-09-01 00:00 UTC, in 15d4h. Your remaining allowance is on the dashboard at cloud.nan.builders.…"",
  ""http_status"": 402
}",,failed,~/.grok/sessions/<encoded-cwd>/01a00be4-52a6-7520-b555-e494029a4c5b/subagents/01a00bff-0aa5-7013-9c2f-40797aeb6fa7/meta.json
1d23ad5477bb15f8f840,2026-08-16T19:21:03.587Z,01a00c02-be43-7c71-ae87-ef55a8ed3867,01a00be4-52a6-7520-b555-e494029a4c5b,,integration-reviewer-flash,integration reviewer,deepseek-v4-flash,CPU-TEAM-DECISION-PROFILE,tool/harness,,tool_failure,run_terminal_command outcome=error,,,~/.grok/sessions/<encoded-cwd>/01a00c02-be43-7c71-ae87-ef55a8ed3867/events.jsonl
11e6676ebf8904153294,2026-08-16T19:24:22.583Z,01a00c02-be43-7c71-ae87-ef55a8ed3867,01a00be4-52a6-7520-b555-e494029a4c5b,,integration-reviewer-flash,integration reviewer,deepseek-v4-flash,CPU-TEAM-DECISION-PROFILE,tool/harness,,tool_failure,run_terminal_command outcome=error,,,~/.grok/sessions/<encoded-cwd>/01a00c02-be43-7c71-ae87-ef55a8ed3867/events.jsonl
2540ea286302c72059fd,2026-08-16T19:28:42.171Z,01a00be4-52a6-7520-b555-e494029a4c5b,,,grok-build-plan,parent/orchestrator,deepseek-v4-flash,BROWSER-2V2-MATCH-KEYBOARD,tool/harness,,tool_failure,run_terminal_command outcome=error,,,~/.grok/sessions/<encoded-cwd>/01a00be4-52a6-7520-b555-e494029a4c5b/events.jsonl
ae55bbeac78a63c20a65,2026-08-16T19:29:21.570Z,01a00be4-52a6-7520-b555-e494029a4c5b,,,grok-build-plan,parent/orchestrator,deepseek-v4-flash,BROWSER-2V2-MATCH-KEYBOARD,tool/harness,,tool_failure,search_replace outcome=error,,,~/.grok/sessions/<encoded-cwd>/01a00be4-52a6-7520-b555-e494029a4c5b/events.jsonl
e1c04a64339fa6cf509e,2026-08-16T19:30:24.089Z,01a00be4-52a6-7520-b555-e494029a4c5b,,,grok-build-plan,parent/orchestrator,deepseek-v4-flash,BROWSER-2V2-MATCH-KEYBOARD,tool/harness,,tool_failure,search_replace outcome=error,,,~/.grok/sessions/<encoded-cwd>/01a00be4-52a6-7520-b555-e494029a4c5b/events.jsonl
c7d218d70f46e341b69c,2026-08-16T19:30:52.894Z,01a00be4-52a6-7520-b555-e494029a4c5b,,,grok-build-plan,parent/orchestrator,deepseek-v4-flash,BROWSER-2V2-MATCH-KEYBOARD,tool/harness,,tool_failure,run_terminal_command outcome=error,,,~/.grok/sessions/<encoded-cwd>/01a00be4-52a6-7520-b555-e494029a4c5b/events.jsonl
b0c22820d623ab5d9620,2026-08-16T19:32:32.408Z,01a00c0f-3db2-7fb3-8ba6-6f048ea50cf1,01a00be4-52a6-7520-b555-e494029a4c5b,,builder-structured,builder,qwen3.6,SCENARIO-3V3-FIXTURE,tool/harness,,tool_failure,read_file outcome=error,,,~/.grok/sessions/<encoded-cwd>/01a00c0f-3db2-7fb3-8ba6-6f048ea50cf1/events.jsonl
63a7febb54bcc1af433f,2026-08-16T19:32:35.866Z,01a00c0f-3db2-7fb3-8ba6-6f048ea50cf1,01a00be4-52a6-7520-b555-e494029a4c5b,,builder-structured,builder,qwen3.6,SCENARIO-3V3-FIXTURE,tool/harness,,tool_failure,list_dir outcome=error,,,~/.grok/sessions/<encoded-cwd>/01a00c0f-3db2-7fb3-8ba6-6f048ea50cf1/events.jsonl
be1667ab516c9883d7f4,2026-08-16T19:48:05.293Z,01a00c1c-d57d-7c33-b3e5-0f1bb129876c,01a00be4-52a6-7520-b555-e494029a4c5b,01a00c1c-d57d-7c33-b3e5-0f1bb129876c:00006,critic-flash,critic,deepseek-v4-flash,SCENARIO-3V3-FIXTURE,provider,,provider_retry,provider retry marker,1,,~/.grok/sessions/<encoded-cwd>/01a00c1c-d57d-7c33-b3e5-0f1bb129876c/chat_history.jsonl
9a136f9386dd7246c7f2,2026-08-16T19:50:06.208Z,01a00c1c-d57d-7c33-b3e5-0f1bb129876c,01a00be4-52a6-7520-b555-e494029a4c5b,,critic-flash,critic,deepseek-v4-flash,SCENARIO-3V3-FIXTURE,tool/harness,,tool_failure,run_terminal_command outcome=error,,,~/.grok/sessions/<encoded-cwd>/01a00c1c-d57d-7c33-b3e5-0f1bb129876c/events.jsonl
4862dd96ee96c4e51c76,2026-08-16T19:52:12.008Z,01a00c1c-d57d-7c33-b3e5-0f1bb129876c,01a00be4-52a6-7520-b555-e494029a4c5b,,critic-flash,critic,deepseek-v4-flash,SCENARIO-3V3-FIXTURE,tool/harness,,tool_failure,run_terminal_command outcome=error,,,~/.grok/sessions/<encoded-cwd>/01a00c1c-d57d-7c33-b3e5-0f1bb129876c/events.jsonl
5521a55685838d25f65b,2026-08-16T19:55:16.267Z,01a00c1c-d57d-7c33-b3e5-0f1bb129876c,01a00be4-52a6-7520-b555-e494029a4c5b,,critic-flash,critic,deepseek-v4-flash,SCENARIO-3V3-FIXTURE,tool/harness,,tool_failure,run_terminal_command outcome=error,,,~/.grok/sessions/<encoded-cwd>/01a00c1c-d57d-7c33-b3e5-0f1bb129876c/events.jsonl
0ba4e46f16602f6392f0,2026-08-16T20:05:06.650Z,01a00c2a-2511-7bb1-a172-624017317e60,01a00be4-52a6-7520-b555-e494029a4c5b,,integration-reviewer-flash,integration reviewer,deepseek-v4-flash,SCENARIO-3V3-FIXTURE,tool/harness,,tool_failure,run_terminal_command outcome=error,,,~/.grok/sessions/<encoded-cwd>/01a00c2a-2511-7bb1-a172-624017317e60/events.jsonl
aec6656a5d0dacac520a,2026-08-16T20:07:06.701Z,01a00c2a-2511-7bb1-a172-624017317e60,01a00be4-52a6-7520-b555-e494029a4c5b,,integration-reviewer-flash,integration reviewer,deepseek-v4-flash,SCENARIO-3V3-FIXTURE,tool/harness,,tool_failure,run_terminal_command outcome=error,,,~/.grok/sessions/<encoded-cwd>/01a00c2a-2511-7bb1-a172-624017317e60/events.jsonl
657589b74a2a58378869,2026-08-16T20:15:17.611Z,01a00be4-52a6-7520-b555-e494029a4c5b,,,grok-build-plan,parent/orchestrator,deepseek-v4-flash,BROWSER-2V2-MATCH-KEYBOARD,tool/harness,,tool_failure,run_terminal_command outcome=error,,,~/.grok/sessions/<encoded-cwd>/01a00be4-52a6-7520-b555-e494029a4c5b/events.jsonl
2d7d5c93ee23bdf36dfd,2026-08-16T20:16:23.632Z,01a00c37-b911-72e3-af86-3d9989ccb7b1,01a00be4-52a6-7520-b555-e494029a4c5b,,builder-structured,builder,qwen3.6,CPU-3V3-FORMATION,tool/harness,,tool_failure,read_file outcome=error,,,~/.grok/sessions/<encoded-cwd>/01a00c37-b911-72e3-af86-3d9989ccb7b1/events.jsonl
ab4f70ccc49984e43175,2026-08-16T20:26:23.783Z,01a00c37-b911-72e3-af86-3d9989ccb7b1,01a00be4-52a6-7520-b555-e494029a4c5b,,builder-structured,builder,qwen3.6,CPU-3V3-FORMATION,tool/harness,,tool_failure,run_terminal_command outcome=error,,,~/.grok/sessions/<encoded-cwd>/01a00c37-b911-72e3-af86-3d9989ccb7b1/events.jsonl
7115b088b85838aca240,2026-08-16T20:28:28.368Z,01a00c37-b911-72e3-af86-3d9989ccb7b1,01a00be4-52a6-7520-b555-e494029a4c5b,,builder-structured,builder,qwen3.6,CPU-3V3-FORMATION,tool/harness,,tool_failure,run_terminal_command outcome=error,,,~/.grok/sessions/<encoded-cwd>/01a00c37-b911-72e3-af86-3d9989ccb7b1/events.jsonl
8edb11576fc195ec2176,2026-08-16T20:31:03.931Z,01a00c37-b911-72e3-af86-3d9989ccb7b1,01a00be4-52a6-7520-b555-e494029a4c5b,,builder-structured,builder,qwen3.6,CPU-3V3-FORMATION,tool/harness,,tool_failure,read_file outcome=error,,,~/.grok/sessions/<encoded-cwd>/01a00c37-b911-72e3-af86-3d9989ccb7b1/events.jsonl
7f3b16c85fd6cd0fe88b,2026-08-16T20:31:40.483Z,01a00c37-b911-72e3-af86-3d9989ccb7b1,01a00be4-52a6-7520-b555-e494029a4c5b,,builder-structured,builder,qwen3.6,CPU-3V3-FORMATION,tool/harness,,tool_failure,run_terminal_command outcome=error,,,~/.grok/sessions/<encoded-cwd>/01a00c37-b911-72e3-af86-3d9989ccb7b1/events.jsonl
9e859a9a71b938f81e5d,2026-08-16T20:33:51.290Z,01a00c37-b911-72e3-af86-3d9989ccb7b1,01a00be4-52a6-7520-b555-e494029a4c5b,,builder-structured,builder,qwen3.6,CPU-3V3-FORMATION,tool/harness,,tool_failure,run_terminal_command outcome=error,,,~/.grok/sessions/<encoded-cwd>/01a00c37-b911-72e3-af86-3d9989ccb7b1/events.jsonl
e8c542cb1758bb816d95,2026-08-16T20:41:34.717Z,01a00c4b-7e5c-7e61-b03a-14033976246e,01a00be4-52a6-7520-b555-e494029a4c5b,,critic-flash,critic,deepseek-v4-flash,CPU-3V3-FORMATION,tool/harness,,tool_failure,run_terminal_command outcome=error,,,~/.grok/sessions/<encoded-cwd>/01a00c4b-7e5c-7e61-b03a-14033976246e/events.jsonl
40a01bfe08dc324e8240,2026-08-16T20:56:55.557Z,01a00c54-295b-7513-9083-22eb4f9343ac,01a00be4-52a6-7520-b555-e494029a4c5b,,integration-reviewer-flash,integration reviewer,deepseek-v4-flash,CPU-3V3-FORMATION,tool/harness,,tool_failure,run_terminal_command outcome=error,,,~/.grok/sessions/<encoded-cwd>/01a00c54-295b-7513-9083-22eb4f9343ac/events.jsonl
8235f6c06ff005c14740,2026-08-16T21:00:08.941Z,01a00c5f-9f07-71e3-a8b6-608ebbf431e1,01a00be4-52a6-7520-b555-e494029a4c5b,,builder-structured,builder,qwen3.6,CPU-3V3-TEAMPLAY,tool/harness,,tool_failure,read_file outcome=error,,,~/.grok/sessions/<encoded-cwd>/01a00c5f-9f07-71e3-a8b6-608ebbf431e1/events.jsonl
09dbcb0720ebf524e045,2026-08-16T21:04:48.924Z,01a00c5f-9f07-71e3-a8b6-608ebbf431e1,01a00be4-52a6-7520-b555-e494029a4c5b,,builder-structured,builder,qwen3.6,CPU-3V3-TEAMPLAY,tool/harness,,tool_failure,search_replace outcome=error,,,~/.grok/sessions/<encoded-cwd>/01a00c5f-9f07-71e3-a8b6-608ebbf431e1/events.jsonl
8dc5c9e20fbcc1ead0c6,2026-08-16T21:05:29.880Z,01a00c5f-9f07-71e3-a8b6-608ebbf431e1,01a00be4-52a6-7520-b555-e494029a4c5b,,builder-structured,builder,qwen3.6,CPU-3V3-TEAMPLAY,tool/harness,,tool_failure,search_replace outcome=error,,,~/.grok/sessions/<encoded-cwd>/01a00c5f-9f07-71e3-a8b6-608ebbf431e1/events.jsonl
837a309c6ff8dff4d614,2026-08-16T21:09:35.657Z,01a00c5f-9f07-71e3-a8b6-608ebbf431e1,01a00be4-52a6-7520-b555-e494029a4c5b,,builder-structured,builder,qwen3.6,CPU-3V3-TEAMPLAY,tool/harness,,tool_failure,run_terminal_command outcome=error,,,~/.grok/sessions/<encoded-cwd>/01a00c5f-9f07-71e3-a8b6-608ebbf431e1/events.jsonl
82d90373ed2ad578156f,2026-08-16T21:11:40.372Z,01a00c5f-9f07-71e3-a8b6-608ebbf431e1,01a00be4-52a6-7520-b555-e494029a4c5b,,builder-structured,builder,qwen3.6,CPU-3V3-TEAMPLAY,tool/harness,,tool_failure,run_terminal_command outcome=error,,,~/.grok/sessions/<encoded-cwd>/01a00c5f-9f07-71e3-a8b6-608ebbf431e1/events.jsonl
c4b1c9a548f01aa1393e,2026-08-16T21:14:44.161Z,01a00c5f-9f07-71e3-a8b6-608ebbf431e1,01a00be4-52a6-7520-b555-e494029a4c5b,,builder-structured,builder,qwen3.6,CPU-3V3-TEAMPLAY,tool/harness,,tool_failure,run_terminal_command outcome=error,,,~/.grok/sessions/<encoded-cwd>/01a00c5f-9f07-71e3-a8b6-608ebbf431e1/events.jsonl
5bb6610787348d9b5409,2026-08-16T21:18:21.112Z,01a00c5f-9f07-71e3-a8b6-608ebbf431e1,01a00be4-52a6-7520-b555-e494029a4c5b,,builder-structured,builder,qwen3.6,CPU-3V3-TEAMPLAY,tool/harness,,tool_failure,run_terminal_command outcome=error,,,~/.grok/sessions/<encoded-cwd>/01a00c5f-9f07-71e3-a8b6-608ebbf431e1/events.jsonl
882397e81d8d55207dff,2026-08-16T21:26:57.160Z,01a00c72-cc23-7882-924c-5fed68a90184,01a00be4-52a6-7520-b555-e494029a4c5b,,critic-flash,critic,deepseek-v4-flash,CPU-3V3-TEAMPLAY,tool/harness,,tool_failure,run_terminal_command outcome=error,,,~/.grok/sessions/<encoded-cwd>/01a00c72-cc23-7882-924c-5fed68a90184/events.jsonl
7ae345464142615677d2,2026-08-16T21:29:04.622Z,01a00c72-cc23-7882-924c-5fed68a90184,01a00be4-52a6-7520-b555-e494029a4c5b,,critic-flash,critic,deepseek-v4-flash,CPU-3V3-TEAMPLAY,tool/harness,,tool_failure,run_terminal_command outcome=error,,,~/.grok/sessions/<encoded-cwd>/01a00c72-cc23-7882-924c-5fed68a90184/events.jsonl
f597436e7e0770c4c612,2026-08-16T21:36:39.923Z,01a00c7f-1824-7043-a258-74396d1cee93,01a00be4-52a6-7520-b555-e494029a4c5b,,integration-reviewer-flash,integration reviewer,deepseek-v4-flash,CPU-3V3-TEAMPLAY,tool/harness,,tool_failure,run_terminal_command outcome=error,,,~/.grok/sessions/<encoded-cwd>/01a00c7f-1824-7043-a258-74396d1cee93/events.jsonl
7f4a0b1057939da11792,2026-08-16T21:36:39.999Z,01a00c7f-1824-7043-a258-74396d1cee93,01a00be4-52a6-7520-b555-e494029a4c5b,,integration-reviewer-flash,integration reviewer,deepseek-v4-flash,CPU-3V3-TEAMPLAY,tool/harness,,tool_failure,run_terminal_command outcome=error,,,~/.grok/sessions/<encoded-cwd>/01a00c7f-1824-7043-a258-74396d1cee93/events.jsonl
a8155a1ebc578fd23fba,2026-08-16T21:42:08.802Z,01a00be4-52a6-7520-b555-e494029a4c5b,,,grok-build-plan,parent/orchestrator,deepseek-v4-flash,BROWSER-2V2-MATCH-KEYBOARD,tool/harness,,tool_failure,search_replace outcome=error,,,~/.grok/sessions/<encoded-cwd>/01a00be4-52a6-7520-b555-e494029a4c5b/events.jsonl
e777402556f182de391b,2026-08-16T21:44:00.120Z,01a00c87-e878-7c71-a2c6-307345373684,01a00be4-52a6-7520-b555-e494029a4c5b,,builder-structured,builder,qwen3.6,MATCH-SET-PIECE,tool/harness,,tool_failure,read_file outcome=error,,,~/.grok/sessions/<encoded-cwd>/01a00c87-e878-7c71-a2c6-307345373684/events.jsonl
6091ab61046a2fe9d779,2026-08-16T21:44:23.222Z,01a00c87-e878-7c71-a2c6-307345373684,01a00be4-52a6-7520-b555-e494029a4c5b,,builder-structured,builder,qwen3.6,MATCH-SET-PIECE,tool/harness,,tool_failure,read_file outcome=error,,,~/.grok/sessions/<encoded-cwd>/01a00c87-e878-7c71-a2c6-307345373684/events.jsonl
e026ebc0ca7b5ae68775,2026-08-16T21:46:25.346Z,01a00c87-e878-7c71-a2c6-307345373684,01a00be4-52a6-7520-b555-e494029a4c5b,,builder-structured,builder,qwen3.6,MATCH-SET-PIECE,tool/harness,,tool_failure,search_replace outcome=error,,,~/.grok/sessions/<encoded-cwd>/01a00c87-e878-7c71-a2c6-307345373684/events.jsonl
ddaeab0a990550d49f2e,2026-08-16T21:52:51.532Z,01a00c87-e878-7c71-a2c6-307345373684,01a00be4-52a6-7520-b555-e494029a4c5b,,builder-structured,builder,qwen3.6,MATCH-SET-PIECE,tool/harness,,tool_failure,search_replace outcome=error,,,~/.grok/sessions/<encoded-cwd>/01a00c87-e878-7c71-a2c6-307345373684/events.jsonl
d0b4e46121c6664ce14a,2026-08-16T21:53:30.988Z,01a00c87-e878-7c71-a2c6-307345373684,01a00be4-52a6-7520-b555-e494029a4c5b,,builder-structured,builder,qwen3.6,MATCH-SET-PIECE,tool/harness,,tool_failure,search_replace outcome=error,,,~/.grok/sessions/<encoded-cwd>/01a00c87-e878-7c71-a2c6-307345373684/events.jsonl
a1d04ad99330bbd89aff,2026-08-16T21:54:59.249Z,01a00c87-e878-7c71-a2c6-307345373684,01a00be4-52a6-7520-b555-e494029a4c5b,,builder-structured,builder,qwen3.6,MATCH-SET-PIECE,tool/harness,,tool_failure,search_replace outcome=error,,,~/.grok/sessions/<encoded-cwd>/01a00c87-e878-7c71-a2c6-307345373684/events.jsonl
4d40fd2ac0f427d3db0f,2026-08-16T22:03:03.592Z,01a00c87-e878-7c71-a2c6-307345373684,01a00be4-52a6-7520-b555-e494029a4c5b,,builder-structured,builder,qwen3.6,MATCH-SET-PIECE,tool/harness,,tool_failure,run_terminal_command outcome=error,,,~/.grok/sessions/<encoded-cwd>/01a00c87-e878-7c71-a2c6-307345373684/events.jsonl
13c854548e1423589ae8,2026-08-16T22:04:03.091Z,01a00c87-e878-7c71-a2c6-307345373684,01a00be4-52a6-7520-b555-e494029a4c5b,,builder-structured,builder,qwen3.6,MATCH-SET-PIECE,tool/harness,,tool_failure,search_replace outcome=error,,,~/.grok/sessions/<encoded-cwd>/01a00c87-e878-7c71-a2c6-307345373684/events.jsonl
adc794e709eed53f8305,2026-08-16T22:04:32.014Z,01a00c87-e878-7c71-a2c6-307345373684,01a00be4-52a6-7520-b555-e494029a4c5b,,builder-structured,builder,qwen3.6,MATCH-SET-PIECE,tool/harness,,tool_failure,run_terminal_command outcome=error,,,~/.grok/sessions/<encoded-cwd>/01a00c87-e878-7c71-a2c6-307345373684/events.jsonl
7ab2ad8c7ab74a302879,2026-08-16T22:05:37.121Z,01a00c87-e878-7c71-a2c6-307345373684,01a00be4-52a6-7520-b555-e494029a4c5b,,builder-structured,builder,qwen3.6,MATCH-SET-PIECE,tool/harness,,tool_failure,run_terminal_command outcome=error,,,~/.grok/sessions/<encoded-cwd>/01a00c87-e878-7c71-a2c6-307345373684/events.jsonl
2f2d385ae0bfa96b5078,2026-08-16T22:13:48.652Z,01a00c9e-42e5-7403-bb50-24a8190bf844,01a00be4-52a6-7520-b555-e494029a4c5b,,integration-reviewer-flash,integration reviewer,deepseek-v4-flash,MATCH-SET-PIECE,tool/harness,,tool_failure,run_terminal_command outcome=error,,,~/.grok/sessions/<encoded-cwd>/01a00c9e-42e5-7403-bb50-24a8190bf844/events.jsonl
162ce061229f0081bfea,2026-08-16T22:17:38.168Z,01a00be4-52a6-7520-b555-e494029a4c5b,,,grok-build-plan,parent/orchestrator,deepseek-v4-flash,BROWSER-2V2-MATCH-KEYBOARD,tool/harness,,tool_failure,search_replace outcome=error,,,~/.grok/sessions/<encoded-cwd>/01a00be4-52a6-7520-b555-e494029a4c5b/events.jsonl
8035ee69a9f2d1e821a4,2026-08-16T22:19:33.482Z,01a00ca8-6968-7461-9818-951f5387a94c,01a00be4-52a6-7520-b555-e494029a4c5b,,builder-gameplay,builder,mimo-v2.5,BROWSER-3V3-MATCH,tool/harness,,tool_failure,read_file outcome=error,,,~/.grok/sessions/<encoded-cwd>/01a00ca8-6968-7461-9818-951f5387a94c/events.jsonl
82e71f18e74abfd770c5,2026-08-16T22:19:48.751Z,01a00ca8-6968-7461-9818-951f5387a94c,01a00be4-52a6-7520-b555-e494029a4c5b,,builder-gameplay,builder,mimo-v2.5,BROWSER-3V3-MATCH,tool/harness,,tool_failure,read_file outcome=error,,,~/.grok/sessions/<encoded-cwd>/01a00ca8-6968-7461-9818-951f5387a94c/events.jsonl
2a7a054cb5b73bdf230e,2026-08-16T22:19:48.857Z,01a00ca8-6968-7461-9818-951f5387a94c,01a00be4-52a6-7520-b555-e494029a4c5b,,builder-gameplay,builder,mimo-v2.5,BROWSER-3V3-MATCH,tool/harness,,tool_failure,read_file outcome=error,,,~/.grok/sessions/<encoded-cwd>/01a00ca8-6968-7461-9818-951f5387a94c/events.jsonl
d6ed20463c22c181f349,2026-08-16T22:25:34.460Z,01a00ca8-6968-7461-9818-951f5387a94c,01a00be4-52a6-7520-b555-e494029a4c5b,,builder-gameplay,builder,mimo-v2.5,BROWSER-3V3-MATCH,tool/harness,,tool_failure,run_terminal_command outcome=error,,,~/.grok/sessions/<encoded-cwd>/01a00ca8-6968-7461-9818-951f5387a94c/events.jsonl
ad4779d762f2ffdd7d1d,2026-08-16T22:32:59.041Z,01a00ca8-6968-7461-9818-951f5387a94c,01a00be4-52a6-7520-b555-e494029a4c5b,,builder-gameplay,builder,mimo-v2.5,BROWSER-3V3-MATCH,tool/harness,,tool_failure,run_terminal_command outcome=error,,,~/.grok/sessions/<encoded-cwd>/01a00ca8-6968-7461-9818-951f5387a94c/events.jsonl
6a2c74c117d9417d8940,2026-08-16T22:33:43.865Z,01a00ca8-6968-7461-9818-951f5387a94c,01a00be4-52a6-7520-b555-e494029a4c5b,,builder-gameplay,builder,mimo-v2.5,BROWSER-3V3-MATCH,tool/harness,,tool_failure,run_terminal_command outcome=error,,,~/.grok/sessions/<encoded-cwd>/01a00ca8-6968-7461-9818-951f5387a94c/events.jsonl
dace19e0cb05ccb0153d,2026-08-16T22:35:55.766Z,01a00ca8-6968-7461-9818-951f5387a94c,01a00be4-52a6-7520-b555-e494029a4c5b,,builder-gameplay,builder,mimo-v2.5,BROWSER-3V3-MATCH,tool/harness,,tool_failure,run_terminal_command outcome=error,,,~/.grok/sessions/<encoded-cwd>/01a00ca8-6968-7461-9818-951f5387a94c/events.jsonl
7868eff50b04366f4ac4,2026-08-16T22:40:19.665484870Z,01a00ca8-6968-7461-9818-951f5387a94c,01a00be4-52a6-7520-b555-e494029a4c5b,,builder-gameplay,builder,mimo-v2.5,BROWSER-3V3-MATCH,subagent/harness,400,subagent_failed,"Session error: Internal error: {
  ""message"": ""API error (status 400 Bad Request): None: Invalid request. Check your request parameters."",
  ""http_status"": 400,
  ""promptUsage"": {
    ""inputTokens"": 6635079,
    ""outputTokens"": 37808,
    ""totalTokens"": 6672887,
    ""cachedReadTokens"": 6511424,
    ""cacheCreationTokens"": 0,
    ""reasoningTokens"": 15653,
    ""modelCalls"": 94,
    ""apiDurationMs"": 857099,
    ""modelUsage"": {
      ""mimo-v2.5"": {
        ""inputTokens"": 6635079,
        ""outputToken",,failed,~/.grok/sessions/<encoded-cwd>/01a00be4-52a6-7520-b555-e494029a4c5b/subagents/01a00ca8-6968-7461-9818-951f5387a94c/meta.json
38a2b51a4ce97438869c,2026-08-16T22:59:46.599Z,01a00be4-52a6-7520-b555-e494029a4c5b,,,grok-build-plan,parent/orchestrator,deepseek-v4-flash,BROWSER-2V2-MATCH-KEYBOARD,tool/harness,,tool_failure,search_replace outcome=error,,,~/.grok/sessions/<encoded-cwd>/01a00be4-52a6-7520-b555-e494029a4c5b/events.jsonl
a558667e713226833628,2026-08-16T23:00:55.349Z,01a00be4-52a6-7520-b555-e494029a4c5b,,,grok-build-plan,parent/orchestrator,deepseek-v4-flash,BROWSER-2V2-MATCH-KEYBOARD,tool/harness,,tool_failure,run_terminal_command outcome=error,,,~/.grok/sessions/<encoded-cwd>/01a00be4-52a6-7520-b555-e494029a4c5b/events.jsonl
14574f7d4ed345c6265f,2026-08-16T23:01:20.498Z,01a00be4-52a6-7520-b555-e494029a4c5b,,,grok-build-plan,parent/orchestrator,deepseek-v4-flash,BROWSER-2V2-MATCH-KEYBOARD,tool/harness,,tool_failure,run_terminal_command outcome=error,,,~/.grok/sessions/<encoded-cwd>/01a00be4-52a6-7520-b555-e494029a4c5b/events.jsonl
8d250ae0fa67dc2a21f4,2026-08-16T23:06:15.505Z,01a00cd0-85d4-7f11-8eab-cb417598818c,01a00be4-52a6-7520-b555-e494029a4c5b,,builder-structured,builder,qwen3.6,MATCH-TIMER-ENFORCEMENT,tool/harness,,tool_failure,search_replace outcome=error,,,~/.grok/sessions/<encoded-cwd>/01a00cd0-85d4-7f11-8eab-cb417598818c/events.jsonl
2d2ab7f4cbaabe9e72c5,2026-08-16T23:07:13.066Z,01a00cd0-85d4-7f11-8eab-cb417598818c,01a00be4-52a6-7520-b555-e494029a4c5b,,builder-structured,builder,qwen3.6,MATCH-TIMER-ENFORCEMENT,tool/harness,,tool_failure,search_replace outcome=error,,,~/.grok/sessions/<encoded-cwd>/01a00cd0-85d4-7f11-8eab-cb417598818c/events.jsonl
10d051523c930dc43620,2026-08-16T23:11:07.524Z,01a00cd0-85d4-7f11-8eab-cb417598818c,01a00be4-52a6-7520-b555-e494029a4c5b,,builder-structured,builder,qwen3.6,MATCH-TIMER-ENFORCEMENT,tool/harness,,tool_failure,run_terminal_command outcome=error,,,~/.grok/sessions/<encoded-cwd>/01a00cd0-85d4-7f11-8eab-cb417598818c/events.jsonl
382590d7fc97a1e00354,2026-08-16T23:20:52.887Z,01a00cd0-85d4-7f11-8eab-cb417598818c,01a00be4-52a6-7520-b555-e494029a4c5b,,builder-structured,builder,qwen3.6,MATCH-TIMER-ENFORCEMENT,tool/harness,,tool_failure,run_terminal_command outcome=error,,,~/.grok/sessions/<encoded-cwd>/01a00cd0-85d4-7f11-8eab-cb417598818c/events.jsonl
cadd7c636c5284184712,2026-08-16T23:20:57.151Z,01a00cd0-85d4-7f11-8eab-cb417598818c,01a00be4-52a6-7520-b555-e494029a4c5b,,builder-structured,builder,qwen3.6,MATCH-TIMER-ENFORCEMENT,tool/harness,,tool_failure,run_terminal_command outcome=error,,,~/.grok/sessions/<encoded-cwd>/01a00cd0-85d4-7f11-8eab-cb417598818c/events.jsonl
d7ae46ce0414463fbac6,2026-08-16T23:26:03.983Z,01a00cd0-85d4-7f11-8eab-cb417598818c,01a00be4-52a6-7520-b555-e494029a4c5b,,builder-structured,builder,qwen3.6,MATCH-TIMER-ENFORCEMENT,tool/harness,,tool_failure,run_terminal_command outcome=error,,,~/.grok/sessions/<encoded-cwd>/01a00cd0-85d4-7f11-8eab-cb417598818c/events.jsonl
6d46d0e63ef39e714d42,2026-08-16T23:39:02.818Z,01a00cec-6b30-75b1-9c6c-4af71f6e6fae,01a00be4-52a6-7520-b555-e494029a4c5b,,critic-flash,critic,deepseek-v4-flash,MATCH-TIMER-ENFORCEMENT,tool/harness,,tool_failure,run_terminal_command outcome=error,,,~/.grok/sessions/<encoded-cwd>/01a00cec-6b30-75b1-9c6c-4af71f6e6fae/events.jsonl
b2f150dfcd12d58e6c6d,2026-08-17T05:26:36.334Z,01a00e2b-cb4a-7c50-a739-09a79d824530,,,grok-build-plan,parent/orchestrator,deepseek-v4-flash,SCENARIO-3V3-FIXTURE,tool/harness,,tool_failure,run_terminal_command outcome=error,,,~/.grok/sessions/<encoded-cwd>/01a00e2b-cb4a-7c50-a739-09a79d824530/events.jsonl
f3cda3e96479a2864c10,2026-08-17T05:32:47.799Z,01a00e2b-cb4a-7c50-a739-09a79d824530,,01a00e2b-cb4a-7c50-a739-09a79d824530:00018,orchestrator-deepseek,parent/orchestrator,deepseek-v4-flash,MATCH-TIMER-ENFORCEMENT,provider,403,provider_http_error,"HTTP 403: System error, please try again later.",0,,~/.grok/sessions/<encoded-cwd>/01a00e2b-cb4a-7c50-a739-09a79d824530/chat_history.jsonl
537bba43e18469bf1dfd,2026-08-17T05:32:51.485Z,01a00e2b-cb4a-7c50-a739-09a79d824530,,01a00e2b-cb4a-7c50-a739-09a79d824530:00019,orchestrator-deepseek,parent/orchestrator,deepseek-v4-flash,MATCH-TIMER-ENFORCEMENT,provider,403,provider_http_error,"HTTP 403: System error, please try again later.",0,,~/.grok/sessions/<encoded-cwd>/01a00e2b-cb4a-7c50-a739-09a79d824530/chat_history.jsonl
16600190979c2c95d924,2026-08-17T11:38:40.668783387Z,01a00f84-3aef-7843-a8fe-810a61a3ed08,01a00e2b-cb4a-7c50-a739-09a79d824530,,critic,critic,deepseek-v4-flash-0731,MATCH-TIMER-ENFORCEMENT,subagent/harness,402,subagent_failed,"Session error: Internal error: {
  ""message"": ""API error (status 402 Payment Required): None: deepseek-v4-flash-0731 allowance exhausted: 500,447,721 of 500,000,000 tokens used in the current period, 0 left. The counter resets when your allowance period rolls over, on 2026-09-01 00:00 UTC, in 14d12h. Your remaining allowance is on the dashboard at cloud.nan.builders…"",
  ""http_status"": 402
}",,failed,~/.grok/sessions/<encoded-cwd>/01a00e2b-cb4a-7c50-a739-09a79d824530/subagents/01a00f84-3aef-7843-a8fe-810a61a3ed08/meta.json
e68cb80fb81df95b25f4,2026-08-17T11:47:08.163Z,01a00f84-a6ea-77b0-8762-e03c962f5f61,01a00e2b-cb4a-7c50-a739-09a79d824530,,critic-flash,critic,deepseek-v4-flash,MATCH-TIMER-ENFORCEMENT,tool/harness,,tool_failure,run_terminal_command outcome=error,,,~/.grok/sessions/<encoded-cwd>/01a00f84-a6ea-77b0-8762-e03c962f5f61/events.jsonl
f35e8501adf7a931c0d8,2026-08-17T11:47:08.247Z,01a00f84-a6ea-77b0-8762-e03c962f5f61,01a00e2b-cb4a-7c50-a739-09a79d824530,,critic-flash,critic,deepseek-v4-flash,MATCH-TIMER-ENFORCEMENT,tool/harness,,tool_failure,run_terminal_command outcome=error,,,~/.grok/sessions/<encoded-cwd>/01a00f84-a6ea-77b0-8762-e03c962f5f61/events.jsonl
85e7020c8a66a21c389b,2026-08-17T11:49:53.784Z,01a00f84-a6ea-77b0-8762-e03c962f5f61,01a00e2b-cb4a-7c50-a739-09a79d824530,,critic-flash,critic,deepseek-v4-flash,MATCH-TIMER-ENFORCEMENT,tool/harness,,tool_failure,run_terminal_command outcome=error,,,~/.grok/sessions/<encoded-cwd>/01a00f84-a6ea-77b0-8762-e03c962f5f61/events.jsonl
b4b4b0c99b83a924eadb,2026-08-17T11:50:03.812Z,01a00f84-a6ea-77b0-8762-e03c962f5f61,01a00e2b-cb4a-7c50-a739-09a79d824530,,critic-flash,critic,deepseek-v4-flash,MATCH-TIMER-ENFORCEMENT,tool/harness,,tool_failure,run_terminal_command outcome=error,,,~/.grok/sessions/<encoded-cwd>/01a00f84-a6ea-77b0-8762-e03c962f5f61/events.jsonl
5a72cd5cb1e4a3405c4b,2026-08-17T11:55:19.386Z,01a00f91-381c-7230-ab9c-e5dc83d51afd,01a00e2b-cb4a-7c50-a739-09a79d824530,,integration-reviewer-flash,integration reviewer,deepseek-v4-flash,MATCH-TIMER-ENFORCEMENT,tool/harness,,tool_failure,run_terminal_command outcome=error,,,~/.grok/sessions/<encoded-cwd>/01a00f91-381c-7230-ab9c-e5dc83d51afd/events.jsonl
82d333a8bc24323dc10b,2026-08-17T12:10:15.755Z,01a00e2b-cb4a-7c50-a739-09a79d824530,,,grok-build-plan,parent/orchestrator,deepseek-v4-flash,SCENARIO-3V3-FIXTURE,tool/harness,,tool_failure,search_replace outcome=error,,,~/.grok/sessions/<encoded-cwd>/01a00e2b-cb4a-7c50-a739-09a79d824530/events.jsonl
6d067e411bc6ec398d28,2026-08-17T12:10:26.870Z,01a00e2b-cb4a-7c50-a739-09a79d824530,,,grok-build-plan,parent/orchestrator,deepseek-v4-flash,SCENARIO-3V3-FIXTURE,tool/harness,,tool_failure,search_replace outcome=error,,,~/.grok/sessions/<encoded-cwd>/01a00e2b-cb4a-7c50-a739-09a79d824530/events.jsonl
6ed2c66dd9c1dce1d9a5,2026-08-17T12:12:15.162Z,01a00e2b-cb4a-7c50-a739-09a79d824530,,,grok-build-plan,parent/orchestrator,deepseek-v4-flash,SCENARIO-3V3-FIXTURE,tool/harness,,tool_failure,search_replace outcome=error,,,~/.grok/sessions/<encoded-cwd>/01a00e2b-cb4a-7c50-a739-09a79d824530/events.jsonl
d031cb2adf750f3ca44e,2026-08-17T12:26:40.730Z,01a00fa6-a9cd-75d0-b358-8ddda8ef7b69,01a00e2b-cb4a-7c50-a739-09a79d824530,,builder-gameplay,builder,mimo-v2.5,CPU-DEFENSIVE-IMPROVEMENT,tool/harness,,tool_failure,run_terminal_command outcome=error,,,~/.grok/sessions/<encoded-cwd>/01a00fa6-a9cd-75d0-b358-8ddda8ef7b69/events.jsonl
640891921c901007fce9,2026-08-17T12:28:12.389Z,01a00fa6-a9cd-75d0-b358-8ddda8ef7b69,01a00e2b-cb4a-7c50-a739-09a79d824530,,builder-gameplay,builder,mimo-v2.5,CPU-DEFENSIVE-IMPROVEMENT,tool/harness,,tool_failure,run_terminal_command outcome=error,,,~/.grok/sessions/<encoded-cwd>/01a00fa6-a9cd-75d0-b358-8ddda8ef7b69/events.jsonl
46237a81c9a0f8e4008b,2026-08-17T12:28:55.921Z,01a00fa6-a9cd-75d0-b358-8ddda8ef7b69,01a00e2b-cb4a-7c50-a739-09a79d824530,,builder-gameplay,builder,mimo-v2.5,CPU-DEFENSIVE-IMPROVEMENT,tool/harness,,tool_failure,run_terminal_command outcome=error,,,~/.grok/sessions/<encoded-cwd>/01a00fa6-a9cd-75d0-b358-8ddda8ef7b69/events.jsonl
b5d97881d2729204be3d,2026-08-17T12:29:10.211Z,01a00fa6-a9cd-75d0-b358-8ddda8ef7b69,01a00e2b-cb4a-7c50-a739-09a79d824530,,builder-gameplay,builder,mimo-v2.5,CPU-DEFENSIVE-IMPROVEMENT,tool/harness,,tool_failure,run_terminal_command outcome=error,,,~/.grok/sessions/<encoded-cwd>/01a00fa6-a9cd-75d0-b358-8ddda8ef7b69/events.jsonl
2a32b7addbdcff7444ef,2026-08-17T12:32:37.323Z,01a00fa6-a9cd-75d0-b358-8ddda8ef7b69,01a00e2b-cb4a-7c50-a739-09a79d824530,,builder-gameplay,builder,mimo-v2.5,CPU-DEFENSIVE-IMPROVEMENT,tool/harness,,tool_failure,run_terminal_command outcome=error,,,~/.grok/sessions/<encoded-cwd>/01a00fa6-a9cd-75d0-b358-8ddda8ef7b69/events.jsonl
2004f9a2e8a51a57ca57,2026-08-17T12:33:45.241Z,01a00fa6-a9cd-75d0-b358-8ddda8ef7b69,01a00e2b-cb4a-7c50-a739-09a79d824530,,builder-gameplay,builder,mimo-v2.5,CPU-DEFENSIVE-IMPROVEMENT,tool/harness,,tool_failure,run_terminal_command outcome=error,,,~/.grok/sessions/<encoded-cwd>/01a00fa6-a9cd-75d0-b358-8ddda8ef7b69/events.jsonl
edfc3f69615c5e6a32a7,2026-08-17T12:38:44.807Z,01a00fa6-a9cd-75d0-b358-8ddda8ef7b69,01a00e2b-cb4a-7c50-a739-09a79d824530,,builder-gameplay,builder,mimo-v2.5,CPU-DEFENSIVE-IMPROVEMENT,tool/harness,,tool_failure,run_terminal_command outcome=error,,,~/.grok/sessions/<encoded-cwd>/01a00fa6-a9cd-75d0-b358-8ddda8ef7b69/events.jsonl
1509de640193cff5ea7f,2026-08-17T12:42:35.363Z,01a00fa6-a9cd-75d0-b358-8ddda8ef7b69,01a00e2b-cb4a-7c50-a739-09a79d824530,,builder-gameplay,builder,mimo-v2.5,CPU-DEFENSIVE-IMPROVEMENT,tool/harness,,tool_failure,run_terminal_command outcome=error,,,~/.grok/sessions/<encoded-cwd>/01a00fa6-a9cd-75d0-b358-8ddda8ef7b69/events.jsonl
7ec4c8440bb3f6665c00,2026-08-17T12:45:16.752Z,01a00fa6-a9cd-75d0-b358-8ddda8ef7b69,01a00e2b-cb4a-7c50-a739-09a79d824530,,builder-gameplay,builder,mimo-v2.5,CPU-DEFENSIVE-IMPROVEMENT,tool/harness,,tool_failure,run_terminal_command outcome=error,,,~/.grok/sessions/<encoded-cwd>/01a00fa6-a9cd-75d0-b358-8ddda8ef7b69/events.jsonl
9bb4c693f38c1e40bba3,2026-08-17T12:47:23.437Z,01a00fa6-a9cd-75d0-b358-8ddda8ef7b69,01a00e2b-cb4a-7c50-a739-09a79d824530,,builder-gameplay,builder,mimo-v2.5,CPU-DEFENSIVE-IMPROVEMENT,tool/harness,,tool_failure,run_terminal_command outcome=error,,,~/.grok/sessions/<encoded-cwd>/01a00fa6-a9cd-75d0-b358-8ddda8ef7b69/events.jsonl
d713393f9d13b220f7b7,2026-08-17T12:52:31.589Z,01a00fa6-a9cd-75d0-b358-8ddda8ef7b69,01a00e2b-cb4a-7c50-a739-09a79d824530,,builder-gameplay,builder,mimo-v2.5,CPU-DEFENSIVE-IMPROVEMENT,tool/harness,,tool_failure,run_terminal_command outcome=error,,,~/.grok/sessions/<encoded-cwd>/01a00fa6-a9cd-75d0-b358-8ddda8ef7b69/events.jsonl
c633f1803ff6e410fe7e,2026-08-17T12:58:07.353Z,01a00fa6-a9cd-75d0-b358-8ddda8ef7b69,01a00e2b-cb4a-7c50-a739-09a79d824530,,builder-gameplay,builder,mimo-v2.5,CPU-DEFENSIVE-IMPROVEMENT,tool/harness,,tool_failure,run_terminal_command outcome=error,,,~/.grok/sessions/<encoded-cwd>/01a00fa6-a9cd-75d0-b358-8ddda8ef7b69/events.jsonl
666189b6d98bf949382f,2026-08-17T13:03:51.717Z,01a00fce-eb1c-7933-b718-0fdcc87f339e,01a00e2b-cb4a-7c50-a739-09a79d824530,,critic-flash,critic,deepseek-v4-flash,CPU-DEFENSIVE-IMPROVEMENT,tool/harness,,tool_failure,run_terminal_command outcome=error,,,~/.grok/sessions/<encoded-cwd>/01a00fce-eb1c-7933-b718-0fdcc87f339e/events.jsonl
faf3e3b6c821e421a951,2026-08-17T13:04:30.105Z,01a00fce-eb1c-7933-b718-0fdcc87f339e,01a00e2b-cb4a-7c50-a739-09a79d824530,,critic-flash,critic,deepseek-v4-flash,CPU-DEFENSIVE-IMPROVEMENT,tool/harness,,tool_failure,run_terminal_command outcome=error,,,~/.grok/sessions/<encoded-cwd>/01a00fce-eb1c-7933-b718-0fdcc87f339e/events.jsonl
94b81880befb762a5040,2026-08-17T13:09:48.902Z,01a00fce-eb1c-7933-b718-0fdcc87f339e,01a00e2b-cb4a-7c50-a739-09a79d824530,01a00fce-eb1c-7933-b718-0fdcc87f339e:00018,critic-flash,critic,deepseek-v4-flash,CPU-DEFENSIVE-IMPROVEMENT,provider,,provider_retry,provider retry marker,1,,~/.grok/sessions/<encoded-cwd>/01a00fce-eb1c-7933-b718-0fdcc87f339e/chat_history.jsonl
2df53256ef1f1fc3c312,2026-08-17T13:14:58.328Z,01a00fce-eb1c-7933-b718-0fdcc87f339e,01a00e2b-cb4a-7c50-a739-09a79d824530,,critic-flash,critic,deepseek-v4-flash,CPU-DEFENSIVE-IMPROVEMENT,tool/harness,,tool_failure,run_terminal_command outcome=error,,,~/.grok/sessions/<encoded-cwd>/01a00fce-eb1c-7933-b718-0fdcc87f339e/events.jsonl
8fe732f6f70d25a77653,2026-08-17T13:20:05.236Z,01a00fce-eb1c-7933-b718-0fdcc87f339e,01a00e2b-cb4a-7c50-a739-09a79d824530,,critic-flash,critic,deepseek-v4-flash,CPU-DEFENSIVE-IMPROVEMENT,tool/harness,,tool_failure,run_terminal_command outcome=error,,,~/.grok/sessions/<encoded-cwd>/01a00fce-eb1c-7933-b718-0fdcc87f339e/events.jsonl
98ad32dd1f774121d689,2026-08-17T13:25:10.194Z,01a00fce-eb1c-7933-b718-0fdcc87f339e,01a00e2b-cb4a-7c50-a739-09a79d824530,,critic-flash,critic,deepseek-v4-flash,CPU-DEFENSIVE-IMPROVEMENT,tool/harness,,tool_failure,run_terminal_command outcome=error,,,~/.grok/sessions/<encoded-cwd>/01a00fce-eb1c-7933-b718-0fdcc87f339e/events.jsonl
e697f1ebe67d1d967555,2026-08-17T13:30:14.357Z,01a00fce-eb1c-7933-b718-0fdcc87f339e,01a00e2b-cb4a-7c50-a739-09a79d824530,,critic-flash,critic,deepseek-v4-flash,CPU-DEFENSIVE-IMPROVEMENT,tool/harness,,tool_failure,run_terminal_command outcome=error,,,~/.grok/sessions/<encoded-cwd>/01a00fce-eb1c-7933-b718-0fdcc87f339e/events.jsonl
56a8379dcd495270de88,2026-08-17T13:34:05.054Z,01a00feb-555d-7123-9df5-08737908ec4e,01a00e2b-cb4a-7c50-a739-09a79d824530,,integration-reviewer-flash,integration reviewer,deepseek-v4-flash,CPU-DEFENSIVE-IMPROVEMENT,tool/harness,,tool_failure,run_terminal_command outcome=error,,,~/.grok/sessions/<encoded-cwd>/01a00feb-555d-7123-9df5-08737908ec4e/events.jsonl
4e3eb5aaf81e0ba288a1,2026-08-17T13:35:54.436Z,01a00e2b-cb4a-7c50-a739-09a79d824530,,,grok-build-plan,parent/orchestrator,deepseek-v4-flash,SCENARIO-3V3-FIXTURE,tool/harness,,tool_failure,search_replace outcome=error,,,~/.grok/sessions/<encoded-cwd>/01a00e2b-cb4a-7c50-a739-09a79d824530/events.jsonl
ca7617c71ddd3715767b,2026-08-17T13:37:02.318Z,01a00ff0-6ede-7b02-90a0-d2f0c047cdbd,01a00e2b-cb4a-7c50-a739-09a79d824530,,git-committer,bookkeeping/committer,gemma4,CPU-DEFENSIVE-IMPROVEMENT,tool/harness,,tool_failure,run_terminal_command outcome=error,,,~/.grok/sessions/<encoded-cwd>/01a00ff0-6ede-7b02-90a0-d2f0c047cdbd/events.jsonl
56bb1565f15518c8b3db,2026-08-17T13:53:10.959Z,01a00ff5-6fc2-7412-b829-11b8226fc8d2,01a00ff2-6d45-7282-a90b-582c44b30b65,,builder-gameplay,builder,mimo-v2.5,CPU-PASS-VARIETY,tool/harness,,tool_failure,run_terminal_command outcome=error,,,~/.grok/sessions/<encoded-cwd>/01a00ff5-6fc2-7412-b829-11b8226fc8d2/events.jsonl
6d379c1fb87961da8312,2026-08-17T13:56:27.381Z,01a00ff5-6fc2-7412-b829-11b8226fc8d2,01a00ff2-6d45-7282-a90b-582c44b30b65,,builder-gameplay,builder,mimo-v2.5,CPU-PASS-VARIETY,tool/harness,,tool_failure,run_terminal_command outcome=error,,,~/.grok/sessions/<encoded-cwd>/01a00ff5-6fc2-7412-b829-11b8226fc8d2/events.jsonl
eefe01b30ecfaf687f6c,2026-08-17T13:57:44.183Z,01a00ff5-6fc2-7412-b829-11b8226fc8d2,01a00ff2-6d45-7282-a90b-582c44b30b65,,builder-gameplay,builder,mimo-v2.5,CPU-PASS-VARIETY,tool/harness,,tool_failure,run_terminal_command outcome=error,,,~/.grok/sessions/<encoded-cwd>/01a00ff5-6fc2-7412-b829-11b8226fc8d2/events.jsonl
23d5c310983893d9daee,2026-08-17T13:58:05.485Z,01a00ff5-6fc2-7412-b829-11b8226fc8d2,01a00ff2-6d45-7282-a90b-582c44b30b65,,builder-gameplay,builder,mimo-v2.5,CPU-PASS-VARIETY,tool/harness,,tool_failure,run_terminal_command outcome=error,,,~/.grok/sessions/<encoded-cwd>/01a00ff5-6fc2-7412-b829-11b8226fc8d2/events.jsonl
e7920f289e99e14ab610,2026-08-17T13:59:26.603Z,01a00ff5-6fc2-7412-b829-11b8226fc8d2,01a00ff2-6d45-7282-a90b-582c44b30b65,,builder-gameplay,builder,mimo-v2.5,CPU-PASS-VARIETY,tool/harness,,tool_failure,run_terminal_command outcome=error,,,~/.grok/sessions/<encoded-cwd>/01a00ff5-6fc2-7412-b829-11b8226fc8d2/events.jsonl
e3302d4bc56a97cb0354,2026-08-17T14:04:33.750Z,01a00ff5-6fc2-7412-b829-11b8226fc8d2,01a00ff2-6d45-7282-a90b-582c44b30b65,,builder-gameplay,builder,mimo-v2.5,CPU-PASS-VARIETY,tool/harness,,tool_failure,run_terminal_command outcome=error,,,~/.grok/sessions/<encoded-cwd>/01a00ff5-6fc2-7412-b829-11b8226fc8d2/events.jsonl
3e4b798121d8684e14d9,2026-08-17T14:13:54.497Z,01a00ff2-6d45-7282-a90b-582c44b30b65,,,grok-build-plan,parent/orchestrator,deepseek-v4-flash,BROWSER-CONTROLLED-PLAYER-INDICATOR,tool/harness,,tool_failure,run_terminal_command outcome=error,,,~/.grok/sessions/<encoded-cwd>/01a00ff2-6d45-7282-a90b-582c44b30b65/events.jsonl
b95655664c3f6ac6ddba,2026-08-17T14:20:15.657Z,01a01012-d6b5-7261-ab10-707d391f51e9,01a00ff2-6d45-7282-a90b-582c44b30b65,01a01012-d6b5-7261-ab10-707d391f51e9:00000,critic,critic,deepseek-v4-flash-0731,CPU-PASS-VARIETY,provider,,provider_retry,provider retry marker,14,,~/.grok/sessions/<encoded-cwd>/01a01012-d6b5-7261-ab10-707d391f51e9/chat_history.jsonl
b3d8b617313567d68a5d,2026-08-17T14:20:15.711522347Z,01a01012-d6b5-7261-ab10-707d391f51e9,01a00ff2-6d45-7282-a90b-582c44b30b65,,critic,critic,deepseek-v4-flash-0731,CPU-PASS-VARIETY,subagent/harness,500,subagent_failed,"Session error: Internal error: {
  ""message"": ""API error (status 500 Internal Server Error): monthly_cap_reached: deepseek-v4-flash-0731 allowance exhausted: 500,447,721 of 500,000,000 tokens used in the current period, 0 left. The counter resets when your allowance period rolls over, on 2026-09-01 00:00 UTC, in 14d9h. Your remaining allowance is on the dashboard at clou…"",
  ""http_status"": 500
}",,failed,~/.grok/sessions/<encoded-cwd>/01a00ff2-6d45-7282-a90b-582c44b30b65/subagents/01a01012-d6b5-7261-ab10-707d391f51e9/meta.json
9d188261b705e85bdbda,2026-08-17T14:22:47.147Z,01a01018-5fdc-7af0-9c5b-0b0cbd83c42f,01a00ff2-6d45-7282-a90b-582c44b30b65,,critic-flash,critic,deepseek-v4-flash,CPU-PASS-VARIETY,tool/harness,,tool_failure,run_terminal_command outcome=error,,,~/.grok/sessions/<encoded-cwd>/01a01018-5fdc-7af0-9c5b-0b0cbd83c42f/events.jsonl
0e30e9e7df4f8c1321ce,2026-08-17T14:23:56.130Z,01a01018-5fdc-7af0-9c5b-0b0cbd83c42f,01a00ff2-6d45-7282-a90b-582c44b30b65,,critic-flash,critic,deepseek-v4-flash,CPU-PASS-VARIETY,tool/harness,,tool_failure,run_terminal_command outcome=error,,,~/.grok/sessions/<encoded-cwd>/01a01018-5fdc-7af0-9c5b-0b0cbd83c42f/events.jsonl
ffdafc0ab69aa900cafd,2026-08-17T14:23:56.232Z,01a01018-5fdc-7af0-9c5b-0b0cbd83c42f,01a00ff2-6d45-7282-a90b-582c44b30b65,,critic-flash,critic,deepseek-v4-flash,CPU-PASS-VARIETY,tool/harness,,tool_failure,run_terminal_command outcome=error,,,~/.grok/sessions/<encoded-cwd>/01a01018-5fdc-7af0-9c5b-0b0cbd83c42f/events.jsonl
6759e6f863e989fe21a0,2026-08-17T14:23:56.380Z,01a01018-5fdc-7af0-9c5b-0b0cbd83c42f,01a00ff2-6d45-7282-a90b-582c44b30b65,,critic-flash,critic,deepseek-v4-flash,CPU-PASS-VARIETY,tool/harness,,tool_failure,run_terminal_command outcome=error,,,~/.grok/sessions/<encoded-cwd>/01a01018-5fdc-7af0-9c5b-0b0cbd83c42f/events.jsonl
71368af584a8d4ed768e,2026-08-17T14:25:38.929Z,01a01018-5fdc-7af0-9c5b-0b0cbd83c42f,01a00ff2-6d45-7282-a90b-582c44b30b65,,critic-flash,critic,deepseek-v4-flash,CPU-PASS-VARIETY,tool/harness,,tool_failure,run_terminal_command outcome=error,,,~/.grok/sessions/<encoded-cwd>/01a01018-5fdc-7af0-9c5b-0b0cbd83c42f/events.jsonl
96066b0f3d4fe47b35ad,2026-08-17T14:29:56.470Z,01a0101e-6f41-7781-835b-f497303892f3,01a00ff2-6d45-7282-a90b-582c44b30b65,,integration-reviewer-flash,integration reviewer,deepseek-v4-flash,CPU-PASS-VARIETY,tool/harness,,tool_failure,run_terminal_command outcome=error,,,~/.grok/sessions/<encoded-cwd>/01a0101e-6f41-7781-835b-f497303892f3/events.jsonl
fd34d07d55081763e7e3,2026-08-17T14:34:22.594Z,01a00ff2-6d45-7282-a90b-582c44b30b65,,,grok-build-plan,parent/orchestrator,deepseek-v4-flash,BROWSER-CONTROLLED-PLAYER-INDICATOR,tool/harness,,tool_failure,run_terminal_command outcome=error,,,~/.grok/sessions/<encoded-cwd>/01a00ff2-6d45-7282-a90b-582c44b30b65/events.jsonl
c7bc423c16a941f47014,2026-08-17T14:36:06.523Z,01a00ff2-6d45-7282-a90b-582c44b30b65,,,grok-build-plan,parent/orchestrator,deepseek-v4-flash,BROWSER-CONTROLLED-PLAYER-INDICATOR,tool/harness,,tool_failure,search_replace outcome=error,,,~/.grok/sessions/<encoded-cwd>/01a00ff2-6d45-7282-a90b-582c44b30b65/events.jsonl
0856d45eec9089e19dbe,2026-08-17T14:38:13.296Z,01a00ff2-6d45-7282-a90b-582c44b30b65,,01a00ff2-6d45-7282-a90b-582c44b30b65:00076,orchestrator-deepseek,parent/orchestrator,deepseek-v4-flash,CPU-PASS-VARIETY,provider,,provider_retry,provider retry marker,1,,~/.grok/sessions/<encoded-cwd>/01a00ff2-6d45-7282-a90b-582c44b30b65/chat_history.jsonl
88fa624909fdb1965cbd,2026-08-17T15:05:45.109Z,01a01029-7ef2-7ee3-8ba7-fbdd3f809e6b,01a00ff2-6d45-7282-a90b-582c44b30b65,,builder-gameplay,builder,mimo-v2.5,BROWSER-3V3-HUMAN-VS-CPU,tool/harness,,tool_failure,run_terminal_command outcome=error,,,~/.grok/sessions/<encoded-cwd>/01a01029-7ef2-7ee3-8ba7-fbdd3f809e6b/events.jsonl
c8b8803c84b5670e8008,2026-08-17T15:09:10.395Z,01a01029-7ef2-7ee3-8ba7-fbdd3f809e6b,01a00ff2-6d45-7282-a90b-582c44b30b65,,builder-gameplay,builder,mimo-v2.5,BROWSER-3V3-HUMAN-VS-CPU,tool/harness,,tool_failure,run_terminal_command outcome=error,,,~/.grok/sessions/<encoded-cwd>/01a01029-7ef2-7ee3-8ba7-fbdd3f809e6b/events.jsonl
cf6bd39deaa0a8c1df4e,2026-08-17T15:09:33.780815994Z,01a01029-7ef2-7ee3-8ba7-fbdd3f809e6b,01a00ff2-6d45-7282-a90b-582c44b30b65,,builder-gameplay,builder,mimo-v2.5,BROWSER-3V3-HUMAN-VS-CPU,subagent/harness,400,subagent_failed,"Session error: Internal error: {
  ""message"": ""API error (status 400 Bad Request): None: Invalid request. Check your request parameters."",
  ""http_status"": 400,
  ""promptUsage"": {
    ""inputTokens"": 1290605,
    ""outputTokens"": 11520,
    ""totalTokens"": 1302125,
    ""cachedReadTokens"": 1234752,
    ""cacheCreationTokens"": 0,
    ""reasoningTokens"": 2595,
    ""modelCalls"": 45,
    ""apiDurationMs"": 1569936,
    ""modelUsage"": {
      ""mimo-v2.5"": {
        ""inputTokens"": 1290605,
        ""outputToken",,failed,~/.grok/sessions/<encoded-cwd>/01a00ff2-6d45-7282-a90b-582c44b30b65/subagents/01a01029-7ef2-7ee3-8ba7-fbdd3f809e6b/meta.json
001a8dc7c1a0e2288995,2026-08-17T15:25:36.887Z,01a0104c-f6ce-7763-b2e3-2f76021bfb7f,01a00ff2-6d45-7282-a90b-582c44b30b65,,critic-flash,critic,deepseek-v4-flash,BROWSER-3V3-HUMAN-VS-CPU,tool/harness,,tool_failure,run_terminal_command outcome=error,,,~/.grok/sessions/<encoded-cwd>/01a0104c-f6ce-7763-b2e3-2f76021bfb7f/events.jsonl
abb4083bda8f62333b37,2026-08-17T15:30:41.765Z,01a0104c-f6ce-7763-b2e3-2f76021bfb7f,01a00ff2-6d45-7282-a90b-582c44b30b65,,critic-flash,critic,deepseek-v4-flash,BROWSER-3V3-HUMAN-VS-CPU,tool/harness,,tool_failure,run_terminal_command outcome=error,,,~/.grok/sessions/<encoded-cwd>/01a0104c-f6ce-7763-b2e3-2f76021bfb7f/events.jsonl
c6118aa0d792f8b9604d,2026-08-17T15:35:47.188Z,01a0104c-f6ce-7763-b2e3-2f76021bfb7f,01a00ff2-6d45-7282-a90b-582c44b30b65,,critic-flash,critic,deepseek-v4-flash,BROWSER-3V3-HUMAN-VS-CPU,tool/harness,,tool_failure,run_terminal_command outcome=error,,,~/.grok/sessions/<encoded-cwd>/01a0104c-f6ce-7763-b2e3-2f76021bfb7f/events.jsonl
e25f28881f7a5f408f17,2026-08-17T15:40:25.036Z,01a0105e-4010-75f1-a746-fd2c39c9cbfc,01a00ff2-6d45-7282-a90b-582c44b30b65,,integration-reviewer-flash,integration reviewer,deepseek-v4-flash,BROWSER-3V3-HUMAN-VS-CPU,tool/harness,,tool_failure,run_terminal_command outcome=error,,,~/.grok/sessions/<encoded-cwd>/01a0105e-4010-75f1-a746-fd2c39c9cbfc/events.jsonl
96dd30c88a33190cac73,2026-08-17T15:42:05.535Z,01a00ff2-6d45-7282-a90b-582c44b30b65,,01a00ff2-6d45-7282-a90b-582c44b30b65:00103,orchestrator-deepseek,parent/orchestrator,deepseek-v4-flash,BROWSER-3V3-HUMAN-VS-CPU,provider,,provider_retry,provider retry marker,1,,~/.grok/sessions/<encoded-cwd>/01a00ff2-6d45-7282-a90b-582c44b30b65/chat_history.jsonl
4d959aa486ed33853dd0,2026-08-17T15:43:26.511Z,01a00ff2-6d45-7282-a90b-582c44b30b65,,,grok-build-plan,parent/orchestrator,deepseek-v4-flash,BROWSER-CONTROLLED-PLAYER-INDICATOR,tool/harness,,tool_failure,search_replace outcome=error,,,~/.grok/sessions/<encoded-cwd>/01a00ff2-6d45-7282-a90b-582c44b30b65/events.jsonl
476a9e3cb8f47df5578f,2026-08-17T15:47:18.803Z,01a01065-da67-7923-8133-7cf015146489,01a00ff2-6d45-7282-a90b-582c44b30b65,,builder-structured,builder,qwen3.6,SCENARIO-5V5-FIXTURE,tool/harness,,tool_failure,search_replace outcome=error,,,~/.grok/sessions/<encoded-cwd>/01a01065-da67-7923-8133-7cf015146489/events.jsonl
cc41f6fe6f1cad6fd51c,2026-08-17T15:52:31.563Z,01a01065-da67-7923-8133-7cf015146489,01a00ff2-6d45-7282-a90b-582c44b30b65,,builder-structured,builder,qwen3.6,SCENARIO-5V5-FIXTURE,tool/harness,,tool_failure,run_terminal_command outcome=error,,,~/.grok/sessions/<encoded-cwd>/01a01065-da67-7923-8133-7cf015146489/events.jsonl
a232f8fb0091bfcfadd9,2026-08-17T15:55:07.541Z,01a01065-da67-7923-8133-7cf015146489,01a00ff2-6d45-7282-a90b-582c44b30b65,,builder-structured,builder,qwen3.6,SCENARIO-5V5-FIXTURE,tool/harness,,tool_failure,run_terminal_command outcome=error,,,~/.grok/sessions/<encoded-cwd>/01a01065-da67-7923-8133-7cf015146489/events.jsonl
e48622028ae3a143ba7c,2026-08-17T16:03:40.983Z,01a01074-bb6c-7023-bf2a-cdd5237125e9,01a00ff2-6d45-7282-a90b-582c44b30b65,,critic-flash,critic,deepseek-v4-flash,SCENARIO-5V5-FIXTURE,tool/harness,,tool_failure,run_terminal_command outcome=error,,,~/.grok/sessions/<encoded-cwd>/01a01074-bb6c-7023-bf2a-cdd5237125e9/events.jsonl
9e9af20f3f5264c73472,2026-08-17T16:05:55.774Z,01a01074-bb6c-7023-bf2a-cdd5237125e9,01a00ff2-6d45-7282-a90b-582c44b30b65,,critic-flash,critic,deepseek-v4-flash,SCENARIO-5V5-FIXTURE,tool/harness,,tool_failure,run_terminal_command outcome=error,,,~/.grok/sessions/<encoded-cwd>/01a01074-bb6c-7023-bf2a-cdd5237125e9/events.jsonl
0926809a006327262a6b,2026-08-17T16:11:13.988Z,01a01074-bb6c-7023-bf2a-cdd5237125e9,01a00ff2-6d45-7282-a90b-582c44b30b65,,critic-flash,critic,deepseek-v4-flash,SCENARIO-5V5-FIXTURE,tool/harness,,tool_failure,run_terminal_command outcome=error,,,~/.grok/sessions/<encoded-cwd>/01a01074-bb6c-7023-bf2a-cdd5237125e9/events.jsonl
ac0b41404a1879da90d4,2026-08-17T16:15:34.382Z,01a0107f-931a-7462-8736-c8cf36808ddb,01a00ff2-6d45-7282-a90b-582c44b30b65,,integration-reviewer-flash,integration reviewer,deepseek-v4-flash,SCENARIO-5V5-FIXTURE,tool/harness,,tool_failure,run_terminal_command outcome=error,,,~/.grok/sessions/<encoded-cwd>/01a0107f-931a-7462-8736-c8cf36808ddb/events.jsonl
26fe601795ed2e2f66c7,2026-08-17T16:16:13.692Z,01a0107f-931a-7462-8736-c8cf36808ddb,01a00ff2-6d45-7282-a90b-582c44b30b65,,integration-reviewer-flash,integration reviewer,deepseek-v4-flash,SCENARIO-5V5-FIXTURE,tool/harness,,tool_failure,run_terminal_command outcome=error,,,~/.grok/sessions/<encoded-cwd>/01a0107f-931a-7462-8736-c8cf36808ddb/events.jsonl
5af81f2a7a86c0f2dd4d,2026-08-17T16:17:25.423Z,01a0107f-931a-7462-8736-c8cf36808ddb,01a00ff2-6d45-7282-a90b-582c44b30b65,,integration-reviewer-flash,integration reviewer,deepseek-v4-flash,SCENARIO-5V5-FIXTURE,tool/harness,,tool_failure,run_terminal_command outcome=error,,,~/.grok/sessions/<encoded-cwd>/01a0107f-931a-7462-8736-c8cf36808ddb/events.jsonl
464c27b8f1b7676b0b7d,2026-08-17T16:19:12.788Z,01a00ff2-6d45-7282-a90b-582c44b30b65,,,grok-build-plan,parent/orchestrator,deepseek-v4-flash,BROWSER-CONTROLLED-PLAYER-INDICATOR,tool/harness,,tool_failure,search_replace outcome=error,,,~/.grok/sessions/<encoded-cwd>/01a00ff2-6d45-7282-a90b-582c44b30b65/events.jsonl
c306eb355c702d75e36c,2026-08-17T16:19:34.951Z,01a00ff2-6d45-7282-a90b-582c44b30b65,,,grok-build-plan,parent/orchestrator,deepseek-v4-flash,BROWSER-CONTROLLED-PLAYER-INDICATOR,tool/harness,,tool_failure,search_replace outcome=error,,,~/.grok/sessions/<encoded-cwd>/01a00ff2-6d45-7282-a90b-582c44b30b65/events.jsonl
cb759c58c820f7d2eca0,2026-08-17T16:25:58.302Z,01a01086-c27b-74a3-b255-3f8578619399,01a00ff2-6d45-7282-a90b-582c44b30b65,,builder-gameplay,builder,mimo-v2.5,BROWSER-5V5-MATCH,tool/harness,,tool_failure,run_terminal_command outcome=error,,,~/.grok/sessions/<encoded-cwd>/01a01086-c27b-74a3-b255-3f8578619399/events.jsonl
f8e18f6c327e62df2dbe,2026-08-17T16:28:08.268Z,01a01086-c27b-74a3-b255-3f8578619399,01a00ff2-6d45-7282-a90b-582c44b30b65,,builder-gameplay,builder,mimo-v2.5,BROWSER-5V5-MATCH,tool/harness,,tool_failure,run_terminal_command outcome=error,,,~/.grok/sessions/<encoded-cwd>/01a01086-c27b-74a3-b255-3f8578619399/events.jsonl
fb375cb9f1c67ea329e4,2026-08-17T16:30:21.330Z,01a01086-c27b-74a3-b255-3f8578619399,01a00ff2-6d45-7282-a90b-582c44b30b65,,builder-gameplay,builder,mimo-v2.5,BROWSER-5V5-MATCH,tool/harness,,tool_failure,run_terminal_command outcome=error,,,~/.grok/sessions/<encoded-cwd>/01a01086-c27b-74a3-b255-3f8578619399/events.jsonl
13c3c92958db458cd6b0,2026-08-17T16:31:46.895Z,01a01086-c27b-74a3-b255-3f8578619399,01a00ff2-6d45-7282-a90b-582c44b30b65,,builder-gameplay,builder,mimo-v2.5,BROWSER-5V5-MATCH,tool/harness,,tool_failure,run_terminal_command outcome=error,,,~/.grok/sessions/<encoded-cwd>/01a01086-c27b-74a3-b255-3f8578619399/events.jsonl
06aa95c725cccd41ce41,2026-08-17T16:32:25.446Z,01a01086-c27b-74a3-b255-3f8578619399,01a00ff2-6d45-7282-a90b-582c44b30b65,,builder-gameplay,builder,mimo-v2.5,BROWSER-5V5-MATCH,tool/harness,,tool_failure,run_terminal_command outcome=error,,,~/.grok/sessions/<encoded-cwd>/01a01086-c27b-74a3-b255-3f8578619399/events.jsonl
3f3102995f10b9bf035d,2026-08-17T16:48:34.277Z,01a0109d-26b6-7830-b528-5c72afccddc0,01a00ff2-6d45-7282-a90b-582c44b30b65,,integration-reviewer-flash,integration reviewer,deepseek-v4-flash,BROWSER-5V5-MATCH,tool/harness,,tool_failure,run_terminal_command outcome=error,,,~/.grok/sessions/<encoded-cwd>/01a0109d-26b6-7830-b528-5c72afccddc0/events.jsonl
af24fd9e3c738797cde8,2026-08-17T16:50:19.871Z,01a00ff2-6d45-7282-a90b-582c44b30b65,,,grok-build-plan,parent/orchestrator,deepseek-v4-flash,BROWSER-CONTROLLED-PLAYER-INDICATOR,tool/harness,,tool_failure,run_terminal_command outcome=error,,,~/.grok/sessions/<encoded-cwd>/01a00ff2-6d45-7282-a90b-582c44b30b65/events.jsonl
2c36e7d36edb76ac79a0,2026-08-17T16:50:59.394Z,01a00ff2-6d45-7282-a90b-582c44b30b65,,,grok-build-plan,parent/orchestrator,deepseek-v4-flash,BROWSER-CONTROLLED-PLAYER-INDICATOR,tool/harness,,tool_failure,run_terminal_command outcome=error,,,~/.grok/sessions/<encoded-cwd>/01a00ff2-6d45-7282-a90b-582c44b30b65/events.jsonl
e59bfadbfce756d14410,2026-08-17T16:58:02.749Z,01a010a3-a134-70a1-bab9-1b8f3db4fc99,01a00ff2-6d45-7282-a90b-582c44b30b65,,builder-gameplay,builder,mimo-v2.5,BROWSER-PLAYER-SWITCH,tool/harness,,tool_failure,run_terminal_command outcome=error,,,~/.grok/sessions/<encoded-cwd>/01a010a3-a134-70a1-bab9-1b8f3db4fc99/events.jsonl
3009bc3322523232ba6f,2026-08-17T16:59:44.798Z,01a010a3-a134-70a1-bab9-1b8f3db4fc99,01a00ff2-6d45-7282-a90b-582c44b30b65,,builder-gameplay,builder,mimo-v2.5,BROWSER-PLAYER-SWITCH,tool/harness,,tool_failure,run_terminal_command outcome=error,,,~/.grok/sessions/<encoded-cwd>/01a010a3-a134-70a1-bab9-1b8f3db4fc99/events.jsonl
7a7f1f09ad426968ddff,2026-08-17T17:00:15.548Z,01a010a3-a134-70a1-bab9-1b8f3db4fc99,01a00ff2-6d45-7282-a90b-582c44b30b65,,builder-gameplay,builder,mimo-v2.5,BROWSER-PLAYER-SWITCH,tool/harness,,tool_failure,run_terminal_command outcome=error,,,~/.grok/sessions/<encoded-cwd>/01a010a3-a134-70a1-bab9-1b8f3db4fc99/events.jsonl
9d223776a26b4be465d4,2026-08-17T17:10:41.264Z,01a010a3-a134-70a1-bab9-1b8f3db4fc99,01a00ff2-6d45-7282-a90b-582c44b30b65,,builder-gameplay,builder,mimo-v2.5,BROWSER-PLAYER-SWITCH,tool/harness,,tool_failure,run_terminal_command outcome=error,,,~/.grok/sessions/<encoded-cwd>/01a010a3-a134-70a1-bab9-1b8f3db4fc99/events.jsonl
e4207367676804d2608f,2026-08-17T17:11:38.679Z,01a00ff2-6d45-7282-a90b-582c44b30b65,,,grok-build-plan,parent/orchestrator,deepseek-v4-flash,BROWSER-CONTROLLED-PLAYER-INDICATOR,tool/harness,,tool_failure,run_terminal_command outcome=error,,,~/.grok/sessions/<encoded-cwd>/01a00ff2-6d45-7282-a90b-582c44b30b65/events.jsonl
e2a3f4e58113edbe0fc1,2026-08-17T17:22:00.297Z,01a010bb-7414-7442-86ed-ea3faecbe0a5,01a00ff2-6d45-7282-a90b-582c44b30b65,,critic-flash,critic,deepseek-v4-flash,BROWSER-PLAYER-SWITCH,tool/harness,,tool_failure,run_terminal_command outcome=error,,,~/.grok/sessions/<encoded-cwd>/01a010bb-7414-7442-86ed-ea3faecbe0a5/events.jsonl
7375e71f74dff1d888c4,2026-08-17T17:22:00.623Z,01a010bb-7414-7442-86ed-ea3faecbe0a5,01a00ff2-6d45-7282-a90b-582c44b30b65,,critic-flash,critic,deepseek-v4-flash,BROWSER-PLAYER-SWITCH,tool/harness,,tool_failure,run_terminal_command outcome=error,,,~/.grok/sessions/<encoded-cwd>/01a010bb-7414-7442-86ed-ea3faecbe0a5/events.jsonl
647304ee82ba60ad46c6,2026-08-17T17:25:05.786Z,01a010bb-7414-7442-86ed-ea3faecbe0a5,01a00ff2-6d45-7282-a90b-582c44b30b65,,critic-flash,critic,deepseek-v4-flash,BROWSER-PLAYER-SWITCH,tool/harness,,tool_failure,run_terminal_command outcome=error,,,~/.grok/sessions/<encoded-cwd>/01a010bb-7414-7442-86ed-ea3faecbe0a5/events.jsonl
61831da92d3f47991e72,2026-08-17T17:33:15.298Z,01a010c6-07c8-7b61-a49d-f90f40853bbd,01a00ff2-6d45-7282-a90b-582c44b30b65,,integration-reviewer-flash,integration reviewer,deepseek-v4-flash,BROWSER-PLAYER-SWITCH,tool/harness,,tool_failure,run_terminal_command outcome=error,,,~/.grok/sessions/<encoded-cwd>/01a010c6-07c8-7b61-a49d-f90f40853bbd/events.jsonl
8c83e476f4e128ca7612,2026-08-17T18:01:20.604Z,01a00ff2-6d45-7282-a90b-582c44b30b65,,,grok-build-plan,parent/orchestrator,deepseek-v4-flash,BROWSER-CONTROLLED-PLAYER-INDICATOR,tool/harness,,tool_failure,run_terminal_command outcome=error,,,~/.grok/sessions/<encoded-cwd>/01a00ff2-6d45-7282-a90b-582c44b30b65/events.jsonl
a4ee4a64e226b18639be,2026-08-17T18:10:47.482Z,01a010e4-7188-78c0-8515-ebeab08b64ac,01a00ff2-6d45-7282-a90b-582c44b30b65,,builder-gameplay,builder,mimo-v2.5,BROWSER-CONTROLLED-PLAYER-INDICATOR,tool/harness,,tool_failure,run_terminal_command outcome=error,,,~/.grok/sessions/<encoded-cwd>/01a010e4-7188-78c0-8515-ebeab08b64ac/events.jsonl
49f2c4423033dadc518e,2026-08-17T18:13:36.816Z,01a010e4-7188-78c0-8515-ebeab08b64ac,01a00ff2-6d45-7282-a90b-582c44b30b65,,builder-gameplay,builder,mimo-v2.5,BROWSER-CONTROLLED-PLAYER-INDICATOR,tool/harness,,tool_failure,run_terminal_command outcome=error,,,~/.grok/sessions/<encoded-cwd>/01a010e4-7188-78c0-8515-ebeab08b64ac/events.jsonl
f02c7ff15613a6cf0f1c,2026-08-17T18:14:27.921Z,01a010e4-7188-78c0-8515-ebeab08b64ac,01a00ff2-6d45-7282-a90b-582c44b30b65,,builder-gameplay,builder,mimo-v2.5,BROWSER-CONTROLLED-PLAYER-INDICATOR,tool/harness,,tool_failure,run_terminal_command outcome=error,,,~/.grok/sessions/<encoded-cwd>/01a010e4-7188-78c0-8515-ebeab08b64ac/events.jsonl
579cc5d1bd3c2f714414,2026-08-17T18:14:55.253429906Z,01a010e4-7188-78c0-8515-ebeab08b64ac,01a00ff2-6d45-7282-a90b-582c44b30b65,,builder-gameplay,builder,mimo-v2.5,BROWSER-CONTROLLED-PLAYER-INDICATOR,subagent/harness,400,subagent_failed,"Session error: Internal error: {
  ""message"": ""API error (status 400 Bad Request): None: Invalid request. Check your request parameters."",
  ""http_status"": 400,
  ""promptUsage"": {
    ""inputTokens"": 2908163,
    ""outputTokens"": 20343,
    ""totalTokens"": 2928506,
    ""cachedReadTokens"": 2811328,
    ""cacheCreationTokens"": 0,
    ""reasoningTokens"": 9169,
    ""modelCalls"": 52,
    ""apiDurationMs"": 421810,
    ""modelUsage"": {
      ""mimo-v2.5"": {
        ""inputTokens"": 2908163,
        ""outputTokens",,failed,~/.grok/sessions/<encoded-cwd>/01a00ff2-6d45-7282-a90b-582c44b30b65/subagents/01a010e4-7188-78c0-8515-ebeab08b64ac/meta.json
c8bb7c1fa47c0425ea96,2026-08-17T18:27:03.541Z,01a010f6-9b21-7a10-a4a7-902500ddc223,01a00ff2-6d45-7282-a90b-582c44b30b65,,critic-flash,critic,deepseek-v4-flash,BROWSER-CONTROLLED-PLAYER-INDICATOR,tool/harness,,tool_failure,run_terminal_command outcome=error,,,~/.grok/sessions/<encoded-cwd>/01a010f6-9b21-7a10-a4a7-902500ddc223/events.jsonl
1f96c8da104cd12de422,2026-08-17T18:32:16.669Z,01a010f6-9b21-7a10-a4a7-902500ddc223,01a00ff2-6d45-7282-a90b-582c44b30b65,,critic-flash,critic,deepseek-v4-flash,BROWSER-CONTROLLED-PLAYER-INDICATOR,tool/harness,,tool_failure,run_terminal_command outcome=error,,,~/.grok/sessions/<encoded-cwd>/01a010f6-9b21-7a10-a4a7-902500ddc223/events.jsonl
76d32fcd6bb09c963b82,2026-08-17T18:38:20.532Z,01a01101-8ce3-7a63-ab86-2ab02d593bcc,01a00ff2-6d45-7282-a90b-582c44b30b65,,integration-reviewer-flash,integration reviewer,deepseek-v4-flash,BROWSER-CONTROLLED-PLAYER-INDICATOR,tool/harness,,tool_failure,run_terminal_command outcome=error,,,~/.grok/sessions/<encoded-cwd>/01a01101-8ce3-7a63-ab86-2ab02d593bcc/events.jsonl
c24b57d3a7d233e41929,2026-08-17T18:40:33.777Z,01a01101-8ce3-7a63-ab86-2ab02d593bcc,01a00ff2-6d45-7282-a90b-582c44b30b65,,integration-reviewer-flash,integration reviewer,deepseek-v4-flash,BROWSER-CONTROLLED-PLAYER-INDICATOR,tool/harness,,tool_failure,run_terminal_command outcome=error,,,~/.grok/sessions/<encoded-cwd>/01a01101-8ce3-7a63-ab86-2ab02d593bcc/events.jsonl
44ea8f47ebfa071afabc,2026-08-17T18:43:48.109Z,01a00ff2-6d45-7282-a90b-582c44b30b65,,,grok-build-plan,parent/orchestrator,deepseek-v4-flash,BROWSER-CONTROLLED-PLAYER-INDICATOR,tool/harness,,tool_failure,run_terminal_command outcome=error,,,~/.grok/sessions/<encoded-cwd>/01a00ff2-6d45-7282-a90b-582c44b30b65/events.jsonl
14976ac4009759a4a18f,2026-08-17T18:45:50.131Z,01a00ff2-6d45-7282-a90b-582c44b30b65,,,grok-build-plan,parent/orchestrator,deepseek-v4-flash,BROWSER-CONTROLLED-PLAYER-INDICATOR,tool/harness,,tool_failure,search_replace outcome=error,,,~/.grok/sessions/<encoded-cwd>/01a00ff2-6d45-7282-a90b-582c44b30b65/events.jsonl
afb7f33f18585d228bfd,2026-08-17T18:45:56.310Z,01a00ff2-6d45-7282-a90b-582c44b30b65,,,grok-build-plan,parent/orchestrator,deepseek-v4-flash,BROWSER-CONTROLLED-PLAYER-INDICATOR,tool/harness,,tool_failure,search_replace outcome=error,,,~/.grok/sessions/<encoded-cwd>/01a00ff2-6d45-7282-a90b-582c44b30b65/events.jsonl
e2a31cb5d36da25c5419,2026-08-17T18:46:10.693Z,01a00ff2-6d45-7282-a90b-582c44b30b65,,,grok-build-plan,parent/orchestrator,deepseek-v4-flash,BROWSER-CONTROLLED-PLAYER-INDICATOR,tool/harness,,tool_failure,search_replace outcome=error,,,~/.grok/sessions/<encoded-cwd>/01a00ff2-6d45-7282-a90b-582c44b30b65/events.jsonl
4a3c2335864e0720f2d6,2026-08-17T18:51:44.519Z,01a0110c-c9a0-7a72-ab26-7c42fd8aebbc,01a00ff2-6d45-7282-a90b-582c44b30b65,,builder-gameplay,builder,mimo-v2.5,BROWSER-5V3-HUMAN-VS-CPU,tool/harness,,tool_failure,run_terminal_command outcome=error,,,~/.grok/sessions/<encoded-cwd>/01a0110c-c9a0-7a72-ab26-7c42fd8aebbc/events.jsonl
3a66307c9aa415a6c477,2026-08-17T18:53:15.633Z,01a0110c-c9a0-7a72-ab26-7c42fd8aebbc,01a00ff2-6d45-7282-a90b-582c44b30b65,,builder-gameplay,builder,mimo-v2.5,BROWSER-5V3-HUMAN-VS-CPU,tool/harness,,tool_failure,run_terminal_command outcome=error,,,~/.grok/sessions/<encoded-cwd>/01a0110c-c9a0-7a72-ab26-7c42fd8aebbc/events.jsonl
dcee13519dce058b28e3,2026-08-17T18:53:44.391Z,01a0110c-c9a0-7a72-ab26-7c42fd8aebbc,01a00ff2-6d45-7282-a90b-582c44b30b65,,builder-gameplay,builder,mimo-v2.5,BROWSER-5V3-HUMAN-VS-CPU,tool/harness,,tool_failure,run_terminal_command outcome=error,,,~/.grok/sessions/<encoded-cwd>/01a0110c-c9a0-7a72-ab26-7c42fd8aebbc/events.jsonl
be12bac0e91e0f0e8358,2026-08-17T20:59:53.015Z,01a00ff2-6d45-7282-a90b-582c44b30b65,,,grok-build-plan,parent/orchestrator,deepseek-v4-flash,BROWSER-CONTROLLED-PLAYER-INDICATOR,tool/harness,,tool_failure,run_terminal_command outcome=error,,,~/.grok/sessions/<encoded-cwd>/01a00ff2-6d45-7282-a90b-582c44b30b65/events.jsonl
2442864ece3efc7e547e,2026-08-17T21:05:59.955Z,01a01189-8db0-7d11-943b-5d05b9a2f498,01a00ff2-6d45-7282-a90b-582c44b30b65,,critic-flash,critic,deepseek-v4-flash,BROWSER-5V3-HUMAN-VS-CPU,tool/harness,,tool_failure,run_terminal_command outcome=error,,,~/.grok/sessions/<encoded-cwd>/01a01189-8db0-7d11-943b-5d05b9a2f498/events.jsonl
f963e798d324b24935dd,2026-08-17T21:06:00.197Z,01a01189-8db0-7d11-943b-5d05b9a2f498,01a00ff2-6d45-7282-a90b-582c44b30b65,,critic-flash,critic,deepseek-v4-flash,BROWSER-5V3-HUMAN-VS-CPU,tool/harness,,tool_failure,run_terminal_command outcome=error,,,~/.grok/sessions/<encoded-cwd>/01a01189-8db0-7d11-943b-5d05b9a2f498/events.jsonl
6a0a3c91e91a67c4a909,2026-08-17T21:09:15.792Z,01a01189-8db0-7d11-943b-5d05b9a2f498,01a00ff2-6d45-7282-a90b-582c44b30b65,,critic-flash,critic,deepseek-v4-flash,BROWSER-5V3-HUMAN-VS-CPU,tool/harness,,tool_failure,run_terminal_command outcome=error,,,~/.grok/sessions/<encoded-cwd>/01a01189-8db0-7d11-943b-5d05b9a2f498/events.jsonl
096c815d97664a9eb6a1,2026-08-17T21:14:25.446Z,01a01189-8db0-7d11-943b-5d05b9a2f498,01a00ff2-6d45-7282-a90b-582c44b30b65,,critic-flash,critic,deepseek-v4-flash,BROWSER-5V3-HUMAN-VS-CPU,tool/harness,,tool_failure,run_terminal_command outcome=error,,,~/.grok/sessions/<encoded-cwd>/01a01189-8db0-7d11-943b-5d05b9a2f498/events.jsonl
f36b9b6aa77cebe5122a,2026-08-17T21:24:00.099Z,01a0119b-e4cb-7673-921a-22b9362c838d,01a00ff2-6d45-7282-a90b-582c44b30b65,,integration-reviewer-flash,integration reviewer,deepseek-v4-flash,BROWSER-5V3-HUMAN-VS-CPU,tool/harness,,tool_failure,run_terminal_command outcome=error,,,~/.grok/sessions/<encoded-cwd>/01a0119b-e4cb-7673-921a-22b9362c838d/events.jsonl
2bd78eb9d178a4f7e03c,2026-08-17T21:29:08.378Z,01a0119b-e4cb-7673-921a-22b9362c838d,01a00ff2-6d45-7282-a90b-582c44b30b65,,integration-reviewer-flash,integration reviewer,deepseek-v4-flash,BROWSER-5V3-HUMAN-VS-CPU,tool/harness,,tool_failure,run_terminal_command outcome=error,,,~/.grok/sessions/<encoded-cwd>/01a0119b-e4cb-7673-921a-22b9362c838d/events.jsonl
44ae0e559cf0dee41c61,2026-08-17T21:34:15.903Z,01a0119b-e4cb-7673-921a-22b9362c838d,01a00ff2-6d45-7282-a90b-582c44b30b65,,integration-reviewer-flash,integration reviewer,deepseek-v4-flash,BROWSER-5V3-HUMAN-VS-CPU,tool/harness,,tool_failure,run_terminal_command outcome=error,,,~/.grok/sessions/<encoded-cwd>/01a0119b-e4cb-7673-921a-22b9362c838d/events.jsonl
f18c02538d9507808309,2026-08-17T21:41:07.931Z,01a0119b-e4cb-7673-921a-22b9362c838d,01a00ff2-6d45-7282-a90b-582c44b30b65,,integration-reviewer-flash,integration reviewer,deepseek-v4-flash,BROWSER-5V3-HUMAN-VS-CPU,tool/harness,,tool_failure,run_terminal_command outcome=error,,,~/.grok/sessions/<encoded-cwd>/01a0119b-e4cb-7673-921a-22b9362c838d/events.jsonl
8910a8f70b2cc72692ba,2026-08-17T21:48:19.372Z,01a0119b-e4cb-7673-921a-22b9362c838d,01a00ff2-6d45-7282-a90b-582c44b30b65,,integration-reviewer-flash,integration reviewer,deepseek-v4-flash,BROWSER-5V3-HUMAN-VS-CPU,tool/harness,,tool_failure,run_terminal_command outcome=error,,,~/.grok/sessions/<encoded-cwd>/01a0119b-e4cb-7673-921a-22b9362c838d/events.jsonl
f43a9138bd560306b531,2026-08-17T22:12:09.820Z,01a0119b-e4cb-7673-921a-22b9362c838d,01a00ff2-6d45-7282-a90b-582c44b30b65,,integration-reviewer-flash,integration reviewer,deepseek-v4-flash,BROWSER-5V3-HUMAN-VS-CPU,tool/harness,,tool_failure,run_terminal_command outcome=error,,,~/.grok/sessions/<encoded-cwd>/01a0119b-e4cb-7673-921a-22b9362c838d/events.jsonl
356044f0348354c47f89,2026-08-17T22:21:44.223Z,01a00ff2-6d45-7282-a90b-582c44b30b65,,,grok-build-plan,parent/orchestrator,deepseek-v4-flash,BROWSER-CONTROLLED-PLAYER-INDICATOR,tool/harness,,tool_failure,search_replace outcome=error,,,~/.grok/sessions/<encoded-cwd>/01a00ff2-6d45-7282-a90b-582c44b30b65/events.jsonl
3be8bb2678f7334649a9,2026-08-17T22:22:52.183Z,01a00ff2-6d45-7282-a90b-582c44b30b65,,,grok-build-plan,parent/orchestrator,deepseek-v4-flash,BROWSER-CONTROLLED-PLAYER-INDICATOR,tool/harness,,tool_failure,search_replace outcome=error,,,~/.grok/sessions/<encoded-cwd>/01a00ff2-6d45-7282-a90b-582c44b30b65/events.jsonl
2c32f41ad408a3c41cbf,2026-08-17T22:23:50.057Z,01a00ff2-6d45-7282-a90b-582c44b30b65,,,grok-build-plan,parent/orchestrator,deepseek-v4-flash,BROWSER-CONTROLLED-PLAYER-INDICATOR,tool/harness,,tool_failure,run_terminal_command outcome=error,,,~/.grok/sessions/<encoded-cwd>/01a00ff2-6d45-7282-a90b-582c44b30b65/events.jsonl
4c12b2aba8abc3e261f1,2026-08-17T22:25:23.263Z,01a011d3-8d39-7242-8570-235dc18f403d,01a00ff2-6d45-7282-a90b-582c44b30b65,,builder-gameplay,builder,mimo-v2.5,CPU-ATTACKING-IMPROVEMENT,tool/harness,,tool_failure,search_replace outcome=error,,,~/.grok/sessions/<encoded-cwd>/01a011d3-8d39-7242-8570-235dc18f403d/events.jsonl
5cd68159a4af20f24249,2026-08-17T22:25:52.273Z,01a011d3-8d39-7242-8570-235dc18f403d,01a00ff2-6d45-7282-a90b-582c44b30b65,,builder-gameplay,builder,mimo-v2.5,CPU-ATTACKING-IMPROVEMENT,tool/harness,,tool_failure,search_replace outcome=error,,,~/.grok/sessions/<encoded-cwd>/01a011d3-8d39-7242-8570-235dc18f403d/events.jsonl
d1dc5b1de737464852b0,2026-08-17T22:26:09.975Z,01a011d3-8d39-7242-8570-235dc18f403d,01a00ff2-6d45-7282-a90b-582c44b30b65,,builder-gameplay,builder,mimo-v2.5,CPU-ATTACKING-IMPROVEMENT,tool/harness,,tool_failure,search_replace outcome=error,,,~/.grok/sessions/<encoded-cwd>/01a011d3-8d39-7242-8570-235dc18f403d/events.jsonl
63676e8d60ec3563bf6f,2026-08-17T22:31:50.544Z,01a011d3-8d39-7242-8570-235dc18f403d,01a00ff2-6d45-7282-a90b-582c44b30b65,,builder-gameplay,builder,mimo-v2.5,CPU-ATTACKING-IMPROVEMENT,tool/harness,,tool_failure,run_terminal_command outcome=error,,,~/.grok/sessions/<encoded-cwd>/01a011d3-8d39-7242-8570-235dc18f403d/events.jsonl
7e41f140f474fba1283c,2026-08-17T22:35:50.169Z,01a011d3-8d39-7242-8570-235dc18f403d,01a00ff2-6d45-7282-a90b-582c44b30b65,,builder-gameplay,builder,mimo-v2.5,CPU-ATTACKING-IMPROVEMENT,tool/harness,,tool_failure,run_terminal_command outcome=error,,,~/.grok/sessions/<encoded-cwd>/01a011d3-8d39-7242-8570-235dc18f403d/events.jsonl
ab9e6d73aa8981ca6fc4,2026-08-17T22:36:16.118Z,01a011d3-8d39-7242-8570-235dc18f403d,01a00ff2-6d45-7282-a90b-582c44b30b65,,builder-gameplay,builder,mimo-v2.5,CPU-ATTACKING-IMPROVEMENT,tool/harness,,tool_failure,run_terminal_command outcome=error,,,~/.grok/sessions/<encoded-cwd>/01a011d3-8d39-7242-8570-235dc18f403d/events.jsonl
15ff269ad1a2f00f0ff4,2026-08-17T22:37:53.385Z,01a011d3-8d39-7242-8570-235dc18f403d,01a00ff2-6d45-7282-a90b-582c44b30b65,01a011d3-8d39-7242-8570-235dc18f403d:00056,builder-gameplay,builder,mimo-v2.5,CPU-ATTACKING-IMPROVEMENT,provider,,provider_retry,provider retry marker,1,,~/.grok/sessions/<encoded-cwd>/01a011d3-8d39-7242-8570-235dc18f403d/chat_history.jsonl
a9128be9442dcd3cf37f,2026-08-17T22:40:30.680Z,01a011d3-8d39-7242-8570-235dc18f403d,01a00ff2-6d45-7282-a90b-582c44b30b65,,builder-gameplay,builder,mimo-v2.5,CPU-ATTACKING-IMPROVEMENT,tool/harness,,tool_failure,run_terminal_command outcome=error,,,~/.grok/sessions/<encoded-cwd>/01a011d3-8d39-7242-8570-235dc18f403d/events.jsonl
1a75650d1e9bb7b75ee7,2026-08-17T22:40:41.492Z,01a011d3-8d39-7242-8570-235dc18f403d,01a00ff2-6d45-7282-a90b-582c44b30b65,,builder-gameplay,builder,mimo-v2.5,CPU-ATTACKING-IMPROVEMENT,tool/harness,,tool_failure,run_terminal_command outcome=error,,,~/.grok/sessions/<encoded-cwd>/01a011d3-8d39-7242-8570-235dc18f403d/events.jsonl
1480a0bf1439ff12cb20,2026-08-17T22:41:45.699Z,01a011d3-8d39-7242-8570-235dc18f403d,01a00ff2-6d45-7282-a90b-582c44b30b65,,builder-gameplay,builder,mimo-v2.5,CPU-ATTACKING-IMPROVEMENT,tool/harness,,tool_failure,run_terminal_command outcome=error,,,~/.grok/sessions/<encoded-cwd>/01a011d3-8d39-7242-8570-235dc18f403d/events.jsonl
bc665bb27a491ef79cbc,2026-08-17T22:42:47.902Z,01a011d3-8d39-7242-8570-235dc18f403d,01a00ff2-6d45-7282-a90b-582c44b30b65,,builder-gameplay,builder,mimo-v2.5,CPU-ATTACKING-IMPROVEMENT,tool/harness,,tool_failure,run_terminal_command outcome=error,,,~/.grok/sessions/<encoded-cwd>/01a011d3-8d39-7242-8570-235dc18f403d/events.jsonl
0e23dbe532dfc1bed36e,2026-08-17T22:50:03.791Z,01a00ff2-6d45-7282-a90b-582c44b30b65,,,grok-build-plan,parent/orchestrator,deepseek-v4-flash,BROWSER-CONTROLLED-PLAYER-INDICATOR,tool/harness,,tool_failure,run_terminal_command outcome=error,,,~/.grok/sessions/<encoded-cwd>/01a00ff2-6d45-7282-a90b-582c44b30b65/events.jsonl
9ee30a9a45c0425d00f6,2026-08-17T22:50:24.490Z,01a00ff2-6d45-7282-a90b-582c44b30b65,,,grok-build-plan,parent/orchestrator,deepseek-v4-flash,BROWSER-CONTROLLED-PLAYER-INDICATOR,tool/harness,,tool_failure,run_terminal_command outcome=error,,,~/.grok/sessions/<encoded-cwd>/01a00ff2-6d45-7282-a90b-582c44b30b65/events.jsonl
fc4ef52feba26289edab,2026-08-17T22:55:57.867Z,01a011eb-a5c7-7f81-9766-fc9381b8ddba,01a00ff2-6d45-7282-a90b-582c44b30b65,,critic-flash,critic,deepseek-v4-flash,CPU-ATTACKING-IMPROVEMENT,tool/harness,,tool_failure,run_terminal_command outcome=error,,,~/.grok/sessions/<encoded-cwd>/01a011eb-a5c7-7f81-9766-fc9381b8ddba/events.jsonl
b8714df903a2f0cb7e2e,2026-08-17T22:56:13.317Z,01a011eb-a5c7-7f81-9766-fc9381b8ddba,01a00ff2-6d45-7282-a90b-582c44b30b65,,critic-flash,critic,deepseek-v4-flash,CPU-ATTACKING-IMPROVEMENT,tool/harness,,tool_failure,run_terminal_command outcome=error,,,~/.grok/sessions/<encoded-cwd>/01a011eb-a5c7-7f81-9766-fc9381b8ddba/events.jsonl
623bb31bd7952e288a96,2026-08-17T22:59:37.345Z,01a011f1-9764-78b0-90fa-2717667ebc2c,01a00ff2-6d45-7282-a90b-582c44b30b65,,integration-reviewer-flash,integration reviewer,deepseek-v4-flash,CPU-ATTACKING-IMPROVEMENT,tool/harness,,tool_failure,run_terminal_command outcome=error,,,~/.grok/sessions/<encoded-cwd>/01a011f1-9764-78b0-90fa-2717667ebc2c/events.jsonl
db76b23c4908f2980023,2026-08-17T23:35:34.793Z,01a00ff2-6d45-7282-a90b-582c44b30b65,,,grok-build-plan,parent/orchestrator,deepseek-v4-flash,BROWSER-CONTROLLED-PLAYER-INDICATOR,tool/harness,,tool_failure,run_terminal_command outcome=error,,,~/.grok/sessions/<encoded-cwd>/01a00ff2-6d45-7282-a90b-582c44b30b65/events.jsonl
197b4b03667a5f02e581,2026-08-17T23:35:57.589Z,01a01214-e4b5-7cf3-904d-c30aa0b5e350,01a00ff2-6d45-7282-a90b-582c44b30b65,,builder-gameplay,builder,mimo-v2.5,HUMAN-PASS-DIRECTION-CONTROL,tool/harness,,tool_failure,list_dir outcome=error,,,~/.grok/sessions/<encoded-cwd>/01a01214-e4b5-7cf3-904d-c30aa0b5e350/events.jsonl
5925180ba1f3ef3864a4,2026-08-17T23:39:07.805Z,01a01214-e4b5-7cf3-904d-c30aa0b5e350,01a00ff2-6d45-7282-a90b-582c44b30b65,,builder-gameplay,builder,mimo-v2.5,HUMAN-PASS-DIRECTION-CONTROL,tool/harness,,tool_failure,run_terminal_command outcome=error,,,~/.grok/sessions/<encoded-cwd>/01a01214-e4b5-7cf3-904d-c30aa0b5e350/events.jsonl
7a954f5489305a314540,2026-08-17T23:42:34.677Z,01a01214-e4b5-7cf3-904d-c30aa0b5e350,01a00ff2-6d45-7282-a90b-582c44b30b65,,builder-gameplay,builder,mimo-v2.5,HUMAN-PASS-DIRECTION-CONTROL,tool/harness,,tool_failure,run_terminal_command outcome=error,,,~/.grok/sessions/<encoded-cwd>/01a01214-e4b5-7cf3-904d-c30aa0b5e350/events.jsonl
981e13a69cce6f3dad51,2026-08-17T23:46:19.452Z,01a01214-e4b5-7cf3-904d-c30aa0b5e350,01a00ff2-6d45-7282-a90b-582c44b30b65,,builder-gameplay,builder,mimo-v2.5,HUMAN-PASS-DIRECTION-CONTROL,tool/harness,,tool_failure,run_terminal_command outcome=error,,,~/.grok/sessions/<encoded-cwd>/01a01214-e4b5-7cf3-904d-c30aa0b5e350/events.jsonl
71bea5fb1e1e00ab8bd3,2026-08-17T23:54:44.742Z,01a00ff2-6d45-7282-a90b-582c44b30b65,,,grok-build-plan,parent/orchestrator,deepseek-v4-flash,BROWSER-CONTROLLED-PLAYER-INDICATOR,tool/harness,,tool_failure,run_terminal_command outcome=error,,,~/.grok/sessions/<encoded-cwd>/01a00ff2-6d45-7282-a90b-582c44b30b65/events.jsonl
e6434fdb2d377d255078,2026-08-17T23:57:22.719Z,01a01226-883a-79e3-8b59-562cfdbc81ea,01a00ff2-6d45-7282-a90b-582c44b30b65,,critic-flash,critic,deepseek-v4-flash,HUMAN-PASS-DIRECTION-CONTROL,tool/harness,,tool_failure,run_terminal_command outcome=error,,,~/.grok/sessions/<encoded-cwd>/01a01226-883a-79e3-8b59-562cfdbc81ea/events.jsonl
339e06a870fbc440beff,2026-08-18T00:08:21.666Z,01a01230-665d-7711-b124-604b00d31d90,01a00ff2-6d45-7282-a90b-582c44b30b65,,integration-reviewer-flash,integration reviewer,deepseek-v4-flash,HUMAN-PASS-DIRECTION-CONTROL,tool/harness,,tool_failure,run_terminal_command outcome=error,,,~/.grok/sessions/<encoded-cwd>/01a01230-665d-7711-b124-604b00d31d90/events.jsonl
349b19e6c210c805bb24,2026-08-18T00:13:27.371Z,01a01230-665d-7711-b124-604b00d31d90,01a00ff2-6d45-7282-a90b-582c44b30b65,,integration-reviewer-flash,integration reviewer,deepseek-v4-flash,HUMAN-PASS-DIRECTION-CONTROL,tool/harness,,tool_failure,run_terminal_command outcome=error,,,~/.grok/sessions/<encoded-cwd>/01a01230-665d-7711-b124-604b00d31d90/events.jsonl
33f327f204f8debf7c60,2026-08-18T00:35:13.747Z,01a00ff2-6d45-7282-a90b-582c44b30b65,,,grok-build-plan,parent/orchestrator,deepseek-v4-flash,BROWSER-CONTROLLED-PLAYER-INDICATOR,tool/harness,,tool_failure,search_replace outcome=error,,,~/.grok/sessions/<encoded-cwd>/01a00ff2-6d45-7282-a90b-582c44b30b65/events.jsonl
ab7bdb6df10ec0cd59e5,2026-08-18T00:37:29.489Z,01a00ff2-6d45-7282-a90b-582c44b30b65,,,grok-build-plan,parent/orchestrator,deepseek-v4-flash,BROWSER-CONTROLLED-PLAYER-INDICATOR,tool/harness,,tool_failure,run_terminal_command outcome=error,,,~/.grok/sessions/<encoded-cwd>/01a00ff2-6d45-7282-a90b-582c44b30b65/events.jsonl
373354c694d35506409a,2026-08-18T00:59:25.386Z,01a0125c-5e98-72f3-bec6-a160e93817ca,01a00ff2-6d45-7282-a90b-582c44b30b65,,builder-gameplay,builder,mimo-v2.5,HUMAN-SHOT-DIRECTION-CONTROL,tool/harness,,tool_failure,run_terminal_command outcome=error,,,~/.grok/sessions/<encoded-cwd>/01a0125c-5e98-72f3-bec6-a160e93817ca/events.jsonl
3da103f00ea846a5a17b,2026-08-18T01:03:07.102Z,01a0125c-5e98-72f3-bec6-a160e93817ca,01a00ff2-6d45-7282-a90b-582c44b30b65,,builder-gameplay,builder,mimo-v2.5,HUMAN-SHOT-DIRECTION-CONTROL,tool/harness,,tool_failure,run_terminal_command outcome=error,,,~/.grok/sessions/<encoded-cwd>/01a0125c-5e98-72f3-bec6-a160e93817ca/events.jsonl
cd901683a8875d9fe3f8,2026-08-18T01:09:16.624Z,01a00ff2-6d45-7282-a90b-582c44b30b65,,,grok-build-plan,parent/orchestrator,deepseek-v4-flash,BROWSER-CONTROLLED-PLAYER-INDICATOR,tool/harness,,tool_failure,run_terminal_command outcome=error,,,~/.grok/sessions/<encoded-cwd>/01a00ff2-6d45-7282-a90b-582c44b30b65/events.jsonl
abd1c77375daf635b13f,2026-08-18T01:17:12.887Z,01a0126a-d078-72f0-b1ac-e6cd4d87d5a9,01a00ff2-6d45-7282-a90b-582c44b30b65,,critic-flash,critic,deepseek-v4-flash,HUMAN-SHOT-DIRECTION-CONTROL,tool/harness,,tool_failure,run_terminal_command outcome=error,,,~/.grok/sessions/<encoded-cwd>/01a0126a-d078-72f0-b1ac-e6cd4d87d5a9/events.jsonl
519095ed455ae8f2198a,2026-08-18T01:21:05.856Z,01a01273-1302-7f60-afc8-b6000bfc5e05,01a00ff2-6d45-7282-a90b-582c44b30b65,,integration-reviewer-flash,integration reviewer,deepseek-v4-flash,HUMAN-SHOT-DIRECTION-CONTROL,tool/harness,,tool_failure,run_terminal_command outcome=error,,,~/.grok/sessions/<encoded-cwd>/01a01273-1302-7f60-afc8-b6000bfc5e05/events.jsonl
bb10e2177ca40d92b6e6,2026-08-18T01:26:13.752Z,01a01273-1302-7f60-afc8-b6000bfc5e05,01a00ff2-6d45-7282-a90b-582c44b30b65,,integration-reviewer-flash,integration reviewer,deepseek-v4-flash,HUMAN-SHOT-DIRECTION-CONTROL,tool/harness,,tool_failure,run_terminal_command outcome=error,,,~/.grok/sessions/<encoded-cwd>/01a01273-1302-7f60-afc8-b6000bfc5e05/events.jsonl
0c5be08e8e27bec2488b,2026-08-18T01:26:48.376Z,01a01273-1302-7f60-afc8-b6000bfc5e05,01a00ff2-6d45-7282-a90b-582c44b30b65,,integration-reviewer-flash,integration reviewer,deepseek-v4-flash,HUMAN-SHOT-DIRECTION-CONTROL,tool/harness,,tool_failure,run_terminal_command outcome=error,,,~/.grok/sessions/<encoded-cwd>/01a01273-1302-7f60-afc8-b6000bfc5e05/events.jsonl
761528c49e1ab969611f,2026-08-18T01:27:58.809Z,01a01273-1302-7f60-afc8-b6000bfc5e05,01a00ff2-6d45-7282-a90b-582c44b30b65,,integration-reviewer-flash,integration reviewer,deepseek-v4-flash,HUMAN-SHOT-DIRECTION-CONTROL,tool/harness,,tool_failure,run_terminal_command outcome=error,,,~/.grok/sessions/<encoded-cwd>/01a01273-1302-7f60-afc8-b6000bfc5e05/events.jsonl
0a44c905bdc4a1d8c30a,2026-08-18T01:27:58.999Z,01a01273-1302-7f60-afc8-b6000bfc5e05,01a00ff2-6d45-7282-a90b-582c44b30b65,,integration-reviewer-flash,integration reviewer,deepseek-v4-flash,HUMAN-SHOT-DIRECTION-CONTROL,tool/harness,,tool_failure,run_terminal_command outcome=error,,,~/.grok/sessions/<encoded-cwd>/01a01273-1302-7f60-afc8-b6000bfc5e05/events.jsonl
91147f764d77705143cf,2026-08-18T01:33:06.673Z,01a01273-1302-7f60-afc8-b6000bfc5e05,01a00ff2-6d45-7282-a90b-582c44b30b65,,integration-reviewer-flash,integration reviewer,deepseek-v4-flash,HUMAN-SHOT-DIRECTION-CONTROL,tool/harness,,tool_failure,run_terminal_command outcome=cancelled,,,~/.grok/sessions/<encoded-cwd>/01a01273-1302-7f60-afc8-b6000bfc5e05/events.jsonl
974173d0c41078e8bc60,2026-08-18T02:13:22.580Z,01a012a4-7322-7c82-8b2d-6ff45639080c,,,grok-build-plan,parent/orchestrator,deepseek-v4-flash,BROWSER-3V3-MATCH,tool/harness,,tool_failure,run_terminal_command outcome=error,,,~/.grok/sessions/<encoded-cwd>/01a012a4-7322-7c82-8b2d-6ff45639080c/events.jsonl
f2bff222b5d5fc57983c,2026-08-18T02:43:45.342Z,01a012bb-70ed-7593-b25b-429690a57dab,01a012a4-7322-7c82-8b2d-6ff45639080c,01a012bb-70ed-7593-b25b-429690a57dab:00000,critic,critic,deepseek-v4-flash-0731,HUMAN-SHOT-DIRECTION-CONTROL,provider,,provider_retry,provider retry marker,14,,~/.grok/sessions/<encoded-cwd>/01a012bb-70ed-7593-b25b-429690a57dab/chat_history.jsonl
219f8f70d677a43be7cb,2026-08-18T02:43:45.394534365Z,01a012bb-70ed-7593-b25b-429690a57dab,01a012a4-7322-7c82-8b2d-6ff45639080c,,critic,critic,deepseek-v4-flash-0731,HUMAN-SHOT-DIRECTION-CONTROL,subagent/harness,500,subagent_failed,"Session error: Internal error: {
  ""message"": ""API error (status 500 Internal Server Error): monthly_cap_reached: deepseek-v4-flash-0731 allowance exhausted: 500,447,721 of 500,000,000 tokens used in the current period, 0 left. The counter resets when your allowance period rolls over, on 2026-09-01 00:00 UTC, in 13d21h. Your remaining allowance is on the dashboard at clo…"",
  ""http_status"": 500
}",,failed,~/.grok/sessions/<encoded-cwd>/01a012a4-7322-7c82-8b2d-6ff45639080c/subagents/01a012bb-70ed-7593-b25b-429690a57dab/meta.json
909aaa469e9547be9dea,2026-08-18T02:56:37.713Z,01a012c9-1855-7b43-a2bb-9633080dff2d,01a012a4-7322-7c82-8b2d-6ff45639080c,,integration-reviewer-flash,integration reviewer,deepseek-v4-flash,HUMAN-SHOT-DIRECTION-CONTROL,tool/harness,,tool_failure,run_terminal_command outcome=error,,,~/.grok/sessions/<encoded-cwd>/01a012c9-1855-7b43-a2bb-9633080dff2d/events.jsonl
ce7c2c29b89aa4955022,2026-08-18T03:06:55.866Z,01a012a4-7322-7c82-8b2d-6ff45639080c,,01a012a4-7322-7c82-8b2d-6ff45639080c:00056,orchestrator-deepseek,parent/orchestrator,deepseek-v4-flash,HUMAN-SHOT-DIRECTION-CONTROL,provider,502,provider_http_error,"HTTP 502: System error, please try again later.",0,completed/end_turn,~/.grok/sessions/<encoded-cwd>/01a012a4-7322-7c82-8b2d-6ff45639080c/chat_history.jsonl
81245c97bde5ef8d82ac,2026-08-18T03:46:59.871Z,01a012a4-7322-7c82-8b2d-6ff45639080c,,,grok-build-plan,parent/orchestrator,deepseek-v4-flash,BROWSER-3V3-MATCH,tool/harness,,tool_failure,run_terminal_command outcome=error,,,~/.grok/sessions/<encoded-cwd>/01a012a4-7322-7c82-8b2d-6ff45639080c/events.jsonl
9c4882a7cd3d6fdc221a,2026-08-18T03:47:45.471Z,01a012a4-7322-7c82-8b2d-6ff45639080c,,,grok-build-plan,parent/orchestrator,deepseek-v4-flash,BROWSER-3V3-MATCH,tool/harness,,tool_failure,run_terminal_command outcome=error,,,~/.grok/sessions/<encoded-cwd>/01a012a4-7322-7c82-8b2d-6ff45639080c/events.jsonl
e02580e99222d2c77272,2026-08-18T03:59:55.809Z,01a01301-29d8-79d2-b187-d218949dd78c,01a012a4-7322-7c82-8b2d-6ff45639080c,,builder-gameplay,builder,mimo-v2.5,HUMAN-THROUGH-BALL,tool/harness,,tool_failure,run_terminal_command outcome=error,,,~/.grok/sessions/<encoded-cwd>/01a01301-29d8-79d2-b187-d218949dd78c/events.jsonl
e8ac0dce7927245a681a,2026-08-18T04:02:58.925Z,01a01301-29d8-79d2-b187-d218949dd78c,01a012a4-7322-7c82-8b2d-6ff45639080c,,builder-gameplay,builder,mimo-v2.5,HUMAN-THROUGH-BALL,tool/harness,,tool_failure,run_terminal_command outcome=error,,,~/.grok/sessions/<encoded-cwd>/01a01301-29d8-79d2-b187-d218949dd78c/events.jsonl
d056940a2a3de053b33c,2026-08-18T04:05:19.149Z,01a01301-29d8-79d2-b187-d218949dd78c,01a012a4-7322-7c82-8b2d-6ff45639080c,,builder-gameplay,builder,mimo-v2.5,HUMAN-THROUGH-BALL,tool/harness,,tool_failure,run_terminal_command outcome=error,,,~/.grok/sessions/<encoded-cwd>/01a01301-29d8-79d2-b187-d218949dd78c/events.jsonl
03ebd6bcd9b75cd41165,2026-08-18T04:08:13.362Z,01a012a4-7322-7c82-8b2d-6ff45639080c,,01a012a4-7322-7c82-8b2d-6ff45639080c:00119,orchestrator-deepseek,parent/orchestrator,deepseek-v4-flash,HUMAN-THROUGH-BALL,provider,,provider_retry,provider retry marker,1,,~/.grok/sessions/<encoded-cwd>/01a012a4-7322-7c82-8b2d-6ff45639080c/chat_history.jsonl
c6b8fd989d76803343b2,2026-08-18T04:15:05.587Z,01a012a4-7322-7c82-8b2d-6ff45639080c,,,grok-build-plan,parent/orchestrator,deepseek-v4-flash,BROWSER-3V3-MATCH,tool/harness,,tool_failure,search_replace outcome=error,,,~/.grok/sessions/<encoded-cwd>/01a012a4-7322-7c82-8b2d-6ff45639080c/events.jsonl
621493446a92dba58e33,2026-08-18T04:15:29.454Z,01a012a4-7322-7c82-8b2d-6ff45639080c,,,grok-build-plan,parent/orchestrator,deepseek-v4-flash,BROWSER-3V3-MATCH,tool/harness,,tool_failure,search_replace outcome=error,,,~/.grok/sessions/<encoded-cwd>/01a012a4-7322-7c82-8b2d-6ff45639080c/events.jsonl
3b183db6820371e91a67,2026-08-18T04:17:17.519Z,01a01316-73f6-7053-8b3b-d838e12a54e0,01a012a4-7322-7c82-8b2d-6ff45639080c,,builder-gameplay,builder,mimo-v2.5,CPU-INTERCEPTION-AWARENESS,tool/harness,,tool_failure,read_file outcome=error,,,~/.grok/sessions/<encoded-cwd>/01a01316-73f6-7053-8b3b-d838e12a54e0/events.jsonl
0b81f51408efa33f19fb,2026-08-18T04:17:17.637Z,01a01316-73f6-7053-8b3b-d838e12a54e0,01a012a4-7322-7c82-8b2d-6ff45639080c,,builder-gameplay,builder,mimo-v2.5,CPU-INTERCEPTION-AWARENESS,tool/harness,,tool_failure,read_file outcome=error,,,~/.grok/sessions/<encoded-cwd>/01a01316-73f6-7053-8b3b-d838e12a54e0/events.jsonl
6487d084ceddbe695a32,2026-08-18T04:17:20.300Z,01a01316-73f6-7053-8b3b-d838e12a54e0,01a012a4-7322-7c82-8b2d-6ff45639080c,,builder-gameplay,builder,mimo-v2.5,CPU-INTERCEPTION-AWARENESS,tool/harness,,tool_failure,list_dir outcome=error,,,~/.grok/sessions/<encoded-cwd>/01a01316-73f6-7053-8b3b-d838e12a54e0/events.jsonl
dcbb2bf2d929757afa66,2026-08-18T04:18:20.918Z,01a01316-73f6-7053-8b3b-d838e12a54e0,01a012a4-7322-7c82-8b2d-6ff45639080c,,builder-gameplay,builder,mimo-v2.5,CPU-INTERCEPTION-AWARENESS,tool/harness,,tool_failure,search_replace outcome=error,,,~/.grok/sessions/<encoded-cwd>/01a01316-73f6-7053-8b3b-d838e12a54e0/events.jsonl
a11f947e516bfca0a64f,2026-08-18T04:24:06.277Z,01a01316-73f6-7053-8b3b-d838e12a54e0,01a012a4-7322-7c82-8b2d-6ff45639080c,,builder-gameplay,builder,mimo-v2.5,CPU-INTERCEPTION-AWARENESS,tool/harness,,tool_failure,run_terminal_command outcome=error,,,~/.grok/sessions/<encoded-cwd>/01a01316-73f6-7053-8b3b-d838e12a54e0/events.jsonl
f21c6ad213587a93f1c2,2026-08-18T04:26:28.582Z,01a01316-73f6-7053-8b3b-d838e12a54e0,01a012a4-7322-7c82-8b2d-6ff45639080c,,builder-gameplay,builder,mimo-v2.5,CPU-INTERCEPTION-AWARENESS,tool/harness,,tool_failure,run_terminal_command outcome=error,,,~/.grok/sessions/<encoded-cwd>/01a01316-73f6-7053-8b3b-d838e12a54e0/events.jsonl
749bf1ab162ae9c9f17c,2026-08-18T04:27:25.771Z,01a01316-73f6-7053-8b3b-d838e12a54e0,01a012a4-7322-7c82-8b2d-6ff45639080c,,builder-gameplay,builder,mimo-v2.5,CPU-INTERCEPTION-AWARENESS,tool/harness,,tool_failure,search_replace outcome=error,,,~/.grok/sessions/<encoded-cwd>/01a01316-73f6-7053-8b3b-d838e12a54e0/events.jsonl
627bcb13d84083d7f439,2026-08-18T04:32:12.489Z,01a01316-73f6-7053-8b3b-d838e12a54e0,01a012a4-7322-7c82-8b2d-6ff45639080c,,builder-gameplay,builder,mimo-v2.5,CPU-INTERCEPTION-AWARENESS,tool/harness,,tool_failure,run_terminal_command outcome=error,,,~/.grok/sessions/<encoded-cwd>/01a01316-73f6-7053-8b3b-d838e12a54e0/events.jsonl
85e3249b4d7b59c021a3,2026-08-18T04:35:01.109Z,01a012a4-7322-7c82-8b2d-6ff45639080c,,01a012a4-7322-7c82-8b2d-6ff45639080c:00155,orchestrator-deepseek,parent/orchestrator,deepseek-v4-flash,CPU-INTERCEPTION-AWARENESS,provider,,provider_retry,provider retry marker,1,,~/.grok/sessions/<encoded-cwd>/01a012a4-7322-7c82-8b2d-6ff45639080c/chat_history.jsonl
d3cac2e12f5badae6b29,2026-08-18T04:37:51.598Z,01a01327-0831-7b12-95dc-542a561f4cd7,01a012a4-7322-7c82-8b2d-6ff45639080c,,critic-flash,critic,deepseek-v4-flash,CPU-INTERCEPTION-AWARENESS,tool/harness,,tool_failure,run_terminal_command outcome=error,,,~/.grok/sessions/<encoded-cwd>/01a01327-0831-7b12-95dc-542a561f4cd7/events.jsonl
8816c98c455ccbdd1128,2026-08-18T04:38:53.361Z,01a0132a-08b4-7090-a2c2-c33a051044d7,01a012a4-7322-7c82-8b2d-6ff45639080c,,integration-reviewer-flash,integration reviewer,deepseek-v4-flash,CPU-INTERCEPTION-AWARENESS,tool/harness,,tool_failure,run_terminal_command outcome=error,,,~/.grok/sessions/<encoded-cwd>/01a0132a-08b4-7090-a2c2-c33a051044d7/events.jsonl
e3055c915cf3302159f3,2026-08-18T04:40:10.121Z,01a0132a-08b4-7090-a2c2-c33a051044d7,01a012a4-7322-7c82-8b2d-6ff45639080c,,integration-reviewer-flash,integration reviewer,deepseek-v4-flash,CPU-INTERCEPTION-AWARENESS,tool/harness,,tool_failure,run_terminal_command outcome=error,,,~/.grok/sessions/<encoded-cwd>/01a0132a-08b4-7090-a2c2-c33a051044d7/events.jsonl
1e347c4e648db7f3889c,2026-08-18T04:41:14.846Z,01a0132a-08b4-7090-a2c2-c33a051044d7,01a012a4-7322-7c82-8b2d-6ff45639080c,,integration-reviewer-flash,integration reviewer,deepseek-v4-flash,CPU-INTERCEPTION-AWARENESS,tool/harness,,tool_failure,run_terminal_command outcome=error,,,~/.grok/sessions/<encoded-cwd>/01a0132a-08b4-7090-a2c2-c33a051044d7/events.jsonl
a9c9d1b4283dcf39dca2,2026-08-18T04:44:05.646Z,01a0132a-08b4-7090-a2c2-c33a051044d7,01a012a4-7322-7c82-8b2d-6ff45639080c,,integration-reviewer-flash,integration reviewer,deepseek-v4-flash,CPU-INTERCEPTION-AWARENESS,tool/harness,,tool_failure,run_terminal_command outcome=error,,,~/.grok/sessions/<encoded-cwd>/01a0132a-08b4-7090-a2c2-c33a051044d7/events.jsonl
b9fe5332864b979d77b8,2026-08-18T04:44:13.444Z,01a0132a-08b4-7090-a2c2-c33a051044d7,01a012a4-7322-7c82-8b2d-6ff45639080c,,integration-reviewer-flash,integration reviewer,deepseek-v4-flash,CPU-INTERCEPTION-AWARENESS,tool/harness,,tool_failure,run_terminal_command outcome=error,,,~/.grok/sessions/<encoded-cwd>/01a0132a-08b4-7090-a2c2-c33a051044d7/events.jsonl
0723fc0f52bb59d6d6c0,2026-08-18T04:49:38.004Z,01a0132a-08b4-7090-a2c2-c33a051044d7,01a012a4-7322-7c82-8b2d-6ff45639080c,,integration-reviewer-flash,integration reviewer,deepseek-v4-flash,CPU-INTERCEPTION-AWARENESS,tool/harness,,tool_failure,run_terminal_command outcome=error,,,~/.grok/sessions/<encoded-cwd>/01a0132a-08b4-7090-a2c2-c33a051044d7/events.jsonl
